SEASON_ID,TEAM_ID,TEAM_ABBREVIATION,TEAM_NAME,GAME_ID,GAME_DATE,MATCHUP,WL,MIN,PTS,FGM,FGA,FG_PCT,FG3M,FG3A,FG3_PCT,FTM,FTA,FT_PCT,OREB,DREB,REB,AST,STL,BLK,TOV,PF,PLUS_MINUS
22020,1610612748,MIA,Miami Heat,0022001069,2021-05-16,MIA @ DET,W,241,120,47,84,0.56,13,34,0.382,13,20,0.65,6,33,39,32,11,5,10,19,13.0
22020,1610612753,ORL,Orlando Magic,0022001075,2021-05-16,ORL @ PHI,L,240,117,36,76,0.474,10,28,0.357,35,41,0.854,9,38,47,23,4,3,16,25,-11.0
22020,1610612750,MIN,Minnesota Timberwolves,0022001071,2021-05-16,MIN vs. DAL,W,241,136,49,90,0.544,17,40,0.425,21,25,0.84,11,27,38,35,11,4,9,22,15.0
22020,1610612755,PHI,Philadelphia 76ers,0022001075,2021-05-16,PHI vs. ORL,W,241,128,46,94,0.489,19,40,0.475,17,23,0.739,9,32,41,35,8,5,11,27,11.0
22020,1610612752,NYK,New York Knicks,0022001073,2021-05-16,NYK vs. BOS,W,238,96,34,79,0.43,13,27,0.481,15,19,0.789,4,37,41,16,7,6,10,17,4.0
22020,1610612757,POR,Portland Trail Blazers,0022001076,2021-05-16,POR vs. DEN,W,238,132,46,87,0.529,18,43,0.419,22,26,0.846,11,40,51,24,3,6,13,16,16.0
22020,1610612749,MIL,Milwaukee Bucks,0022001068,2021-05-16,MIL @ CHI,L,241,112,38,90,0.422,12,37,0.324,24,32,0.75,10,31,41,14,13,5,11,16,-6.0
22020,1610612758,SAC,Sacramento Kings,0022001077,2021-05-16,SAC vs. UTA,L,241,99,42,90,0.467,9,30,0.3,6,10,0.6,5,34,39,24,10,5,12,22,-22.0
22020,1610612766,CHA,Charlotte Hornets,0022001080,2021-05-16,CHA @ WAS,L,240,110,37,94,0.394,14,45,0.311,22,24,0.917,10,32,42,25,8,5,11,15,-5.0
22020,1610612765,DET,Detroit Pistons,0022001069,2021-05-16,DET vs. MIA,L,240,107,40,86,0.465,11,35,0.314,16,22,0.727,7,26,33,26,4,4,16,21,-13.0
22020,1610612742,DAL,Dallas Mavericks,0022001071,2021-05-16,DAL @ MIN,L,239,121,44,91,0.484,16,38,0.421,17,20,0.85,11,27,38,32,5,5,16,19,-15.0
22020,1610612744,GSW,Golden State Warriors,0022001070,2021-05-16,GSW vs. MEM,W,240,113,41,83,0.494,15,39,0.385,16,18,0.889,12,34,46,26,9,4,19,19,12.0
22020,1610612738,BOS,Boston Celtics,0022001073,2021-05-16,BOS @ NYK,L,240,92,35,86,0.407,11,41,0.268,11,15,0.733,9,37,46,19,4,6,12,19,-4.0
22020,1610612751,BKN,Brooklyn Nets,0022001067,2021-05-16,BKN vs. CLE,W,240,123,47,83,0.566,16,30,0.533,13,17,0.765,4,33,37,35,9,9,12,20,14.0
22020,1610612740,NOP,New Orleans Pelicans,0022001072,2021-05-16,NOP vs. LAL,L,241,98,37,78,0.474,9,25,0.36,15,21,0.714,8,39,47,26,4,5,21,18,-12.0
22020,1610612762,UTA,Utah Jazz,0022001077,2021-05-16,UTA @ SAC,W,239,121,41,86,0.477,18,39,0.462,21,25,0.84,9,41,50,28,9,3,16,14,22.0
22020,1610612756,PHX,Phoenix Suns,0022001078,2021-05-16,PHX @ SAS,W,240,123,53,104,0.51,13,35,0.371,4,4,1.0,10,38,48,36,7,5,8,13,2.0
22020,1610612759,SAS,San Antonio Spurs,0022001078,2021-05-16,SAS vs. PHX,L,240,121,50,98,0.51,7,24,0.292,14,19,0.737,11,35,46,30,5,5,10,8,-2.0
22020,1610612760,OKC,Oklahoma City Thunder,0022001074,2021-05-16,OKC vs. LAC,W,239,117,50,94,0.532,8,26,0.308,9,16,0.563,14,40,54,20,1,12,15,11,5.0
22020,1610612739,CLE,Cleveland Cavaliers,0022001067,2021-05-16,CLE @ BKN,L,239,109,38,85,0.447,12,39,0.308,21,31,0.677,11,34,45,16,8,5,14,14,-14.0
22020,1610612764,WAS,Washington Wizards,0022001080,2021-05-16,WAS vs. CHA,W,241,115,44,91,0.484,10,31,0.323,17,21,0.81,10,43,53,22,4,3,14,20,5.0
22020,1610612737,ATL,Atlanta Hawks,0022001066,2021-05-16,ATL vs. HOU,W,240,124,49,90,0.544,7,21,0.333,19,26,0.731,11,45,56,32,10,8,13,16,29.0
22020,1610612741,CHI,Chicago Bulls,0022001068,2021-05-16,CHI vs. MIL,W,241,118,45,87,0.517,14,32,0.438,14,19,0.737,8,37,45,23,8,8,16,20,6.0
22020,1610612754,IND,Indiana Pacers,0022001079,2021-05-16,IND @ TOR,W,239,125,48,95,0.505,15,37,0.405,14,18,0.778,10,37,47,34,8,3,13,19,12.0
22020,1610612747,LAL,Los Angeles Lakers,0022001072,2021-05-16,LAL @ NOP,W,238,110,45,96,0.469,11,35,0.314,9,15,0.6,8,34,42,30,14,5,9,16,12.0
22020,1610612745,HOU,Houston Rockets,0022001066,2021-05-16,HOU @ ATL,L,239,95,31,92,0.337,18,63,0.286,15,20,0.75,11,32,43,25,8,5,15,18,-29.0
22020,1610612746,LAC,LA Clippers,0022001074,2021-05-16,LAC @ OKC,L,240,112,45,106,0.425,10,43,0.233,12,15,0.8,16,28,44,17,8,3,3,14,-5.0
22020,1610612761,TOR,Toronto Raptors,0022001079,2021-05-16,TOR vs. IND,L,240,113,39,97,0.402,12,38,0.316,23,29,0.793,16,32,48,21,8,3,12,12,-12.0
22020,1610612743,DEN,Denver Nuggets,0022001076,2021-05-16,DEN @ POR,L,240,116,44,98,0.449,14,37,0.378,14,15,0.933,10,26,36,20,8,2,6,20,-16.0
22020,1610612763,MEM,Memphis Grizzlies,0022001070,2021-05-16,MEM @ GSW,L,241,101,40,92,0.435,6,25,0.24,15,19,0.789,12,27,39,25,12,5,12,21,-12.0
22020,1610612754,IND,Indiana Pacers,0022001061,2021-05-15,IND vs. LAL,L,241,115,46,89,0.517,9,33,0.273,14,19,0.737,8,29,37,28,10,8,13,23,-7.0
22020,1610612766,CHA,Charlotte Hornets,0022001064,2021-05-15,CHA @ NYK,L,265,109,39,102,0.382,13,49,0.265,18,24,0.75,15,36,51,28,5,2,8,18,-9.0
22020,1610612747,LAL,Los Angeles Lakers,0022001061,2021-05-15,LAL @ IND,W,241,122,41,86,0.477,11,29,0.379,29,36,0.806,11,34,45,25,5,3,13,15,7.0
22020,1610612738,BOS,Boston Celtics,0022001063,2021-05-15,BOS @ MIN,W,240,124,46,95,0.484,18,42,0.429,14,18,0.778,9,35,44,27,8,6,14,24,16.0
22020,1610612752,NYK,New York Knicks,0022001064,2021-05-15,NYK vs. CHA,W,263,118,45,88,0.511,16,37,0.432,12,15,0.8,7,43,50,29,3,7,9,20,9.0
22020,1610612756,PHX,Phoenix Suns,0022001065,2021-05-15,PHX @ SAS,W,238,140,52,94,0.553,15,33,0.455,21,22,0.955,7,40,47,32,10,1,10,15,37.0
22020,1610612741,CHI,Chicago Bulls,0022001060,2021-05-15,CHI @ BKN,L,238,91,34,98,0.347,11,41,0.268,12,17,0.706,19,33,52,24,7,4,9,13,-14.0
22020,1610612750,MIN,Minnesota Timberwolves,0022001063,2021-05-15,MIN vs. BOS,L,242,108,39,95,0.411,5,37,0.135,25,34,0.735,20,31,51,22,8,7,12,19,-16.0
22020,1610612749,MIL,Milwaukee Bucks,0022001062,2021-05-15,MIL vs. MIA,W,242,122,46,86,0.535,13,35,0.371,17,24,0.708,5,43,48,29,4,3,11,15,14.0
22020,1610612751,BKN,Brooklyn Nets,0022001060,2021-05-15,BKN vs. CHI,W,241,105,41,87,0.471,14,34,0.412,9,15,0.6,8,44,52,26,6,8,9,16,14.0
22020,1610612748,MIA,Miami Heat,0022001062,2021-05-15,MIA @ MIL,L,241,108,40,96,0.417,22,49,0.449,6,8,0.75,9,29,38,25,8,3,11,18,-14.0
22020,1610612759,SAS,San Antonio Spurs,0022001065,2021-05-15,SAS vs. PHX,L,240,103,39,88,0.443,4,26,0.154,21,24,0.875,7,34,41,23,5,2,16,17,-37.0
22020,1610612762,UTA,Utah Jazz,0022001056,2021-05-14,UTA @ OKC,W,240,109,40,93,0.43,13,39,0.333,16,21,0.762,17,36,53,23,9,3,11,17,16.0
22020,1610612745,HOU,Houston Rockets,0022001058,2021-05-14,HOU vs. LAC,W,239,122,46,86,0.535,14,37,0.378,16,22,0.727,8,33,41,30,4,4,15,20,7.0
22020,1610612760,OKC,Oklahoma City Thunder,0022001056,2021-05-14,OKC vs. UTA,L,240,93,36,84,0.429,6,19,0.316,15,16,0.938,10,35,45,13,6,2,15,20,-16.0
22020,1610612764,WAS,Washington Wizards,0022000204,2021-05-14,WAS vs. CLE,W,240,120,41,89,0.461,7,25,0.28,31,37,0.838,12,35,47,23,9,6,10,19,15.0
22020,1610612742,DAL,Dallas Mavericks,0022001057,2021-05-14,DAL vs. TOR,W,239,114,39,90,0.433,17,42,0.405,19,21,0.905,11,31,42,27,4,3,8,18,4.0
22020,1610612746,LAC,LA Clippers,0022001058,2021-05-14,LAC @ HOU,L,240,115,45,93,0.484,11,35,0.314,14,15,0.933,7,28,35,29,9,5,13,15,-7.0
22020,1610612758,SAC,Sacramento Kings,0022000263,2021-05-14,SAC @ MEM,L,241,106,37,96,0.385,10,42,0.238,22,27,0.815,14,42,56,21,7,2,10,21,-1.0
22020,1610612739,CLE,Cleveland Cavaliers,0022000204,2021-05-14,CLE @ WAS,L,240,105,39,84,0.464,10,36,0.278,17,21,0.81,7,37,44,24,4,3,17,21,-15.0
22020,1610612743,DEN,Denver Nuggets,0022001054,2021-05-14,DEN @ DET,W,240,104,42,86,0.488,9,32,0.281,11,14,0.786,9,40,49,29,6,3,11,17,13.0
22020,1610612761,TOR,Toronto Raptors,0022001057,2021-05-14,TOR @ DAL,L,239,110,42,85,0.494,13,38,0.342,13,17,0.765,4,40,44,19,7,5,11,18,-4.0
22020,1610612744,GSW,Golden State Warriors,0022001059,2021-05-14,GSW vs. NOP,W,240,125,42,87,0.483,17,39,0.436,24,30,0.8,8,38,46,29,4,4,11,21,3.0
22020,1610612755,PHI,Philadelphia 76ers,0022001055,2021-05-14,PHI vs. ORL,W,241,122,44,93,0.473,16,34,0.471,18,19,0.947,10,36,46,35,9,8,8,25,25.0
22020,1610612763,MEM,Memphis Grizzlies,0022000263,2021-05-14,MEM vs. SAC,W,239,107,37,84,0.44,11,33,0.333,22,35,0.629,9,40,49,23,8,5,13,20,1.0
22020,1610612740,NOP,New Orleans Pelicans,0022001059,2021-05-14,NOP @ GSW,L,241,122,46,99,0.465,11,27,0.407,19,28,0.679,12,39,51,21,6,3,9,23,-3.0
22020,1610612753,ORL,Orlando Magic,0022001055,2021-05-14,ORL @ PHI,L,240,97,33,83,0.398,10,30,0.333,21,28,0.75,10,34,44,21,4,5,13,15,-25.0
22020,1610612765,DET,Detroit Pistons,0022001054,2021-05-14,DET vs. DEN,L,240,91,34,83,0.41,6,37,0.162,17,23,0.739,9,32,41,21,6,8,9,13,-13.0
22020,1610612759,SAS,San Antonio Spurs,0022000458,2021-05-13,SAS @ NYK,L,240,98,38,91,0.418,6,21,0.286,16,19,0.842,9,38,47,22,4,6,9,16,-4.0
22020,1610612753,ORL,Orlando Magic,0022001049,2021-05-13,ORL @ ATL,L,241,93,36,94,0.383,11,36,0.306,10,15,0.667,16,35,51,24,3,6,14,16,-23.0
22020,1610612750,MIN,Minnesota Timberwolves,0022001052,2021-05-13,MIN vs. DEN,L,240,103,34,80,0.425,16,41,0.39,19,32,0.594,11,32,43,20,3,5,15,17,-11.0
22020,1610612752,NYK,New York Knicks,0022000458,2021-05-13,NYK vs. SAS,W,240,102,35,86,0.407,14,35,0.4,18,18,1.0,10,38,48,23,7,8,10,19,4.0
22020,1610612749,MIL,Milwaukee Bucks,0022001048,2021-05-13,MIL @ IND,W,240,142,54,94,0.574,11,30,0.367,23,31,0.742,10,41,51,34,5,6,12,10,9.0
22020,1610612763,MEM,Memphis Grizzlies,0022000255,2021-05-13,MEM vs. SAC,W,239,116,45,90,0.5,11,33,0.333,15,18,0.833,12,36,48,30,2,9,18,13,6.0
22020,1610612757,POR,Portland Trail Blazers,0022001053,2021-05-13,POR @ PHX,L,240,117,44,81,0.543,15,33,0.455,14,18,0.778,1,32,33,23,7,3,13,18,-1.0
22020,1610612746,LAC,LA Clippers,0022001047,2021-05-13,LAC @ CHA,W,239,113,40,75,0.533,21,45,0.467,12,16,0.75,6,38,44,28,6,6,17,17,23.0
22020,1610612756,PHX,Phoenix Suns,0022001053,2021-05-13,PHX vs. POR,W,241,118,41,88,0.466,13,32,0.406,23,26,0.885,10,32,42,22,4,3,11,17,1.0
22020,1610612741,CHI,Chicago Bulls,0022001051,2021-05-13,CHI vs. TOR,W,240,114,45,83,0.542,17,36,0.472,7,10,0.7,8,43,51,31,4,4,18,15,12.0
22020,1610612743,DEN,Denver Nuggets,0022001052,2021-05-13,DEN @ MIN,W,239,114,46,96,0.479,12,36,0.333,10,11,0.909,14,39,53,30,6,3,12,25,11.0
22020,1610612737,ATL,Atlanta Hawks,0022001049,2021-05-13,ATL vs. ORL,W,239,116,41,94,0.436,14,36,0.389,20,24,0.833,12,37,49,19,9,4,7,16,23.0
22020,1610612755,PHI,Philadelphia 76ers,0022001050,2021-05-13,PHI @ MIA,L,238,94,36,78,0.462,7,25,0.28,15,20,0.75,8,22,30,20,8,1,12,18,-12.0
22020,1610612754,IND,Indiana Pacers,0022001048,2021-05-13,IND vs. MIL,L,241,133,50,110,0.455,21,43,0.488,12,15,0.8,12,28,40,34,6,2,7,22,-9.0
22020,1610612766,CHA,Charlotte Hornets,0022001047,2021-05-13,CHA vs. LAC,L,239,90,33,84,0.393,9,33,0.273,15,19,0.789,8,27,35,24,9,1,10,15,-23.0
22020,1610612758,SAC,Sacramento Kings,0022000255,2021-05-13,SAC @ MEM,L,239,110,42,96,0.438,17,41,0.415,9,14,0.643,13,22,35,33,9,9,10,16,-6.0
22020,1610612748,MIA,Miami Heat,0022001050,2021-05-13,MIA vs. PHI,W,241,106,41,81,0.506,13,35,0.371,11,11,1.0,15,32,47,26,5,6,19,15,12.0
22020,1610612761,TOR,Toronto Raptors,0022001051,2021-05-13,TOR @ CHI,L,239,102,40,90,0.444,12,36,0.333,10,18,0.556,7,25,32,24,16,1,9,14,-12.0
22020,1610612737,ATL,Atlanta Hawks,0022001042,2021-05-12,ATL vs. WAS,W,239,120,44,86,0.512,10,33,0.303,22,28,0.786,7,44,51,22,4,5,14,21,4.0
22020,1610612751,BKN,Brooklyn Nets,0022001043,2021-05-12,BKN vs. SAS,W,240,128,48,79,0.608,12,28,0.429,20,27,0.741,3,40,43,33,3,9,11,19,12.0
22020,1610612759,SAS,San Antonio Spurs,0022001043,2021-05-12,SAS @ BKN,L,242,116,43,101,0.426,8,31,0.258,22,27,0.815,16,30,46,21,7,2,8,19,-12.0
22020,1610612739,CLE,Cleveland Cavaliers,0022001044,2021-05-12,CLE vs. BOS,W,240,102,36,80,0.45,8,24,0.333,22,27,0.815,7,48,55,27,4,6,15,13,8.0
22020,1610612738,BOS,Boston Celtics,0022001044,2021-05-12,BOS @ CLE,L,240,94,36,101,0.356,12,41,0.293,10,14,0.714,13,33,46,14,9,8,7,23,-8.0
22020,1610612757,POR,Portland Trail Blazers,0022001045,2021-05-12,POR @ UTA,W,240,105,40,91,0.44,13,32,0.406,12,17,0.706,9,30,39,17,7,6,5,18,7.0
22020,1610612745,HOU,Houston Rockets,0022001046,2021-05-12,HOU @ LAL,L,240,122,43,85,0.506,18,42,0.429,18,27,0.667,8,33,41,33,7,4,15,23,-2.0
22020,1610612762,UTA,Utah Jazz,0022001045,2021-05-12,UTA vs. POR,L,240,98,35,85,0.412,12,40,0.3,16,21,0.762,15,38,53,15,4,4,10,22,-7.0
22020,1610612747,LAL,Los Angeles Lakers,0022001046,2021-05-12,LAL vs. HOU,W,242,124,52,91,0.571,7,20,0.35,13,22,0.591,8,33,41,28,8,3,11,20,2.0
22020,1610612740,NOP,New Orleans Pelicans,0022000154,2021-05-12,NOP @ DAL,L,241,107,36,87,0.414,7,28,0.25,28,38,0.737,11,33,44,18,5,2,12,18,-18.0
22020,1610612742,DAL,Dallas Mavericks,0022000154,2021-05-12,DAL vs. NOP,W,238,125,47,96,0.49,15,45,0.333,16,20,0.8,9,39,48,23,4,2,8,27,18.0
22020,1610612764,WAS,Washington Wizards,0022001042,2021-05-12,WAS @ ATL,L,240,116,45,101,0.446,10,29,0.345,16,19,0.842,9,33,42,29,10,1,7,20,-4.0
22020,1610612765,DET,Detroit Pistons,0022001033,2021-05-11,DET vs. MIN,L,240,100,35,75,0.467,10,23,0.435,20,26,0.769,6,40,46,21,8,5,28,23,-19.0
22020,1610612758,SAC,Sacramento Kings,0022001040,2021-05-11,SAC vs. OKC,W,240,122,44,86,0.512,19,39,0.487,15,19,0.789,6,34,40,28,13,6,15,21,16.0
22020,1610612744,GSW,Golden State Warriors,0022001039,2021-05-11,GSW vs. PHX,W,241,122,47,95,0.495,11,40,0.275,17,20,0.85,12,28,40,33,8,1,8,20,6.0
22020,1610612748,MIA,Miami Heat,0022001032,2021-05-11,MIA @ BOS,W,239,129,48,81,0.593,16,30,0.533,17,22,0.773,6,37,43,25,7,4,14,21,8.0
22020,1610612743,DEN,Denver Nuggets,0022000448,2021-05-11,DEN @ CHA,W,240,117,41,83,0.494,13,33,0.394,22,26,0.846,10,28,38,26,12,2,17,19,5.0
22020,1610612738,BOS,Boston Celtics,0022001032,2021-05-11,BOS vs. MIA,L,238,121,46,88,0.523,18,37,0.486,11,17,0.647,3,29,32,31,8,5,11,21,-8.0
22020,1610612753,ORL,Orlando Magic,0022001038,2021-05-11,ORL @ MIL,L,240,102,39,94,0.415,10,30,0.333,14,20,0.7,10,42,52,18,6,2,12,20,-12.0
22020,1610612754,IND,Indiana Pacers,0022001035,2021-05-11,IND vs. PHI,W,241,103,37,83,0.446,14,41,0.341,15,16,0.938,7,38,45,28,7,6,13,15,9.0
22020,1610612766,CHA,Charlotte Hornets,0022000448,2021-05-11,CHA vs. DEN,L,240,112,42,91,0.462,11,39,0.282,17,20,0.85,15,34,49,30,9,5,17,17,-5.0
22020,1610612749,MIL,Milwaukee Bucks,0022001038,2021-05-11,MIL vs. ORL,W,241,114,43,101,0.426,8,33,0.242,20,27,0.741,17,46,63,16,10,1,9,15,12.0
22020,1610612763,MEM,Memphis Grizzlies,0022001037,2021-05-11,MEM vs. DAL,W,240,133,51,89,0.573,16,33,0.485,15,16,0.938,10,34,44,32,11,6,10,16,29.0
22020,1610612742,DAL,Dallas Mavericks,0022001037,2021-05-11,DAL @ MEM,L,240,104,37,88,0.42,12,38,0.316,18,19,0.947,13,22,35,23,8,2,12,15,-29.0
22020,1610612761,TOR,Toronto Raptors,0022001034,2021-05-11,TOR vs. LAC,L,239,96,35,86,0.407,10,37,0.27,16,19,0.842,9,26,35,21,10,8,13,22,-19.0
22020,1610612747,LAL,Los Angeles Lakers,0022001041,2021-05-11,LAL vs. NYK,W,265,101,37,89,0.416,12,28,0.429,15,19,0.789,14,39,53,31,5,5,18,17,2.0
22020,1610612752,NYK,New York Knicks,0022001041,2021-05-11,NYK @ LAL,L,266,99,34,87,0.391,10,29,0.345,21,23,0.913,5,36,41,19,8,3,9,21,-2.0
22020,1610612750,MIN,Minnesota Timberwolves,0022001033,2021-05-11,MIN @ DET,W,241,119,45,98,0.459,14,48,0.292,15,21,0.714,11,33,44,30,16,8,15,22,19.0
22020,1610612741,CHI,Chicago Bulls,0022001036,2021-05-11,CHI vs. BKN,L,240,107,39,96,0.406,18,44,0.409,11,14,0.786,10,35,45,21,4,5,9,20,-8.0
22020,1610612760,OKC,Oklahoma City Thunder,0022001040,2021-05-11,OKC @ SAC,L,240,106,39,84,0.464,9,23,0.391,19,28,0.679,9,36,45,22,9,5,18,18,-16.0
22020,1610612755,PHI,Philadelphia 76ers,0022001035,2021-05-11,PHI @ IND,L,240,94,38,87,0.437,8,26,0.308,10,14,0.714,5,30,35,23,9,5,11,17,-9.0
22020,1610612751,BKN,Brooklyn Nets,0022001036,2021-05-11,BKN @ CHI,W,240,115,42,89,0.472,12,33,0.364,19,25,0.76,13,38,51,32,4,8,7,19,8.0
22020,1610612756,PHX,Phoenix Suns,0022001039,2021-05-11,PHX @ GSW,L,241,116,41,79,0.519,16,37,0.432,18,20,0.9,6,30,36,26,4,6,10,20,-6.0
22020,1610612746,LAC,LA Clippers,0022001034,2021-05-11,LAC @ TOR,W,240,115,39,78,0.5,11,32,0.344,26,26,1.0,9,40,49,25,10,4,16,17,19.0
22020,1610612744,GSW,Golden State Warriors,0022001030,2021-05-10,GSW vs. UTA,W,241,119,41,88,0.466,14,42,0.333,23,25,0.92,9,32,41,26,8,2,10,20,3.0
22020,1610612762,UTA,Utah Jazz,0022001030,2021-05-10,UTA @ GSW,L,241,116,41,91,0.451,13,44,0.295,21,24,0.875,13,35,48,14,7,1,14,20,-3.0
22020,1610612759,SAS,San Antonio Spurs,0022001029,2021-05-10,SAS vs. MIL,W,239,146,56,94,0.596,17,29,0.586,17,21,0.81,9,37,46,27,6,5,12,16,21.0
22020,1610612739,CLE,Cleveland Cavaliers,0022001027,2021-05-10,CLE vs. IND,L,241,102,33,93,0.355,13,39,0.333,23,30,0.767,15,35,50,21,8,2,10,13,-9.0
22020,1610612757,POR,Portland Trail Blazers,0022001031,2021-05-10,POR vs. HOU,W,240,140,47,92,0.511,18,40,0.45,28,35,0.8,12,35,47,30,7,4,9,18,11.0
22020,1610612745,HOU,Houston Rockets,0022001031,2021-05-10,HOU @ POR,L,239,129,42,85,0.494,18,38,0.474,27,28,0.964,7,37,44,30,5,2,13,26,-11.0
22020,1610612754,IND,Indiana Pacers,0022001027,2021-05-10,IND @ CLE,W,240,111,44,88,0.5,11,27,0.407,12,16,0.75,10,37,47,32,7,13,11,21,9.0
22020,1610612749,MIL,Milwaukee Bucks,0022001029,2021-05-10,MIL @ SAS,L,240,125,47,94,0.5,13,41,0.317,18,23,0.783,8,26,34,26,6,6,7,13,-21.0
22020,1610612763,MEM,Memphis Grizzlies,0022001028,2021-05-10,MEM vs. NOP,W,239,115,45,91,0.495,9,30,0.3,16,27,0.593,10,39,49,33,8,19,10,17,5.0
22020,1610612740,NOP,New Orleans Pelicans,0022001028,2021-05-10,NOP @ MEM,L,241,110,43,97,0.443,10,23,0.435,14,21,0.667,14,36,50,29,9,4,12,18,-5.0
22020,1610612764,WAS,Washington Wizards,0022001026,2021-05-10,WAS @ ATL,L,240,124,51,100,0.51,13,26,0.5,9,11,0.818,8,34,42,28,8,8,9,21,-1.0
22020,1610612737,ATL,Atlanta Hawks,0022001026,2021-05-10,ATL vs. WAS,W,241,125,46,96,0.479,10,30,0.333,23,26,0.885,13,42,55,23,4,6,12,17,1.0
22020,1610612758,SAC,Sacramento Kings,0022001025,2021-05-09,SAC vs. OKC,W,241,126,45,85,0.529,16,36,0.444,20,24,0.833,9,42,51,30,8,11,14,19,28.0
22020,1610612750,MIN,Minnesota Timberwolves,0022001022,2021-05-09,MIN @ ORL,W,241,128,47,97,0.485,16,45,0.356,18,24,0.75,12,45,57,30,5,9,10,20,32.0
22020,1610612741,CHI,Chicago Bulls,0022001023,2021-05-09,CHI @ DET,W,241,108,43,84,0.512,12,32,0.375,10,14,0.714,5,38,43,27,6,3,8,22,12.0
22020,1610612756,PHX,Phoenix Suns,0022001024,2021-05-09,PHX @ LAL,L,240,110,39,73,0.534,11,25,0.44,21,25,0.84,3,29,32,23,8,6,15,29,-13.0
22020,1610612766,CHA,Charlotte Hornets,0022001020,2021-05-09,CHA vs. NOP,L,240,110,42,95,0.442,13,37,0.351,13,18,0.722,11,35,46,22,6,8,17,19,-2.0
22020,1610612739,CLE,Cleveland Cavaliers,0022001021,2021-05-09,CLE vs. DAL,L,241,97,33,86,0.384,11,31,0.355,20,31,0.645,10,28,38,18,5,2,14,12,-27.0
22020,1610612753,ORL,Orlando Magic,0022001022,2021-05-09,ORL vs. MIN,L,241,96,36,91,0.396,9,36,0.25,15,22,0.682,10,35,45,20,5,5,13,20,-32.0
22020,1610612746,LAC,LA Clippers,0022001019,2021-05-09,LAC vs. NYK,L,240,100,37,86,0.43,12,35,0.343,14,16,0.875,7,36,43,24,5,1,13,12,-6.0
22020,1610612752,NYK,New York Knicks,0022001019,2021-05-09,NYK @ LAC,W,241,106,42,90,0.467,13,32,0.406,9,9,1.0,8,37,45,25,7,5,10,17,6.0
22020,1610612747,LAL,Los Angeles Lakers,0022001024,2021-05-09,LAL vs. PHX,W,240,123,39,80,0.488,13,30,0.433,32,41,0.78,14,27,41,24,11,3,13,21,13.0
22020,1610612760,OKC,Oklahoma City Thunder,0022001025,2021-05-09,OKC @ SAC,L,240,98,34,87,0.391,11,37,0.297,19,29,0.655,10,28,38,23,9,3,14,18,-28.0
22020,1610612742,DAL,Dallas Mavericks,0022001021,2021-05-09,DAL @ CLE,W,239,124,50,93,0.538,15,39,0.385,9,11,0.818,8,34,42,33,9,7,10,24,27.0
22020,1610612765,DET,Detroit Pistons,0022001023,2021-05-09,DET vs. CHI,L,240,96,36,79,0.456,11,27,0.407,13,22,0.591,5,32,37,22,4,4,13,14,-12.0
22020,1610612740,NOP,New Orleans Pelicans,0022001020,2021-05-09,NOP @ CHA,W,240,112,45,96,0.469,12,37,0.324,10,22,0.455,16,35,51,26,11,9,16,20,2.0
22020,1610612738,BOS,Boston Celtics,0022000145,2021-05-09,BOS vs. MIA,L,238,124,45,83,0.542,14,38,0.368,20,25,0.8,6,28,34,29,7,3,14,22,-6.0
22020,1610612748,MIA,Miami Heat,0022000145,2021-05-09,MIA @ BOS,W,240,130,47,82,0.573,16,35,0.457,20,22,0.909,3,32,35,30,8,2,11,20,6.0
22020,1610612763,MEM,Memphis Grizzlies,0022001014,2021-05-08,MEM @ TOR,W,241,109,38,85,0.447,14,43,0.326,19,26,0.731,14,42,56,24,7,8,17,21,10.0
22020,1610612764,WAS,Washington Wizards,0022001012,2021-05-08,WAS @ IND,W,265,133,49,110,0.445,9,32,0.281,26,30,0.867,15,45,60,26,7,9,15,24,1.0
22020,1610612744,GSW,Golden State Warriors,0022001017,2021-05-08,GSW vs. OKC,W,240,136,47,81,0.58,27,54,0.5,15,18,0.833,2,44,46,31,5,4,18,19,39.0
22020,1610612762,UTA,Utah Jazz,0022001016,2021-05-08,UTA vs. HOU,W,240,124,45,85,0.529,15,38,0.395,19,21,0.905,7,42,49,28,7,4,17,13,8.0
22020,1610612743,DEN,Denver Nuggets,0022001015,2021-05-08,DEN vs. BKN,L,239,119,42,92,0.457,14,41,0.341,21,23,0.913,10,23,33,21,8,1,12,23,-6.0
22020,1610612754,IND,Indiana Pacers,0022001012,2021-05-08,IND vs. WAS,L,264,132,50,104,0.481,7,29,0.241,25,30,0.833,8,41,49,33,11,5,13,24,-1.0
22020,1610612751,BKN,Brooklyn Nets,0022001015,2021-05-08,BKN @ DEN,W,240,125,41,66,0.621,16,31,0.516,27,33,0.818,2,33,35,27,10,5,17,24,6.0
22020,1610612759,SAS,San Antonio Spurs,0022001018,2021-05-08,SAS @ POR,L,240,102,37,93,0.398,8,30,0.267,20,23,0.87,7,33,40,17,6,5,7,24,-22.0
22020,1610612755,PHI,Philadelphia 76ers,0022001013,2021-05-08,PHI vs. DET,W,241,118,41,84,0.488,9,30,0.3,27,31,0.871,9,35,44,22,11,4,10,18,14.0
22020,1610612761,TOR,Toronto Raptors,0022001014,2021-05-08,TOR vs. MEM,L,241,99,36,94,0.383,10,32,0.313,17,24,0.708,13,33,46,18,10,2,11,21,-10.0
22020,1610612745,HOU,Houston Rockets,0022001016,2021-05-08,HOU @ UTA,L,240,116,43,98,0.439,18,51,0.353,12,17,0.706,9,31,40,25,11,3,8,15,-8.0
22020,1610612760,OKC,Oklahoma City Thunder,0022001017,2021-05-08,OKC @ GSW,L,239,97,38,94,0.404,9,37,0.243,12,20,0.6,11,30,41,21,10,1,13,16,-39.0
22020,1610612765,DET,Detroit Pistons,0022001013,2021-05-08,DET @ PHI,L,240,104,41,84,0.488,11,34,0.324,11,16,0.688,10,34,44,22,5,7,16,25,-14.0
22020,1610612757,POR,Portland Trail Blazers,0022001018,2021-05-08,POR vs. SAS,W,241,124,45,97,0.464,12,34,0.353,22,30,0.733,18,45,63,24,3,5,8,15,22.0
22020,1610612759,SAS,San Antonio Spurs,0022001011,2021-05-07,SAS @ SAC,W,240,113,46,89,0.517,4,22,0.182,17,19,0.895,7,37,44,20,8,7,13,12,9.0
22020,1610612738,BOS,Boston Celtics,0022000160,2021-05-07,BOS @ CHI,L,239,99,35,86,0.407,11,39,0.282,18,23,0.783,11,36,47,19,5,8,13,15,-22.0
22020,1610612749,MIL,Milwaukee Bucks,0022001006,2021-05-07,MIL vs. HOU,W,241,141,51,95,0.537,19,46,0.413,20,23,0.87,13,40,53,30,8,5,17,14,8.0
22020,1610612753,ORL,Orlando Magic,0022001004,2021-05-07,ORL @ CHA,L,240,112,41,98,0.418,9,30,0.3,21,28,0.75,14,33,47,19,6,7,6,24,-10.0
22020,1610612743,DEN,Denver Nuggets,0022001008,2021-05-07,DEN @ UTA,L,239,120,43,83,0.518,17,38,0.447,17,20,0.85,9,29,38,31,8,3,17,16,-7.0
22020,1610612762,UTA,Utah Jazz,0022001008,2021-05-07,UTA vs. DEN,W,238,127,43,89,0.483,21,46,0.457,20,23,0.87,9,29,38,27,9,3,10,20,7.0
22020,1610612758,SAC,Sacramento Kings,0022001011,2021-05-07,SAC vs. SAS,L,241,104,41,84,0.488,13,32,0.406,9,15,0.6,4,31,35,27,10,3,16,19,-9.0
22020,1610612755,PHI,Philadelphia 76ers,0022001003,2021-05-07,PHI vs. NOP,W,240,109,38,85,0.447,15,35,0.429,18,22,0.818,10,41,51,27,5,6,15,19,2.0
22020,1610612766,CHA,Charlotte Hornets,0022001004,2021-05-07,CHA vs. ORL,W,241,122,44,89,0.494,9,33,0.273,25,33,0.758,11,40,51,28,5,4,11,23,10.0
22020,1610612740,NOP,New Orleans Pelicans,0022001003,2021-05-07,NOP @ PHI,L,239,107,41,101,0.406,9,36,0.25,16,22,0.727,16,36,52,26,12,6,10,21,-2.0
22020,1610612748,MIA,Miami Heat,0022001005,2021-05-07,MIA vs. MIN,W,240,121,44,87,0.506,13,32,0.406,20,27,0.741,8,29,37,27,9,2,14,22,9.0
22020,1610612741,CHI,Chicago Bulls,0022000160,2021-05-07,CHI vs. BOS,W,242,121,43,99,0.434,18,40,0.45,17,18,0.944,15,37,52,26,10,4,9,20,22.0
22020,1610612745,HOU,Houston Rockets,0022001006,2021-05-07,HOU @ MIL,L,239,133,48,96,0.5,25,53,0.472,12,18,0.667,7,30,37,36,10,5,16,21,-8.0
22020,1610612739,CLE,Cleveland Cavaliers,0022001007,2021-05-07,CLE @ DAL,L,239,90,32,83,0.386,6,29,0.207,20,26,0.769,11,32,43,17,6,0,14,18,-20.0
22020,1610612750,MIN,Minnesota Timberwolves,0022001005,2021-05-07,MIN @ MIA,L,241,112,41,85,0.482,10,37,0.27,20,30,0.667,9,32,41,27,7,4,16,24,-9.0
22020,1610612757,POR,Portland Trail Blazers,0022001010,2021-05-07,POR vs. LAL,W,241,106,37,88,0.42,12,37,0.324,20,21,0.952,6,38,44,22,6,2,8,20,5.0
22020,1610612742,DAL,Dallas Mavericks,0022001007,2021-05-07,DAL vs. CLE,W,240,110,41,83,0.494,10,32,0.313,18,22,0.818,9,36,45,21,7,7,9,22,20.0
22020,1610612756,PHX,Phoenix Suns,0022001009,2021-05-07,PHX vs. NYK,W,240,128,43,92,0.467,18,41,0.439,24,25,0.96,7,38,45,26,5,3,5,17,23.0
22020,1610612747,LAL,Los Angeles Lakers,0022001010,2021-05-07,LAL @ POR,L,240,101,37,89,0.416,11,30,0.367,16,22,0.727,10,39,49,19,2,4,14,20,-5.0
22020,1610612752,NYK,New York Knicks,0022001009,2021-05-07,NYK @ PHX,L,240,105,38,84,0.452,11,32,0.344,18,23,0.783,6,35,41,24,2,4,13,25,-23.0
22020,1610612751,BKN,Brooklyn Nets,0022000998,2021-05-06,BKN @ DAL,L,241,109,41,95,0.432,13,37,0.351,14,15,0.933,10,41,51,18,8,4,13,18,-4.0
22020,1610612761,TOR,Toronto Raptors,0022000997,2021-05-06,TOR vs. WAS,L,265,129,47,105,0.448,14,38,0.368,21,27,0.778,18,32,50,23,9,5,12,30,-2.0
22020,1610612746,LAC,LA Clippers,0022001002,2021-05-06,LAC vs. LAL,W,239,118,41,77,0.532,13,31,0.419,23,26,0.885,9,39,48,23,4,5,22,25,24.0
22020,1610612765,DET,Detroit Pistons,0022000999,2021-05-06,DET vs. MEM,W,241,111,44,83,0.53,11,28,0.393,12,14,0.857,5,34,39,24,9,6,11,18,14.0
22020,1610612741,CHI,Chicago Bulls,0022000434,2021-05-06,CHI @ CHA,W,240,120,46,91,0.505,18,37,0.486,10,17,0.588,15,41,56,33,10,8,17,20,21.0
22020,1610612763,MEM,Memphis Grizzlies,0022000999,2021-05-06,MEM @ DET,L,241,97,38,89,0.427,10,37,0.27,11,17,0.647,12,30,42,25,7,5,15,14,-14.0
22020,1610612760,OKC,Oklahoma City Thunder,0022001001,2021-05-06,OKC @ GSW,L,241,97,36,88,0.409,9,39,0.231,16,20,0.8,5,34,39,21,9,1,9,19,-21.0
22020,1610612747,LAL,Los Angeles Lakers,0022001002,2021-05-06,LAL @ LAC,L,241,94,33,87,0.379,10,36,0.278,18,29,0.621,11,23,34,21,8,6,10,23,-24.0
22020,1610612742,DAL,Dallas Mavericks,0022000998,2021-05-06,DAL vs. BKN,W,240,113,40,89,0.449,15,34,0.441,18,26,0.692,12,39,51,23,10,3,12,15,4.0
22020,1610612737,ATL,Atlanta Hawks,0022001000,2021-05-06,ATL @ IND,L,239,126,48,94,0.511,15,37,0.405,15,18,0.833,10,24,34,27,8,6,12,17,-7.0
22020,1610612766,CHA,Charlotte Hornets,0022000434,2021-05-06,CHA vs. CHI,L,238,99,38,90,0.422,16,35,0.457,7,18,0.389,13,32,45,29,11,3,15,16,-21.0
22020,1610612744,GSW,Golden State Warriors,0022001001,2021-05-06,GSW vs. OKC,W,238,118,42,86,0.488,19,47,0.404,15,18,0.833,7,42,49,36,4,1,13,19,21.0
22020,1610612764,WAS,Washington Wizards,0022000997,2021-05-06,WAS @ TOR,W,266,131,41,94,0.436,13,30,0.433,36,43,0.837,11,36,47,29,4,6,13,22,2.0
22020,1610612754,IND,Indiana Pacers,0022001000,2021-05-06,IND vs. ATL,W,240,133,54,87,0.621,8,20,0.4,17,19,0.895,4,32,36,35,11,4,15,19,7.0
22020,1610612758,SAC,Sacramento Kings,0022000993,2021-05-05,SAC @ IND,W,241,104,43,95,0.453,8,32,0.25,10,14,0.714,12,36,48,21,16,7,11,14,11.0
22020,1610612750,MIN,Minnesota Timberwolves,0022000183,2021-05-05,MIN vs. MEM,L,239,135,49,94,0.521,19,39,0.487,18,22,0.818,12,29,41,32,7,5,14,22,-4.0
22020,1610612738,BOS,Boston Celtics,0022000990,2021-05-05,BOS @ ORL,W,238,132,51,96,0.531,21,45,0.467,9,12,0.75,9,36,45,28,8,9,11,23,36.0
22020,1610612739,CLE,Cleveland Cavaliers,0022000991,2021-05-05,CLE vs. POR,L,242,105,37,92,0.402,13,38,0.342,18,26,0.692,12,30,42,23,9,3,8,18,-36.0
22020,1610612764,WAS,Washington Wizards,0022000235,2021-05-05,WAS @ MIL,L,239,134,47,96,0.49,8,22,0.364,32,43,0.744,11,32,43,27,6,6,7,23,-1.0
22020,1610612763,MEM,Memphis Grizzlies,0022000183,2021-05-05,MEM @ MIN,W,239,139,52,97,0.536,14,29,0.483,21,28,0.75,12,34,46,30,6,4,13,19,4.0
22020,1610612749,MIL,Milwaukee Bucks,0022000235,2021-05-05,MIL vs. WAS,W,241,135,48,89,0.539,18,37,0.486,21,28,0.75,10,35,45,30,4,6,19,31,1.0
22020,1610612754,IND,Indiana Pacers,0022000993,2021-05-05,IND vs. SAC,L,241,93,36,83,0.434,9,25,0.36,12,17,0.706,10,38,48,26,8,6,22,13,-11.0
22020,1610612756,PHX,Phoenix Suns,0022000992,2021-05-05,PHX @ ATL,L,239,103,33,79,0.418,12,32,0.375,25,29,0.862,10,20,30,19,9,3,9,16,-32.0
22020,1610612745,HOU,Houston Rockets,0022000994,2021-05-05,HOU vs. PHI,L,239,115,42,93,0.452,17,45,0.378,14,18,0.778,12,26,38,28,6,5,13,16,-20.0
22020,1610612762,UTA,Utah Jazz,0022000996,2021-05-05,UTA vs. SAS,W,239,126,49,88,0.557,18,41,0.439,10,14,0.714,7,46,53,24,5,2,14,20,32.0
22020,1610612737,ATL,Atlanta Hawks,0022000992,2021-05-05,ATL vs. PHX,W,241,135,53,84,0.631,13,26,0.5,16,18,0.889,9,37,46,35,8,6,11,21,32.0
22020,1610612755,PHI,Philadelphia 76ers,0022000994,2021-05-05,PHI @ HOU,W,241,135,50,94,0.532,15,35,0.429,20,22,0.909,11,36,47,26,10,6,9,16,20.0
22020,1610612743,DEN,Denver Nuggets,0022000995,2021-05-05,DEN vs. NYK,W,240,113,37,97,0.381,12,39,0.308,27,33,0.818,17,46,63,23,13,7,13,24,16.0
22020,1610612759,SAS,San Antonio Spurs,0022000996,2021-05-05,SAS @ UTA,L,241,94,37,92,0.402,7,23,0.304,13,20,0.65,9,26,35,22,7,5,7,13,-32.0
22020,1610612752,NYK,New York Knicks,0022000995,2021-05-05,NYK @ DEN,L,242,97,33,86,0.384,13,35,0.371,18,27,0.667,6,36,42,18,6,10,15,24,-16.0
22020,1610612757,POR,Portland Trail Blazers,0022000991,2021-05-05,POR @ CLE,W,239,141,53,92,0.576,16,33,0.485,19,25,0.76,11,43,54,26,7,9,10,20,36.0
22020,1610612753,ORL,Orlando Magic,0022000990,2021-05-05,ORL vs. BOS,L,239,96,33,85,0.388,6,25,0.24,24,28,0.857,10,35,45,13,7,7,17,11,-36.0
22020,1610612744,GSW,Golden State Warriors,0022000987,2021-05-04,GSW @ NOP,L,239,103,39,93,0.419,20,53,0.377,5,7,0.714,8,40,48,22,7,9,18,17,-5.0
22020,1610612739,CLE,Cleveland Cavaliers,0022000983,2021-05-04,CLE vs. PHX,L,266,118,41,90,0.456,13,29,0.448,23,27,0.852,9,33,42,29,3,3,17,13,-16.0
22020,1610612756,PHX,Phoenix Suns,0022000983,2021-05-04,PHX @ CLE,W,264,134,55,105,0.524,12,31,0.387,12,13,0.923,12,36,48,35,10,11,7,26,16.0
22020,1610612758,SAC,Sacramento Kings,0022000988,2021-05-04,SAC @ OKC,W,240,103,39,95,0.411,12,43,0.279,13,16,0.813,9,40,49,25,6,10,12,19,4.0
22020,1610612761,TOR,Toronto Raptors,0022000989,2021-05-04,TOR @ LAC,L,239,100,40,87,0.46,12,35,0.343,8,13,0.615,7,30,37,22,10,3,12,15,-5.0
22020,1610612751,BKN,Brooklyn Nets,0022000985,2021-05-04,BKN @ MIL,L,240,118,41,84,0.488,20,43,0.465,16,26,0.615,6,33,39,21,6,6,13,25,-6.0
22020,1610612740,NOP,New Orleans Pelicans,0022000987,2021-05-04,NOP vs. GSW,W,240,108,39,97,0.402,12,30,0.4,18,22,0.818,14,43,57,28,10,3,12,9,5.0
22020,1610612746,LAC,LA Clippers,0022000989,2021-05-04,LAC vs. TOR,W,239,105,39,75,0.52,15,34,0.441,12,13,0.923,4,38,42,28,7,5,18,14,5.0
22020,1610612760,OKC,Oklahoma City Thunder,0022000988,2021-05-04,OKC vs. SAC,L,241,99,35,98,0.357,11,36,0.306,18,25,0.72,17,40,57,21,5,4,9,14,-4.0
22020,1610612749,MIL,Milwaukee Bucks,0022000985,2021-05-04,MIL vs. BKN,W,239,124,44,98,0.449,14,37,0.378,22,27,0.815,15,40,55,23,7,3,12,21,6.0
22020,1610612748,MIA,Miami Heat,0022000986,2021-05-04,MIA vs. DAL,L,240,113,39,84,0.464,18,41,0.439,17,21,0.81,8,31,39,30,9,2,12,17,-14.0
22020,1610612742,DAL,Dallas Mavericks,0022000986,2021-05-04,DAL @ MIA,W,240,127,46,87,0.529,22,48,0.458,13,18,0.722,12,32,44,26,6,4,13,17,14.0
22020,1610612766,CHA,Charlotte Hornets,0022000984,2021-05-04,CHA @ DET,W,241,102,38,93,0.409,8,31,0.258,18,24,0.75,16,35,51,23,8,5,8,23,3.0
22020,1610612765,DET,Detroit Pistons,0022000984,2021-05-04,DET vs. CHA,L,241,99,39,85,0.459,9,32,0.281,12,20,0.6,10,36,46,21,3,3,13,21,-3.0
22020,1610612740,NOP,New Orleans Pelicans,0022000977,2021-05-03,NOP vs. GSW,L,238,108,39,90,0.433,5,25,0.2,25,32,0.781,13,34,47,20,6,4,16,8,-15.0
22020,1610612753,ORL,Orlando Magic,0022000975,2021-05-03,ORL @ DET,W,240,119,45,88,0.511,10,23,0.435,19,25,0.76,9,39,48,27,6,3,10,18,7.0
22020,1610612765,DET,Detroit Pistons,0022000975,2021-05-03,DET vs. ORL,L,240,112,44,93,0.473,11,35,0.314,13,18,0.722,12,30,42,24,8,4,11,19,-7.0
22020,1610612757,POR,Portland Trail Blazers,0022000978,2021-05-03,POR @ ATL,L,239,114,43,95,0.453,17,41,0.415,11,14,0.786,8,31,39,25,7,4,8,15,-9.0
22020,1610612759,SAS,San Antonio Spurs,0022000981,2021-05-03,SAS @ UTA,L,239,99,42,90,0.467,5,18,0.278,10,10,1.0,8,29,37,25,10,4,13,13,-11.0
22020,1610612747,LAL,Los Angeles Lakers,0022000982,2021-05-03,LAL vs. DEN,W,242,93,32,73,0.438,13,30,0.433,16,23,0.696,7,36,43,18,5,8,20,20,4.0
22020,1610612754,IND,Indiana Pacers,0022000976,2021-05-03,IND @ WAS,L,239,141,53,107,0.495,14,27,0.519,21,25,0.84,14,31,45,28,8,6,17,17,-13.0
22020,1610612755,PHI,Philadelphia 76ers,0022000979,2021-05-03,PHI @ CHI,W,239,106,40,75,0.533,11,28,0.393,15,21,0.714,7,37,44,23,11,6,16,13,12.0
22020,1610612743,DEN,Denver Nuggets,0022000982,2021-05-03,DEN @ LAL,L,241,89,36,82,0.439,6,24,0.25,11,16,0.688,6,35,41,22,10,7,12,24,-4.0
22020,1610612764,WAS,Washington Wizards,0022000976,2021-05-03,WAS vs. IND,W,240,154,63,103,0.612,9,22,0.409,19,24,0.792,9,35,44,50,10,7,16,19,13.0
22020,1610612762,UTA,Utah Jazz,0022000981,2021-05-03,UTA vs. SAS,W,239,110,44,88,0.5,11,36,0.306,11,16,0.688,14,36,50,22,10,5,15,11,11.0
22020,1610612737,ATL,Atlanta Hawks,0022000978,2021-05-03,ATL vs. POR,W,240,123,44,84,0.524,20,41,0.488,15,18,0.833,5,44,49,32,6,3,11,18,9.0
22020,1610612744,GSW,Golden State Warriors,0022000977,2021-05-03,GSW @ NOP,W,239,123,47,88,0.534,17,44,0.386,12,14,0.857,5,33,38,31,9,8,14,28,15.0
22020,1610612752,NYK,New York Knicks,0022000980,2021-05-03,NYK @ MEM,W,241,118,45,89,0.506,14,27,0.519,14,18,0.778,8,37,45,19,6,8,8,21,14.0
22020,1610612741,CHI,Chicago Bulls,0022000979,2021-05-03,CHI vs. PHI,L,242,94,36,87,0.414,11,34,0.324,11,14,0.786,12,28,40,25,7,2,15,15,-12.0
22020,1610612763,MEM,Memphis Grizzlies,0022000980,2021-05-03,MEM vs. NYK,L,239,104,34,86,0.395,16,41,0.39,20,24,0.833,13,33,46,26,7,4,12,14,-14.0
22020,1610612757,POR,Portland Trail Blazers,0022000968,2021-05-02,POR @ BOS,W,241,129,44,85,0.518,19,38,0.5,22,26,0.846,3,33,36,27,8,5,9,18,10.0
22020,1610612745,HOU,Houston Rockets,0022000971,2021-05-02,HOU vs. NYK,L,239,97,34,79,0.43,8,35,0.229,21,32,0.656,14,33,47,19,6,5,17,18,-25.0
22020,1610612758,SAC,Sacramento Kings,0022000970,2021-05-02,SAC @ DAL,W,240,111,45,81,0.556,11,28,0.393,10,16,0.625,8,30,38,27,9,1,19,26,12.0
22020,1610612766,CHA,Charlotte Hornets,0022000969,2021-05-02,CHA vs. MIA,L,241,111,40,81,0.494,14,33,0.424,17,22,0.773,8,31,39,30,9,1,14,20,-10.0
22020,1610612747,LAL,Los Angeles Lakers,0022000974,2021-05-02,LAL vs. TOR,L,239,114,41,85,0.482,11,29,0.379,21,31,0.677,7,37,44,32,7,6,14,22,-7.0
22020,1610612748,MIA,Miami Heat,0022000969,2021-05-02,MIA @ CHA,W,240,121,45,88,0.511,11,38,0.289,20,27,0.741,11,31,42,30,10,6,11,22,10.0
22020,1610612761,TOR,Toronto Raptors,0022000974,2021-05-02,TOR @ LAL,W,240,121,42,94,0.447,15,38,0.395,22,31,0.71,13,36,49,24,11,4,12,23,7.0
22020,1610612742,DAL,Dallas Mavericks,0022000970,2021-05-02,DAL vs. SAC,L,238,99,34,81,0.42,6,35,0.171,25,31,0.806,13,27,40,16,12,4,16,16,-12.0
22020,1610612759,SAS,San Antonio Spurs,0022000973,2021-05-02,SAS vs. PHI,L,265,111,43,96,0.448,12,31,0.387,13,17,0.765,10,38,48,20,9,5,13,25,-2.0
22020,1610612738,BOS,Boston Celtics,0022000968,2021-05-02,BOS vs. POR,L,242,119,43,89,0.483,20,39,0.513,13,15,0.867,10,35,45,29,3,6,18,21,-10.0
22020,1610612751,BKN,Brooklyn Nets,0022000967,2021-05-02,BKN @ MIL,L,241,114,41,96,0.427,17,42,0.405,15,17,0.882,14,39,53,18,5,1,16,11,-3.0
22020,1610612756,PHX,Phoenix Suns,0022000972,2021-05-02,PHX @ OKC,W,240,123,45,84,0.536,12,31,0.387,21,27,0.778,8,31,39,27,9,7,10,17,3.0
22020,1610612755,PHI,Philadelphia 76ers,0022000973,2021-05-02,PHI @ SAS,W,265,113,42,94,0.447,11,30,0.367,18,25,0.72,13,36,49,23,7,9,12,19,2.0
22020,1610612760,OKC,Oklahoma City Thunder,0022000972,2021-05-02,OKC vs. PHX,L,241,120,45,92,0.489,13,30,0.433,17,24,0.708,17,30,47,23,7,3,15,22,-3.0
22020,1610612752,NYK,New York Knicks,0022000971,2021-05-02,NYK @ HOU,W,240,122,45,86,0.523,18,35,0.514,14,16,0.875,6,32,38,22,10,1,13,21,25.0
22020,1610612749,MIL,Milwaukee Bucks,0022000967,2021-05-02,MIL vs. BKN,W,240,117,48,98,0.49,15,37,0.405,6,12,0.5,8,37,45,19,9,11,10,18,3.0
22020,1610612744,GSW,Golden State Warriors,0022000958,2021-05-01,GSW @ HOU,W,239,113,39,84,0.464,18,46,0.391,17,24,0.708,4,46,50,32,10,8,17,18,26.0
22020,1610612764,WAS,Washington Wizards,0022000964,2021-05-01,WAS @ DAL,L,241,124,47,91,0.516,6,19,0.316,24,31,0.774,14,32,46,19,5,3,10,23,-1.0
22020,1610612740,NOP,New Orleans Pelicans,0022000962,2021-05-01,NOP @ MIN,W,265,140,47,92,0.511,14,36,0.389,32,46,0.696,14,38,52,34,8,5,21,20,4.0
22020,1610612762,UTA,Utah Jazz,0022000965,2021-05-01,UTA vs. TOR,W,240,106,37,78,0.474,17,41,0.415,15,18,0.833,9,40,49,20,3,3,20,15,4.0
22020,1610612741,CHI,Chicago Bulls,0022000959,2021-05-01,CHI @ ATL,L,241,97,40,85,0.471,6,24,0.25,11,17,0.647,8,31,39,22,11,0,13,22,-11.0
22020,1610612754,IND,Indiana Pacers,0022000963,2021-05-01,IND @ OKC,W,241,152,57,87,0.655,21,33,0.636,17,22,0.773,3,50,53,41,7,11,17,22,57.0
22020,1610612763,MEM,Memphis Grizzlies,0022000961,2021-05-01,MEM @ ORL,L,239,111,44,96,0.458,10,29,0.345,13,21,0.619,17,38,55,21,6,10,16,20,-1.0
22020,1610612743,DEN,Denver Nuggets,0022000966,2021-05-01,DEN @ LAC,W,240,110,39,80,0.488,12,32,0.375,20,21,0.952,8,36,44,26,2,4,10,23,6.0
22020,1610612737,ATL,Atlanta Hawks,0022000959,2021-05-01,ATL vs. CHI,W,242,108,37,74,0.5,14,36,0.389,20,26,0.769,6,38,44,19,11,5,14,21,11.0
22020,1610612761,TOR,Toronto Raptors,0022000965,2021-05-01,TOR @ UTA,L,240,102,42,94,0.447,12,33,0.364,6,9,0.667,11,28,39,26,12,3,10,15,-4.0
22020,1610612765,DET,Detroit Pistons,0022000957,2021-05-01,DET @ CHA,L,240,94,35,91,0.385,13,37,0.351,11,17,0.647,12,31,43,27,6,7,10,16,-13.0
22020,1610612745,HOU,Houston Rockets,0022000958,2021-05-01,HOU vs. GSW,L,241,87,32,89,0.36,9,42,0.214,14,22,0.636,10,39,49,20,9,3,18,18,-26.0
22020,1610612750,MIN,Minnesota Timberwolves,0022000962,2021-05-01,MIN vs. NOP,L,265,136,48,106,0.453,15,48,0.313,25,32,0.781,13,38,51,35,17,5,16,30,-4.0
22020,1610612742,DAL,Dallas Mavericks,0022000964,2021-05-01,DAL vs. WAS,W,239,125,47,87,0.54,17,38,0.447,14,22,0.636,7,29,36,31,6,4,11,25,1.0
22020,1610612753,ORL,Orlando Magic,0022000961,2021-05-01,ORL vs. MEM,W,241,112,38,85,0.447,11,25,0.44,25,28,0.893,6,31,37,20,10,5,10,17,1.0
22020,1610612766,CHA,Charlotte Hornets,0022000957,2021-05-01,CHA vs. DET,W,240,107,42,87,0.483,14,37,0.378,9,20,0.45,14,40,54,24,8,15,13,16,13.0
22020,1610612739,CLE,Cleveland Cavaliers,0022000960,2021-05-01,CLE vs. MIA,L,240,107,37,74,0.5,20,40,0.5,13,17,0.765,9,30,39,30,3,4,18,17,-17.0
22020,1610612748,MIA,Miami Heat,0022000960,2021-05-01,MIA @ CLE,W,241,124,47,87,0.54,18,36,0.5,12,15,0.8,10,27,37,30,12,1,8,16,17.0
22020,1610612746,LAC,LA Clippers,0022000966,2021-05-01,LAC vs. DEN,L,239,104,36,83,0.434,14,34,0.412,18,24,0.75,10,29,39,21,8,3,6,19,-6.0
22020,1610612760,OKC,Oklahoma City Thunder,0022000963,2021-05-01,OKC vs. IND,L,240,95,38,111,0.342,8,38,0.211,11,23,0.478,21,27,48,23,8,4,14,15,-57.0
22020,1610612749,MIL,Milwaukee Bucks,0022000954,2021-04-30,MIL @ CHI,W,241,108,42,90,0.467,9,25,0.36,15,20,0.75,8,43,51,24,5,5,10,19,10.0
22020,1610612755,PHI,Philadelphia 76ers,0022000949,2021-04-30,PHI vs. ATL,W,240,126,47,101,0.465,10,28,0.357,22,26,0.846,18,32,50,27,8,6,8,21,22.0
22020,1610612739,CLE,Cleveland Cavaliers,0022000951,2021-04-30,CLE vs. WAS,L,239,93,34,82,0.415,7,33,0.212,18,28,0.643,14,32,46,19,6,4,24,17,-29.0
22020,1610612738,BOS,Boston Celtics,0022000950,2021-04-30,BOS vs. SAS,W,265,143,49,105,0.467,18,38,0.474,27,36,0.75,17,35,52,31,7,7,13,26,3.0
22020,1610612762,UTA,Utah Jazz,0022000955,2021-04-30,UTA @ PHX,L,242,100,35,80,0.438,14,39,0.359,16,18,0.889,8,28,36,22,8,5,13,17,-21.0
22020,1610612759,SAS,San Antonio Spurs,0022000950,2021-04-30,SAS @ BOS,L,265,140,49,92,0.533,11,24,0.458,31,38,0.816,8,35,43,29,6,1,11,27,-3.0
22020,1610612737,ATL,Atlanta Hawks,0022000949,2021-04-30,ATL @ PHI,L,240,104,36,82,0.439,10,28,0.357,22,28,0.786,12,34,46,19,3,8,16,23,-22.0
22020,1610612757,POR,Portland Trail Blazers,0022000952,2021-04-30,POR @ BKN,W,239,128,47,91,0.516,16,36,0.444,18,20,0.9,8,42,50,24,3,2,10,17,19.0
22020,1610612763,MEM,Memphis Grizzlies,0022000953,2021-04-30,MEM vs. ORL,W,242,92,34,99,0.343,11,39,0.282,13,16,0.813,15,42,57,25,10,8,8,15,17.0
22020,1610612756,PHX,Phoenix Suns,0022000955,2021-04-30,PHX vs. UTA,W,242,121,48,88,0.545,11,33,0.333,14,19,0.737,8,36,44,27,7,7,11,14,21.0
22020,1610612747,LAL,Los Angeles Lakers,0022000956,2021-04-30,LAL vs. SAC,L,240,106,42,83,0.506,7,28,0.25,15,21,0.714,11,32,43,24,9,12,21,17,-4.0
22020,1610612764,WAS,Washington Wizards,0022000951,2021-04-30,WAS @ CLE,W,238,122,46,92,0.5,8,18,0.444,22,26,0.846,11,35,46,31,14,3,12,19,29.0
22020,1610612751,BKN,Brooklyn Nets,0022000952,2021-04-30,BKN vs. POR,L,239,109,40,95,0.421,13,41,0.317,16,19,0.842,11,31,42,20,6,3,8,18,-19.0
22020,1610612753,ORL,Orlando Magic,0022000953,2021-04-30,ORL @ MEM,L,240,75,27,86,0.314,6,26,0.231,15,20,0.75,12,44,56,16,4,6,20,19,-17.0
22020,1610612741,CHI,Chicago Bulls,0022000954,2021-04-30,CHI vs. MIL,L,240,98,37,96,0.385,10,33,0.303,14,21,0.667,14,36,50,23,5,5,10,18,-10.0
22020,1610612758,SAC,Sacramento Kings,0022000956,2021-04-30,SAC @ LAL,W,242,110,39,86,0.453,12,33,0.364,20,22,0.909,11,26,37,29,10,3,17,16,4.0
22020,1610612761,TOR,Toronto Raptors,0022000948,2021-04-29,TOR @ DEN,L,241,111,40,83,0.482,16,32,0.5,15,18,0.833,7,29,36,27,10,6,15,19,-10.0
22020,1610612744,GSW,Golden State Warriors,0022000946,2021-04-29,GSW @ MIN,L,240,114,42,85,0.494,15,38,0.395,15,21,0.714,4,30,34,28,10,7,10,21,-12.0
22020,1610612742,DAL,Dallas Mavericks,0022000943,2021-04-29,DAL @ DET,W,241,115,40,89,0.449,13,30,0.433,22,23,0.957,8,27,35,22,6,2,11,20,10.0
22020,1610612750,MIN,Minnesota Timberwolves,0022000946,2021-04-29,MIN vs. GSW,W,240,126,43,94,0.457,20,41,0.488,20,29,0.69,16,41,57,31,5,2,13,21,12.0
22020,1610612751,BKN,Brooklyn Nets,0022000944,2021-04-29,BKN @ IND,W,239,130,47,89,0.528,12,35,0.343,24,28,0.857,8,42,50,35,3,5,13,19,17.0
22020,1610612765,DET,Detroit Pistons,0022000943,2021-04-29,DET vs. DAL,L,240,105,36,71,0.507,10,29,0.345,23,34,0.676,3,36,39,26,7,5,18,23,-10.0
22020,1610612743,DEN,Denver Nuggets,0022000948,2021-04-29,DEN vs. TOR,W,240,121,44,93,0.473,12,35,0.343,21,26,0.808,14,33,47,22,6,7,11,16,10.0
22020,1610612740,NOP,New Orleans Pelicans,0022000947,2021-04-29,NOP @ OKC,W,241,109,45,101,0.446,5,29,0.172,14,19,0.737,15,41,56,26,11,6,12,22,14.0
22020,1610612745,HOU,Houston Rockets,0022000945,2021-04-29,HOU vs. MIL,W,241,143,49,98,0.5,25,46,0.543,20,24,0.833,16,36,52,23,6,6,18,23,7.0
22020,1610612754,IND,Indiana Pacers,0022000944,2021-04-29,IND vs. BKN,L,240,113,41,96,0.427,11,39,0.282,20,21,0.952,7,31,38,23,8,6,10,23,-17.0
22020,1610612749,MIL,Milwaukee Bucks,0022000945,2021-04-29,MIL @ HOU,L,240,136,49,93,0.527,16,39,0.41,22,25,0.88,8,30,38,27,12,5,14,21,-7.0
22020,1610612760,OKC,Oklahoma City Thunder,0022000947,2021-04-29,OKC vs. NOP,L,241,95,34,89,0.382,11,39,0.282,16,20,0.8,12,41,53,18,6,4,22,21,-14.0
22020,1610612741,CHI,Chicago Bulls,0022000937,2021-04-28,CHI @ NYK,L,242,94,39,85,0.459,10,29,0.345,6,10,0.6,7,36,43,29,2,4,14,12,-19.0
22020,1610612738,BOS,Boston Celtics,0022000936,2021-04-28,BOS vs. CHA,W,242,120,44,92,0.478,15,40,0.375,17,22,0.773,19,35,54,26,9,8,14,24,9.0
22020,1610612748,MIA,Miami Heat,0022000938,2021-04-28,MIA vs. SAS,W,239,116,43,85,0.506,9,25,0.36,21,24,0.875,10,38,48,26,4,1,12,23,5.0
22020,1610612764,WAS,Washington Wizards,0022000935,2021-04-28,WAS vs. LAL,W,241,116,47,90,0.522,6,18,0.333,16,21,0.762,10,40,50,24,6,4,13,20,9.0
22020,1610612762,UTA,Utah Jazz,0022000942,2021-04-28,UTA @ SAC,W,240,154,55,86,0.64,24,41,0.585,20,21,0.952,8,39,47,36,4,9,13,15,49.0
22020,1610612739,CLE,Cleveland Cavaliers,0022000933,2021-04-28,CLE vs. ORL,L,241,104,37,92,0.402,12,44,0.273,18,24,0.75,13,32,45,30,12,3,11,15,-5.0
22020,1610612753,ORL,Orlando Magic,0022000933,2021-04-28,ORL @ CLE,W,240,109,43,85,0.506,10,29,0.345,13,20,0.65,9,40,49,26,9,7,15,21,5.0
22020,1610612757,POR,Portland Trail Blazers,0022000939,2021-04-28,POR @ MEM,W,239,130,45,92,0.489,15,40,0.375,25,28,0.893,11,40,51,23,7,6,10,20,21.0
22020,1610612763,MEM,Memphis Grizzlies,0022000939,2021-04-28,MEM vs. POR,L,242,109,37,88,0.42,9,32,0.281,26,30,0.867,8,36,44,26,7,6,11,21,-21.0
22020,1610612743,DEN,Denver Nuggets,0022000940,2021-04-28,DEN vs. NOP,W,240,114,43,85,0.506,10,32,0.313,18,23,0.783,3,35,38,26,14,8,18,17,2.0
22020,1610612766,CHA,Charlotte Hornets,0022000936,2021-04-28,CHA @ BOS,L,240,111,37,87,0.425,13,35,0.371,24,32,0.75,11,22,33,29,7,5,11,18,-9.0
22020,1610612747,LAL,Los Angeles Lakers,0022000935,2021-04-28,LAL @ WAS,L,239,107,42,96,0.438,10,34,0.294,13,21,0.619,13,28,41,31,10,8,10,20,-9.0
22020,1610612759,SAS,San Antonio Spurs,0022000938,2021-04-28,SAS @ MIA,L,239,111,41,88,0.466,10,32,0.313,19,24,0.792,7,33,40,26,6,3,9,20,-5.0
22020,1610612755,PHI,Philadelphia 76ers,0022000934,2021-04-28,PHI vs. ATL,W,242,127,48,89,0.539,16,36,0.444,15,22,0.682,11,35,46,29,12,10,7,22,44.0
22020,1610612737,ATL,Atlanta Hawks,0022000934,2021-04-28,ATL @ PHI,L,240,83,27,81,0.333,6,19,0.316,23,29,0.793,17,30,47,17,3,3,14,18,-44.0
22020,1610612752,NYK,New York Knicks,0022000937,2021-04-28,NYK vs. CHI,W,240,113,42,91,0.462,12,27,0.444,17,19,0.895,9,32,41,27,10,9,4,16,19.0
22020,1610612758,SAC,Sacramento Kings,0022000942,2021-04-28,SAC vs. UTA,L,241,105,42,87,0.483,7,21,0.333,14,17,0.824,3,21,24,24,8,6,12,19,-49.0
22020,1610612756,PHX,Phoenix Suns,0022000941,2021-04-28,PHX vs. LAC,W,240,109,43,91,0.473,13,37,0.351,10,13,0.769,15,30,45,23,9,4,10,11,8.0
22020,1610612740,NOP,New Orleans Pelicans,0022000940,2021-04-28,NOP @ DEN,L,241,112,43,87,0.494,12,30,0.4,14,19,0.737,6,36,42,27,13,5,21,24,-2.0
22020,1610612746,LAC,LA Clippers,0022000941,2021-04-28,LAC @ PHX,L,241,101,41,80,0.513,12,31,0.387,7,9,0.778,5,31,36,24,8,0,14,16,-8.0
22020,1610612754,IND,Indiana Pacers,0022000929,2021-04-27,IND vs. POR,L,240,112,40,86,0.465,10,30,0.333,22,28,0.786,7,31,38,25,6,12,13,17,-21.0
22020,1610612744,GSW,Golden State Warriors,0022000932,2021-04-27,GSW vs. DAL,L,241,103,34,84,0.405,16,43,0.372,19,24,0.792,10,33,43,25,11,5,18,18,-30.0
22020,1610612738,BOS,Boston Celtics,0022000927,2021-04-27,BOS vs. OKC,L,240,115,41,97,0.423,11,49,0.224,22,25,0.88,8,31,39,21,16,7,14,26,-4.0
22020,1610612745,HOU,Houston Rockets,0022000931,2021-04-27,HOU vs. MIN,L,240,107,42,86,0.488,7,31,0.226,16,22,0.727,8,37,45,24,9,4,17,22,-7.0
22020,1610612760,OKC,Oklahoma City Thunder,0022000927,2021-04-27,OKC @ BOS,W,241,119,39,81,0.481,13,30,0.433,28,36,0.778,10,41,51,25,5,3,27,24,4.0
22020,1610612761,TOR,Toronto Raptors,0022000930,2021-04-27,TOR vs. BKN,L,240,103,36,91,0.396,15,43,0.349,16,19,0.842,15,32,47,24,5,3,13,19,-13.0
22020,1610612751,BKN,Brooklyn Nets,0022000930,2021-04-27,BKN @ TOR,W,240,116,40,83,0.482,18,45,0.4,18,18,1.0,7,34,41,30,9,6,10,20,13.0
22020,1610612750,MIN,Minnesota Timberwolves,0022000931,2021-04-27,MIN @ HOU,W,239,114,45,93,0.484,10,38,0.263,14,25,0.56,12,36,48,29,10,6,14,20,7.0
22020,1610612749,MIL,Milwaukee Bucks,0022000928,2021-04-27,MIL @ CHA,W,241,114,47,93,0.505,9,35,0.257,11,14,0.786,9,39,48,28,13,3,15,24,10.0
22020,1610612742,DAL,Dallas Mavericks,0022000932,2021-04-27,DAL @ GSW,W,239,133,48,92,0.522,18,35,0.514,19,22,0.864,9,41,50,21,9,4,13,19,30.0
22020,1610612766,CHA,Charlotte Hornets,0022000928,2021-04-27,CHA vs. MIL,L,241,104,38,82,0.463,12,35,0.343,16,23,0.696,7,31,38,26,6,7,17,17,-10.0
22020,1610612757,POR,Portland Trail Blazers,0022000929,2021-04-27,POR @ IND,W,240,133,50,106,0.472,20,35,0.571,13,16,0.813,20,37,57,26,6,5,13,19,21.0
22020,1610612755,PHI,Philadelphia 76ers,0022000918,2021-04-26,PHI vs. OKC,W,241,121,47,86,0.547,14,31,0.452,13,18,0.722,10,31,41,27,22,7,20,19,31.0
22020,1610612763,MEM,Memphis Grizzlies,0022000925,2021-04-26,MEM @ DEN,L,239,96,34,81,0.42,4,32,0.125,24,31,0.774,6,39,45,20,8,6,16,22,-24.0
22020,1610612737,ATL,Atlanta Hawks,0022000916,2021-04-26,ATL @ DET,L,238,86,33,85,0.388,4,27,0.148,16,17,0.941,9,36,45,19,10,4,16,17,-14.0
22020,1610612748,MIA,Miami Heat,0022000922,2021-04-26,MIA vs. CHI,L,240,102,36,84,0.429,7,36,0.194,23,25,0.92,6,28,34,18,13,4,5,19,-8.0
22020,1610612761,TOR,Toronto Raptors,0022000921,2021-04-26,TOR vs. CLE,W,241,112,43,79,0.544,8,29,0.276,18,20,0.9,5,35,40,32,7,5,12,19,16.0
22020,1610612764,WAS,Washington Wizards,0022000919,2021-04-26,WAS vs. SAS,L,265,143,58,109,0.532,6,20,0.3,21,25,0.84,18,32,50,26,4,8,8,23,-3.0
22020,1610612750,MIN,Minnesota Timberwolves,0022000923,2021-04-26,MIN vs. UTA,W,240,105,37,83,0.446,16,44,0.364,15,21,0.714,8,40,48,29,7,4,16,21,1.0
22020,1610612760,OKC,Oklahoma City Thunder,0022000918,2021-04-26,OKC @ PHI,L,240,90,35,78,0.449,7,30,0.233,13,23,0.565,11,27,38,21,11,1,29,16,-31.0
22020,1610612752,NYK,New York Knicks,0022000920,2021-04-26,NYK vs. PHX,L,239,110,45,87,0.517,12,29,0.414,8,10,0.8,6,29,35,24,6,1,10,19,-8.0
22020,1610612762,UTA,Utah Jazz,0022000923,2021-04-26,UTA @ MIN,L,240,104,37,95,0.389,16,57,0.281,14,19,0.737,16,33,49,24,9,6,11,18,-1.0
22020,1610612765,DET,Detroit Pistons,0022000916,2021-04-26,DET vs. ATL,W,241,100,40,84,0.476,9,26,0.346,11,15,0.733,8,39,47,22,9,8,14,16,14.0
22020,1610612740,NOP,New Orleans Pelicans,0022000924,2021-04-26,NOP vs. LAC,W,240,120,44,82,0.537,15,29,0.517,17,26,0.654,8,36,44,28,13,5,16,18,17.0
22020,1610612756,PHX,Phoenix Suns,0022000920,2021-04-26,PHX @ NYK,W,240,118,45,83,0.542,14,34,0.412,14,17,0.824,5,32,37,23,5,6,8,13,8.0
22020,1610612753,ORL,Orlando Magic,0022000917,2021-04-26,ORL vs. LAL,L,241,103,36,76,0.474,11,25,0.44,20,24,0.833,4,24,28,16,5,3,11,18,-11.0
22020,1610612743,DEN,Denver Nuggets,0022000925,2021-04-26,DEN vs. MEM,W,238,120,45,94,0.479,11,33,0.333,19,22,0.864,8,40,48,25,8,3,11,20,24.0
22020,1610612747,LAL,Los Angeles Lakers,0022000917,2021-04-26,LAL @ ORL,W,240,114,47,87,0.54,11,31,0.355,9,14,0.643,9,35,44,23,8,5,11,18,11.0
22020,1610612742,DAL,Dallas Mavericks,0022000926,2021-04-26,DAL @ SAC,L,241,106,43,92,0.467,12,42,0.286,8,14,0.571,14,26,40,24,9,2,10,15,-7.0
22020,1610612759,SAS,San Antonio Spurs,0022000919,2021-04-26,SAS @ WAS,W,264,146,55,103,0.534,6,17,0.353,30,35,0.857,13,31,44,27,6,1,6,21,3.0
22020,1610612739,CLE,Cleveland Cavaliers,0022000921,2021-04-26,CLE @ TOR,L,240,96,36,83,0.434,10,38,0.263,14,16,0.875,9,28,37,25,6,3,13,16,-16.0
22020,1610612741,CHI,Chicago Bulls,0022000922,2021-04-26,CHI @ MIA,W,239,110,41,77,0.532,11,29,0.379,17,22,0.773,9,42,51,33,3,4,18,21,8.0
22020,1610612746,LAC,LA Clippers,0022000924,2021-04-26,LAC @ NOP,L,238,103,36,90,0.4,14,45,0.311,17,17,1.0,13,31,44,20,5,5,18,23,-17.0
22020,1610612758,SAC,Sacramento Kings,0022000926,2021-04-26,SAC vs. DAL,W,240,113,42,81,0.519,13,29,0.448,16,18,0.889,11,35,46,23,6,4,16,15,7.0
22020,1610612749,MIL,Milwaukee Bucks,0022000913,2021-04-25,MIL @ ATL,L,239,104,39,81,0.481,8,28,0.286,18,23,0.783,4,37,41,20,6,6,12,18,-7.0
22020,1610612737,ATL,Atlanta Hawks,0022000913,2021-04-25,ATL vs. MIL,W,240,111,40,88,0.455,13,35,0.371,18,23,0.783,5,39,44,23,6,1,9,20,7.0
22020,1610612753,ORL,Orlando Magic,0022000914,2021-04-25,ORL vs. IND,L,239,112,40,101,0.396,10,32,0.313,22,28,0.786,15,36,51,22,9,3,6,14,-19.0
22020,1610612756,PHX,Phoenix Suns,0022000912,2021-04-25,PHX @ BKN,L,240,119,43,90,0.478,12,34,0.353,21,25,0.84,15,28,43,22,5,3,12,24,-9.0
22020,1610612738,BOS,Boston Celtics,0022000911,2021-04-25,BOS @ CHA,L,239,104,34,88,0.386,14,41,0.341,22,26,0.846,11,30,41,18,6,2,13,13,-21.0
22020,1610612758,SAC,Sacramento Kings,0022000915,2021-04-25,SAC @ GSW,L,239,113,41,86,0.477,14,37,0.378,17,22,0.773,6,31,37,22,8,5,10,15,-4.0
22020,1610612751,BKN,Brooklyn Nets,0022000912,2021-04-25,BKN vs. PHX,W,240,128,46,87,0.529,13,28,0.464,23,27,0.852,11,33,44,30,6,4,10,17,9.0
22020,1610612744,GSW,Golden State Warriors,0022000915,2021-04-25,GSW vs. SAC,W,240,117,46,95,0.484,14,36,0.389,11,15,0.733,17,36,53,30,5,3,16,16,4.0
22020,1610612739,CLE,Cleveland Cavaliers,0022000197,2021-04-25,CLE @ WAS,L,241,110,40,78,0.513,10,27,0.37,20,25,0.8,10,27,37,28,5,4,19,25,-9.0
22020,1610612763,MEM,Memphis Grizzlies,0022000240,2021-04-25,MEM @ POR,W,240,120,42,91,0.462,12,23,0.522,24,28,0.857,8,46,54,22,9,7,15,22,7.0
22020,1610612754,IND,Indiana Pacers,0022000914,2021-04-25,IND @ ORL,W,241,131,50,91,0.549,15,32,0.469,16,18,0.889,5,43,48,28,3,5,13,20,19.0
22020,1610612764,WAS,Washington Wizards,0022000197,2021-04-25,WAS vs. CLE,W,240,119,43,89,0.483,12,31,0.387,21,26,0.808,10,26,36,25,11,6,10,21,9.0
22020,1610612757,POR,Portland Trail Blazers,0022000240,2021-04-25,POR vs. MEM,L,241,113,39,105,0.371,14,38,0.368,21,25,0.84,15,38,53,21,11,6,11,22,-7.0
22020,1610612766,CHA,Charlotte Hornets,0022000911,2021-04-25,CHA vs. BOS,W,242,125,47,93,0.505,21,43,0.488,10,11,0.909,10,36,46,39,7,8,11,21,21.0
22020,1610612755,PHI,Philadelphia 76ers,0022000905,2021-04-24,PHI @ MIL,L,240,94,31,82,0.378,7,31,0.226,25,34,0.735,10,31,41,15,11,4,17,20,-38.0
22020,1610612745,HOU,Houston Rockets,0022000910,2021-04-24,HOU @ DEN,L,241,116,41,82,0.5,15,40,0.375,19,28,0.679,6,29,35,27,10,1,15,16,-13.0
22020,1610612740,NOP,New Orleans Pelicans,0022000264,2021-04-24,NOP vs. SAS,L,240,108,41,87,0.471,9,22,0.409,17,32,0.531,10,38,48,20,12,1,19,24,-2.0
22020,1610612762,UTA,Utah Jazz,0022000909,2021-04-24,UTA vs. MIN,L,240,96,33,82,0.402,19,47,0.404,11,15,0.733,9,36,45,24,9,5,20,21,-5.0
22020,1610612741,CHI,Chicago Bulls,0022000907,2021-04-24,CHI @ MIA,L,241,101,38,79,0.481,13,38,0.342,12,13,0.923,6,36,42,28,7,2,17,20,-5.0
22020,1610612754,IND,Indiana Pacers,0022000906,2021-04-24,IND vs. DET,W,239,115,40,96,0.417,10,32,0.313,25,35,0.714,9,30,39,28,10,9,4,21,6.0
22020,1610612742,DAL,Dallas Mavericks,0022000908,2021-04-24,DAL vs. LAL,W,239,108,38,78,0.487,13,30,0.433,19,25,0.76,10,41,51,26,3,2,16,17,15.0
22020,1610612765,DET,Detroit Pistons,0022000906,2021-04-24,DET @ IND,L,240,109,39,96,0.406,10,34,0.294,21,26,0.808,15,47,62,26,3,7,18,25,-6.0
22020,1610612750,MIN,Minnesota Timberwolves,0022000909,2021-04-24,MIN @ UTA,W,239,101,40,92,0.435,9,38,0.237,12,20,0.6,11,36,47,15,13,2,13,19,5.0
22020,1610612752,NYK,New York Knicks,0022000904,2021-04-24,NYK vs. TOR,W,240,120,42,75,0.56,16,31,0.516,20,24,0.833,5,39,44,20,4,4,13,17,17.0
22020,1610612761,TOR,Toronto Raptors,0022000904,2021-04-24,TOR @ NYK,L,241,103,36,83,0.434,17,44,0.386,14,19,0.737,5,28,33,31,6,3,7,19,-17.0
22020,1610612749,MIL,Milwaukee Bucks,0022000905,2021-04-24,MIL vs. PHI,W,241,132,49,95,0.516,18,40,0.45,16,24,0.667,16,39,55,33,10,4,15,28,38.0
22020,1610612743,DEN,Denver Nuggets,0022000910,2021-04-24,DEN vs. HOU,W,242,129,50,84,0.595,16,37,0.432,13,16,0.813,1,35,36,36,8,8,14,22,13.0
22020,1610612747,LAL,Los Angeles Lakers,0022000908,2021-04-24,LAL @ DAL,L,240,93,33,86,0.384,12,45,0.267,15,19,0.789,6,30,36,22,11,4,9,22,-15.0
22020,1610612759,SAS,San Antonio Spurs,0022000264,2021-04-24,SAS @ NOP,W,240,110,37,85,0.435,9,31,0.29,27,32,0.844,9,37,46,22,9,8,17,23,2.0
22020,1610612748,MIA,Miami Heat,0022000907,2021-04-24,MIA vs. CHI,W,240,106,36,80,0.45,14,37,0.378,20,24,0.833,6,31,37,22,11,2,10,12,5.0
22020,1610612751,BKN,Brooklyn Nets,0022000899,2021-04-23,BKN vs. BOS,W,239,109,37,86,0.43,11,32,0.344,24,28,0.857,6,41,47,26,12,7,11,19,5.0
22020,1610612766,CHA,Charlotte Hornets,0022000900,2021-04-23,CHA vs. CLE,W,240,108,40,94,0.426,14,40,0.35,14,18,0.778,15,23,38,26,7,1,5,16,6.0
22020,1610612743,DEN,Denver Nuggets,0022000903,2021-04-23,DEN @ GSW,L,239,97,34,88,0.386,13,46,0.283,16,20,0.8,6,30,36,26,9,7,9,14,-21.0
22020,1610612763,MEM,Memphis Grizzlies,0022000225,2021-04-23,MEM @ POR,W,241,130,52,98,0.531,9,30,0.3,17,22,0.773,8,31,39,33,7,5,8,21,2.0
22020,1610612745,HOU,Houston Rockets,0022000901,2021-04-23,HOU vs. LAC,L,239,104,36,89,0.404,13,42,0.31,19,22,0.864,9,38,47,24,7,5,14,19,-5.0
22020,1610612748,MIA,Miami Heat,0022000898,2021-04-23,MIA @ ATL,L,240,103,38,79,0.481,13,37,0.351,14,16,0.875,6,24,30,24,10,5,13,18,-15.0
22020,1610612764,WAS,Washington Wizards,0022000902,2021-04-23,WAS @ OKC,W,238,129,48,93,0.516,18,32,0.563,15,16,0.938,12,38,50,25,7,7,20,23,20.0
22020,1610612739,CLE,Cleveland Cavaliers,0022000900,2021-04-23,CLE @ CHA,L,239,102,41,80,0.513,10,30,0.333,10,14,0.714,11,36,47,27,4,1,16,20,-6.0
22020,1610612757,POR,Portland Trail Blazers,0022000225,2021-04-23,POR vs. MEM,L,239,128,46,96,0.479,14,35,0.4,22,27,0.815,14,36,50,28,6,3,11,20,-2.0
22020,1610612746,LAC,LA Clippers,0022000901,2021-04-23,LAC @ HOU,W,240,109,39,97,0.402,12,34,0.353,19,23,0.826,14,44,58,22,8,3,14,19,5.0
22020,1610612738,BOS,Boston Celtics,0022000899,2021-04-23,BOS @ BKN,L,240,104,38,94,0.404,17,42,0.405,11,16,0.688,15,39,54,21,6,6,19,20,-5.0
22020,1610612737,ATL,Atlanta Hawks,0022000898,2021-04-23,ATL vs. MIA,W,240,118,43,80,0.538,15,35,0.429,17,19,0.895,8,30,38,24,12,2,14,17,15.0
22020,1610612744,GSW,Golden State Warriors,0022000903,2021-04-23,GSW vs. DEN,W,241,118,45,84,0.536,15,39,0.385,13,18,0.722,7,45,52,40,8,4,14,15,21.0
22020,1610612760,OKC,Oklahoma City Thunder,0022000902,2021-04-23,OKC vs. WAS,L,239,109,39,93,0.419,10,33,0.303,21,25,0.84,14,26,40,18,12,7,16,17,-20.0
22020,1610612753,ORL,Orlando Magic,0022000893,2021-04-22,ORL vs. NOP,L,240,100,36,98,0.367,13,36,0.361,15,19,0.789,13,27,40,13,6,6,4,18,-35.0
22020,1610612766,CHA,Charlotte Hornets,0022000896,2021-04-22,CHA @ CHI,L,238,91,35,82,0.427,8,31,0.258,13,17,0.765,7,31,38,30,5,3,14,18,-17.0
22020,1610612765,DET,Detroit Pistons,0022000895,2021-04-22,DET @ SAS,L,240,91,35,77,0.455,8,22,0.364,13,22,0.591,9,34,43,15,2,5,17,22,-15.0
22020,1610612747,LAL,Los Angeles Lakers,0022000897,2021-04-22,LAL @ DAL,L,240,110,43,90,0.478,10,30,0.333,14,17,0.824,12,33,45,26,7,5,16,28,-5.0
22020,1610612755,PHI,Philadelphia 76ers,0022000894,2021-04-22,PHI @ MIL,L,241,117,46,91,0.505,12,27,0.444,13,18,0.722,7,26,33,27,7,3,8,17,-7.0
22020,1610612749,MIL,Milwaukee Bucks,0022000894,2021-04-22,MIL vs. PHI,W,241,124,45,81,0.556,20,40,0.5,14,23,0.609,6,39,45,32,6,8,16,16,7.0
22020,1610612756,PHX,Phoenix Suns,0022000892,2021-04-22,PHX @ BOS,L,241,86,36,88,0.409,6,35,0.171,8,9,0.889,10,28,38,18,10,2,17,23,-13.0
22020,1610612740,NOP,New Orleans Pelicans,0022000893,2021-04-22,NOP @ ORL,W,240,135,50,90,0.556,12,28,0.429,23,26,0.885,12,46,58,34,2,3,14,16,35.0
22020,1610612742,DAL,Dallas Mavericks,0022000897,2021-04-22,DAL vs. LAL,W,240,115,40,82,0.488,9,24,0.375,26,36,0.722,9,29,38,23,11,5,12,15,5.0
22020,1610612738,BOS,Boston Celtics,0022000892,2021-04-22,BOS vs. PHX,W,241,99,33,77,0.429,12,40,0.3,21,24,0.875,10,38,48,20,7,2,20,12,13.0
22020,1610612741,CHI,Chicago Bulls,0022000896,2021-04-22,CHI vs. CHA,W,240,108,43,87,0.494,14,43,0.326,8,11,0.727,11,39,50,30,8,2,17,14,17.0
22020,1610612759,SAS,San Antonio Spurs,0022000895,2021-04-22,SAS vs. DET,W,240,106,37,80,0.463,11,24,0.458,21,27,0.778,11,32,43,28,12,7,10,19,15.0
22020,1610612755,PHI,Philadelphia 76ers,0022000883,2021-04-21,PHI vs. PHX,L,239,113,41,80,0.513,13,25,0.52,18,26,0.692,14,30,44,24,7,7,16,19,-3.0
22020,1610612752,NYK,New York Knicks,0022000886,2021-04-21,NYK vs. ATL,W,264,137,49,91,0.538,19,35,0.543,20,25,0.8,8,41,49,29,8,3,14,19,10.0
22020,1610612748,MIA,Miami Heat,0022000888,2021-04-21,MIA @ SAS,W,240,107,39,83,0.47,13,31,0.419,16,20,0.8,9,35,44,28,8,1,7,20,20.0
22020,1610612756,PHX,Phoenix Suns,0022000883,2021-04-21,PHX @ PHI,W,238,116,41,86,0.477,15,42,0.357,19,21,0.905,10,23,33,30,7,8,8,21,3.0
22020,1610612758,SAC,Sacramento Kings,0022000891,2021-04-21,SAC vs. MIN,W,240,128,43,74,0.581,17,33,0.515,25,31,0.806,4,29,33,29,7,5,14,20,3.0
22020,1610612754,IND,Indiana Pacers,0022000882,2021-04-21,IND vs. OKC,W,240,122,46,101,0.455,14,40,0.35,16,20,0.8,14,33,47,30,13,7,11,16,6.0
22020,1610612759,SAS,San Antonio Spurs,0022000888,2021-04-21,SAS vs. MIA,L,240,87,31,77,0.403,10,35,0.286,15,20,0.75,7,31,38,21,1,7,10,15,-20.0
22020,1610612741,CHI,Chicago Bulls,0022000881,2021-04-21,CHI @ CLE,L,240,105,39,79,0.494,13,37,0.351,14,18,0.778,7,34,41,27,6,4,19,24,-16.0
22020,1610612745,HOU,Houston Rockets,0022000887,2021-04-21,HOU vs. UTA,L,241,89,35,99,0.354,10,49,0.204,9,17,0.529,12,38,50,17,7,5,11,21,-23.0
22020,1610612739,CLE,Cleveland Cavaliers,0022000881,2021-04-21,CLE vs. CHI,W,239,121,45,88,0.511,16,36,0.444,15,19,0.789,9,32,41,27,8,1,10,19,16.0
22020,1610612737,ATL,Atlanta Hawks,0022000886,2021-04-21,ATL @ NYK,L,265,127,49,102,0.48,12,34,0.353,17,24,0.708,12,29,41,28,10,3,10,18,-10.0
22020,1610612761,TOR,Toronto Raptors,0022000884,2021-04-21,TOR vs. BKN,W,241,114,39,90,0.433,18,47,0.383,18,21,0.857,9,39,48,23,7,8,10,20,11.0
22020,1610612746,LAC,LA Clippers,0022000889,2021-04-21,LAC vs. MEM,W,239,117,38,84,0.452,14,27,0.519,27,36,0.75,10,33,43,28,4,5,12,17,12.0
22020,1610612750,MIN,Minnesota Timberwolves,0022000891,2021-04-21,MIN @ SAC,L,240,125,46,87,0.529,15,34,0.441,18,22,0.818,9,25,34,30,7,4,10,21,-3.0
22020,1610612744,GSW,Golden State Warriors,0022000885,2021-04-21,GSW @ WAS,L,240,114,40,101,0.396,15,45,0.333,19,21,0.905,10,34,44,22,15,5,17,23,-4.0
22020,1610612742,DAL,Dallas Mavericks,0022000442,2021-04-21,DAL vs. DET,W,241,127,46,92,0.5,16,43,0.372,19,26,0.731,11,32,43,25,8,2,6,22,10.0
22020,1610612762,UTA,Utah Jazz,0022000887,2021-04-21,UTA @ HOU,W,240,112,41,90,0.456,17,46,0.37,13,16,0.813,9,52,61,27,7,4,12,16,23.0
22020,1610612757,POR,Portland Trail Blazers,0022000890,2021-04-21,POR vs. DEN,L,239,105,40,87,0.46,12,36,0.333,13,15,0.867,9,32,41,21,7,2,11,16,-1.0
22020,1610612764,WAS,Washington Wizards,0022000885,2021-04-21,WAS vs. GSW,W,240,118,38,91,0.418,10,28,0.357,32,38,0.842,15,46,61,23,12,7,22,16,4.0
22020,1610612743,DEN,Denver Nuggets,0022000890,2021-04-21,DEN @ POR,W,239,106,39,88,0.443,13,39,0.333,15,17,0.882,16,30,46,24,7,5,13,16,1.0
22020,1610612765,DET,Detroit Pistons,0022000442,2021-04-21,DET @ DAL,L,241,117,40,79,0.506,13,32,0.406,24,31,0.774,7,35,42,30,2,2,13,24,-10.0
22020,1610612763,MEM,Memphis Grizzlies,0022000889,2021-04-21,MEM @ LAC,L,239,105,38,84,0.452,13,30,0.433,16,23,0.696,11,31,42,19,6,8,13,29,-12.0
22020,1610612751,BKN,Brooklyn Nets,0022000884,2021-04-21,BKN @ TOR,L,239,103,36,91,0.396,13,41,0.317,18,23,0.783,12,38,50,19,3,6,13,17,-11.0
22020,1610612760,OKC,Oklahoma City Thunder,0022000882,2021-04-21,OKC @ IND,L,240,116,48,104,0.462,9,29,0.31,11,16,0.688,17,38,55,26,8,3,17,18,-6.0
22020,1610612758,SAC,Sacramento Kings,0022000880,2021-04-20,SAC vs. MIN,L,241,120,44,97,0.454,18,42,0.429,14,16,0.875,13,26,39,28,10,3,10,17,-14.0
22020,1610612737,ATL,Atlanta Hawks,0022000876,2021-04-20,ATL vs. ORL,W,240,112,39,94,0.415,9,34,0.265,25,29,0.862,18,47,65,20,6,3,13,22,16.0
22020,1610612750,MIN,Minnesota Timberwolves,0022000880,2021-04-20,MIN @ SAC,W,240,134,51,90,0.567,18,43,0.419,14,19,0.737,12,38,50,34,5,9,18,16,14.0
22020,1610612753,ORL,Orlando Magic,0022000876,2021-04-20,ORL @ ATL,L,240,96,34,86,0.395,8,37,0.216,20,29,0.69,6,34,40,13,11,3,10,19,-16.0
22020,1610612766,CHA,Charlotte Hornets,0022000877,2021-04-20,CHA @ NYK,L,239,97,39,86,0.453,16,39,0.41,3,8,0.375,11,28,39,26,6,3,12,10,-12.0
22020,1610612751,BKN,Brooklyn Nets,0022000878,2021-04-20,BKN @ NOP,W,240,134,49,89,0.551,14,37,0.378,22,28,0.786,10,34,44,30,7,2,13,21,5.0
22020,1610612746,LAC,LA Clippers,0022000879,2021-04-20,LAC @ POR,W,240,113,45,90,0.5,11,38,0.289,12,15,0.8,10,35,45,24,3,3,10,15,1.0
22020,1610612757,POR,Portland Trail Blazers,0022000879,2021-04-20,POR vs. LAC,L,240,112,42,94,0.447,14,44,0.318,14,19,0.737,13,29,42,22,7,4,6,16,-1.0
22020,1610612740,NOP,New Orleans Pelicans,0022000878,2021-04-20,NOP vs. BKN,L,240,129,51,91,0.56,12,33,0.364,15,24,0.625,7,30,37,28,5,2,13,21,-5.0
22020,1610612752,NYK,New York Knicks,0022000877,2021-04-20,NYK vs. CHA,W,241,109,40,83,0.482,18,45,0.4,11,12,0.917,11,28,39,22,5,6,9,13,12.0
22020,1610612738,BOS,Boston Celtics,0022000869,2021-04-19,BOS vs. CHI,L,238,96,36,77,0.468,10,25,0.4,14,15,0.933,3,36,39,21,8,3,15,15,-6.0
22020,1610612763,MEM,Memphis Grizzlies,0022000874,2021-04-19,MEM @ DEN,L,291,137,51,107,0.477,17,40,0.425,18,24,0.75,10,37,47,33,15,3,14,24,-2.0
22020,1610612759,SAS,San Antonio Spurs,0022000473,2021-04-19,SAS @ IND,W,240,109,36,84,0.429,8,28,0.286,29,35,0.829,9,48,57,27,4,4,12,23,15.0
22020,1610612764,WAS,Washington Wizards,0022000872,2021-04-19,WAS vs. OKC,W,240,119,46,91,0.505,10,31,0.323,17,29,0.586,8,34,42,31,8,2,12,19,12.0
22020,1610612760,OKC,Oklahoma City Thunder,0022000872,2021-04-19,OKC @ WAS,L,239,107,36,83,0.434,13,33,0.394,22,27,0.815,9,39,48,23,6,2,19,26,-12.0
22020,1610612744,GSW,Golden State Warriors,0022000870,2021-04-19,GSW @ PHI,W,240,107,34,76,0.447,14,32,0.438,25,32,0.781,6,39,45,15,2,5,16,19,11.0
22020,1610612739,CLE,Cleveland Cavaliers,0022000868,2021-04-19,CLE @ DET,L,240,105,42,86,0.488,5,26,0.192,16,20,0.8,9,30,39,24,9,8,17,21,-4.0
22020,1610612745,HOU,Houston Rockets,0022000871,2021-04-19,HOU @ MIA,L,240,91,33,85,0.388,9,38,0.237,16,17,0.941,6,35,41,20,8,3,13,7,-22.0
22020,1610612747,LAL,Los Angeles Lakers,0022000875,2021-04-19,LAL vs. UTA,L,240,97,34,79,0.43,12,28,0.429,17,25,0.68,5,27,32,17,10,1,10,14,-14.0
22020,1610612765,DET,Detroit Pistons,0022000868,2021-04-19,DET vs. CLE,W,241,109,42,86,0.488,10,27,0.37,15,21,0.714,10,34,44,25,8,5,17,22,4.0
22020,1610612762,UTA,Utah Jazz,0022000875,2021-04-19,UTA @ LAL,W,242,111,43,75,0.573,15,33,0.455,10,11,0.909,2,40,42,29,5,5,17,20,14.0
22020,1610612748,MIA,Miami Heat,0022000871,2021-04-19,MIA vs. HOU,W,240,113,45,93,0.484,19,48,0.396,4,7,0.571,11,41,52,31,7,5,13,19,22.0
22020,1610612754,IND,Indiana Pacers,0022000473,2021-04-19,IND vs. SAS,L,240,94,34,104,0.327,8,34,0.235,18,27,0.667,14,40,54,20,4,7,7,27,-15.0
22020,1610612743,DEN,Denver Nuggets,0022000874,2021-04-19,DEN vs. MEM,W,290,139,51,102,0.5,15,39,0.385,22,26,0.846,13,45,58,30,6,6,24,19,2.0
22020,1610612755,PHI,Philadelphia 76ers,0022000870,2021-04-19,PHI vs. GSW,L,238,96,35,89,0.393,12,32,0.375,14,18,0.778,10,32,42,26,9,6,13,21,-11.0
22020,1610612741,CHI,Chicago Bulls,0022000869,2021-04-19,CHI @ BOS,W,242,102,41,91,0.451,11,32,0.344,9,10,0.9,9,31,40,30,11,8,12,15,6.0
22020,1610612756,PHX,Phoenix Suns,0022000873,2021-04-19,PHX @ MIL,W,265,128,51,106,0.481,17,42,0.405,9,10,0.9,8,37,45,28,7,4,11,16,1.0
22020,1610612749,MIL,Milwaukee Bucks,0022000873,2021-04-19,MIL vs. PHX,L,262,127,49,102,0.48,11,34,0.324,18,19,0.947,9,42,51,19,7,3,11,15,-1.0
22020,1610612737,ATL,Atlanta Hawks,0022000861,2021-04-18,ATL vs. IND,W,239,129,45,92,0.489,13,32,0.406,26,34,0.765,14,37,51,20,8,7,10,19,12.0
22020,1610612746,LAC,LA Clippers,0022000867,2021-04-18,LAC vs. MIN,W,240,124,45,89,0.506,21,42,0.5,13,17,0.765,8,40,48,31,6,3,14,26,19.0
22020,1610612745,HOU,Houston Rockets,0022000864,2021-04-18,HOU @ ORL,W,242,114,42,82,0.512,16,34,0.471,14,20,0.7,10,33,43,26,7,7,19,21,4.0
22020,1610612750,MIN,Minnesota Timberwolves,0022000867,2021-04-18,MIN @ LAC,L,239,105,36,88,0.409,17,45,0.378,16,21,0.762,6,31,37,27,6,7,11,21,-19.0
22020,1610612766,CHA,Charlotte Hornets,0022000362,2021-04-18,CHA vs. POR,W,239,109,39,83,0.47,18,43,0.419,13,17,0.765,7,39,46,26,6,8,14,25,8.0
22020,1610612753,ORL,Orlando Magic,0022000864,2021-04-18,ORL vs. HOU,L,240,110,41,91,0.451,11,32,0.344,17,19,0.895,9,27,36,28,10,5,15,19,-4.0
22020,1610612754,IND,Indiana Pacers,0022000861,2021-04-18,IND @ ATL,L,240,117,45,92,0.489,10,32,0.313,17,20,0.85,8,33,41,33,7,5,12,27,-12.0
22020,1610612761,TOR,Toronto Raptors,0022000865,2021-04-18,TOR vs. OKC,W,239,112,37,96,0.385,17,38,0.447,21,24,0.875,16,31,47,23,9,5,13,15,6.0
22020,1610612748,MIA,Miami Heat,0022000863,2021-04-18,MIA vs. BKN,W,240,109,38,87,0.437,16,39,0.41,17,21,0.81,16,37,53,28,9,1,16,13,2.0
22020,1610612758,SAC,Sacramento Kings,0022000866,2021-04-18,SAC @ DAL,W,241,121,44,89,0.494,11,24,0.458,22,25,0.88,10,32,42,22,11,3,6,19,14.0
22020,1610612757,POR,Portland Trail Blazers,0022000362,2021-04-18,POR @ CHA,L,240,101,36,91,0.396,10,36,0.278,19,28,0.679,13,34,47,18,7,3,8,17,-8.0
22020,1610612752,NYK,New York Knicks,0022000862,2021-04-18,NYK vs. NOP,W,265,122,45,95,0.474,11,29,0.379,21,24,0.875,13,36,49,27,9,6,13,26,10.0
22020,1610612760,OKC,Oklahoma City Thunder,0022000865,2021-04-18,OKC @ TOR,L,239,106,37,82,0.451,14,33,0.424,18,21,0.857,9,37,46,22,6,8,21,19,-6.0
22020,1610612740,NOP,New Orleans Pelicans,0022000862,2021-04-18,NOP @ NYK,L,265,112,41,101,0.406,6,27,0.222,24,30,0.8,20,32,52,25,6,4,12,16,-10.0
22020,1610612742,DAL,Dallas Mavericks,0022000866,2021-04-18,DAL vs. SAC,L,239,107,39,87,0.448,16,48,0.333,13,20,0.65,10,32,42,15,3,8,14,20,-14.0
22020,1610612751,BKN,Brooklyn Nets,0022000863,2021-04-18,BKN @ MIA,L,241,107,39,82,0.476,17,43,0.395,12,18,0.667,8,30,38,26,10,6,11,17,-2.0
22020,1610612759,SAS,San Antonio Spurs,0022000860,2021-04-17,SAS @ PHX,W,241,111,45,89,0.506,12,29,0.414,9,12,0.75,5,41,46,23,10,9,12,17,26.0
22020,1610612762,UTA,Utah Jazz,0022000855,2021-04-17,UTA @ LAL,L,267,115,42,101,0.416,23,59,0.39,8,8,1.0,6,31,37,31,10,3,15,21,-12.0
22020,1610612738,BOS,Boston Celtics,0022000858,2021-04-17,BOS vs. GSW,W,241,119,44,94,0.468,15,46,0.326,16,20,0.8,14,31,45,18,9,2,9,18,5.0
22020,1610612741,CHI,Chicago Bulls,0022000857,2021-04-17,CHI vs. CLE,W,240,106,41,82,0.5,16,40,0.4,8,9,0.889,4,34,38,30,6,2,10,15,10.0
22020,1610612764,WAS,Washington Wizards,0022000856,2021-04-17,WAS vs. DET,W,240,121,50,94,0.532,9,16,0.563,12,19,0.632,10,38,48,25,11,6,12,24,21.0
22020,1610612744,GSW,Golden State Warriors,0022000858,2021-04-17,GSW @ BOS,L,240,114,41,80,0.513,17,40,0.425,15,20,0.75,8,32,40,22,6,2,17,23,-5.0
22020,1610612763,MEM,Memphis Grizzlies,0022000859,2021-04-17,MEM @ MIL,W,242,128,51,93,0.548,15,40,0.375,11,12,0.917,7,36,43,31,10,3,10,18,13.0
22020,1610612756,PHX,Phoenix Suns,0022000860,2021-04-17,PHX vs. SAS,L,241,85,36,90,0.4,6,27,0.222,7,16,0.438,15,33,48,19,7,2,14,14,-26.0
22020,1610612747,LAL,Los Angeles Lakers,0022000855,2021-04-17,LAL vs. UTA,W,264,127,48,93,0.516,11,33,0.333,20,23,0.87,11,41,52,26,8,8,14,14,12.0
22020,1610612765,DET,Detroit Pistons,0022000856,2021-04-17,DET @ WAS,L,239,100,37,84,0.44,9,27,0.333,17,23,0.739,9,36,45,19,7,6,18,20,-21.0
22020,1610612749,MIL,Milwaukee Bucks,0022000859,2021-04-17,MIL vs. MEM,L,238,115,39,91,0.429,16,47,0.34,21,27,0.778,13,32,45,27,7,1,16,8,-13.0
22020,1610612739,CLE,Cleveland Cavaliers,0022000857,2021-04-17,CLE @ CHI,L,240,96,39,88,0.443,12,30,0.4,6,7,0.857,11,33,44,27,6,1,10,10,-10.0
22020,1610612740,NOP,New Orleans Pelicans,0022000847,2021-04-16,NOP @ WAS,L,264,115,40,97,0.412,7,28,0.25,28,33,0.848,11,45,56,26,11,7,15,22,-2.0
22020,1610612751,BKN,Brooklyn Nets,0022000848,2021-04-16,BKN vs. CHA,W,238,130,47,85,0.553,21,41,0.512,15,16,0.938,7,30,37,35,12,5,18,17,15.0
22020,1610612750,MIN,Minnesota Timberwolves,0022000852,2021-04-16,MIN vs. MIA,W,241,119,42,81,0.519,15,36,0.417,20,29,0.69,10,35,45,30,8,2,17,22,8.0
22020,1610612762,UTA,Utah Jazz,0022000844,2021-04-16,UTA vs. IND,W,240,119,42,87,0.483,16,42,0.381,19,24,0.792,10,46,56,22,5,6,20,19,8.0
22020,1610612754,IND,Indiana Pacers,0022000844,2021-04-16,IND @ UTA,L,240,111,41,105,0.39,13,39,0.333,16,17,0.941,14,29,43,23,13,3,10,19,-8.0
22020,1610612760,OKC,Oklahoma City Thunder,0022000845,2021-04-16,OKC @ DET,L,240,104,39,97,0.402,7,39,0.179,19,26,0.731,18,38,56,19,13,8,21,23,-6.0
22020,1610612748,MIA,Miami Heat,0022000852,2021-04-16,MIA @ MIN,L,243,111,39,80,0.488,14,34,0.412,19,26,0.731,7,26,33,33,11,5,14,28,-8.0
22020,1610612765,DET,Detroit Pistons,0022000845,2021-04-16,DET vs. OKC,W,240,110,38,90,0.422,10,35,0.286,24,34,0.706,15,39,54,22,13,7,18,24,6.0
22020,1610612745,HOU,Houston Rockets,0022000851,2021-04-16,HOU vs. DEN,L,240,99,38,86,0.442,11,35,0.314,12,18,0.667,8,27,35,23,7,3,14,19,-29.0
22020,1610612757,POR,Portland Trail Blazers,0022000853,2021-04-16,POR @ SAS,W,240,107,41,89,0.461,11,29,0.379,14,16,0.875,9,29,38,23,9,6,11,12,1.0
22020,1610612759,SAS,San Antonio Spurs,0022000853,2021-04-16,SAS vs. POR,L,240,106,45,95,0.474,7,23,0.304,9,10,0.9,14,35,49,30,7,9,14,14,-1.0
22020,1610612743,DEN,Denver Nuggets,0022000851,2021-04-16,DEN @ HOU,W,241,128,46,94,0.489,9,31,0.29,27,31,0.871,18,36,54,22,11,3,9,15,29.0
22020,1610612766,CHA,Charlotte Hornets,0022000848,2021-04-16,CHA @ BKN,L,239,115,44,83,0.53,12,34,0.353,15,20,0.75,8,29,37,26,12,3,19,18,-15.0
22020,1610612746,LAC,LA Clippers,0022000846,2021-04-16,LAC @ PHI,L,239,103,37,82,0.451,19,39,0.487,10,16,0.625,8,35,43,26,6,3,19,26,-3.0
22020,1610612741,CHI,Chicago Bulls,0022000850,2021-04-16,CHI vs. MEM,L,241,115,45,96,0.469,13,34,0.382,12,15,0.8,13,33,46,34,3,1,11,20,-11.0
22020,1610612763,MEM,Memphis Grizzlies,0022000850,2021-04-16,MEM @ CHI,W,239,126,45,86,0.523,17,40,0.425,19,24,0.792,6,36,42,33,9,4,5,17,11.0
22020,1610612764,WAS,Washington Wizards,0022000847,2021-04-16,WAS vs. NOP,W,265,117,45,96,0.469,4,27,0.148,23,32,0.719,3,43,46,24,5,7,13,24,2.0
22020,1610612742,DAL,Dallas Mavericks,0022000854,2021-04-16,DAL vs. NYK,L,240,109,40,91,0.44,15,45,0.333,14,19,0.737,10,31,41,30,6,7,9,17,-8.0
22020,1610612752,NYK,New York Knicks,0022000854,2021-04-16,NYK @ DAL,W,240,117,44,86,0.512,14,28,0.5,15,21,0.714,9,36,45,22,4,5,9,20,8.0
22020,1610612753,ORL,Orlando Magic,0022000849,2021-04-16,ORL @ TOR,L,240,102,35,77,0.455,8,23,0.348,24,34,0.706,6,29,35,20,8,4,10,14,-11.0
22020,1610612755,PHI,Philadelphia 76ers,0022000846,2021-04-16,PHI vs. LAC,W,240,106,35,83,0.422,14,44,0.318,22,30,0.733,11,35,46,21,13,7,12,19,3.0
22020,1610612761,TOR,Toronto Raptors,0022000849,2021-04-16,TOR vs. ORL,W,240,113,41,82,0.5,14,35,0.4,17,18,0.944,8,34,42,24,6,10,14,24,11.0
22020,1610612739,CLE,Cleveland Cavaliers,0022000841,2021-04-15,CLE vs. GSW,L,240,101,35,81,0.432,10,31,0.323,21,27,0.778,8,31,39,21,11,2,13,20,-18.0
22020,1610612747,LAL,Los Angeles Lakers,0022000842,2021-04-15,LAL vs. BOS,L,240,113,44,98,0.449,12,37,0.324,13,19,0.684,11,25,36,28,12,2,8,16,-8.0
22020,1610612758,SAC,Sacramento Kings,0022000843,2021-04-15,SAC @ PHX,L,240,114,43,78,0.551,14,30,0.467,14,19,0.737,4,28,32,22,7,4,15,16,-8.0
22020,1610612756,PHX,Phoenix Suns,0022000843,2021-04-15,PHX vs. SAC,W,240,122,48,86,0.558,14,38,0.368,12,14,0.857,10,29,39,30,9,4,11,18,8.0
22020,1610612744,GSW,Golden State Warriors,0022000841,2021-04-15,GSW @ CLE,W,239,119,47,92,0.511,17,46,0.37,8,10,0.8,9,38,47,33,9,5,15,24,18.0
22020,1610612737,ATL,Atlanta Hawks,0022000840,2021-04-15,ATL vs. MIL,L,240,109,39,86,0.453,14,34,0.412,17,19,0.895,8,31,39,23,5,4,11,15,-11.0
22020,1610612749,MIL,Milwaukee Bucks,0022000840,2021-04-15,MIL @ ATL,W,241,120,46,95,0.484,16,43,0.372,12,17,0.706,14,37,51,25,8,1,8,16,11.0
22020,1610612738,BOS,Boston Celtics,0022000842,2021-04-15,BOS @ LAL,W,241,121,48,85,0.565,14,32,0.438,11,13,0.846,7,41,48,33,4,6,21,20,8.0
22020,1610612755,PHI,Philadelphia 76ers,0022000830,2021-04-14,PHI vs. BKN,W,241,123,45,87,0.517,13,28,0.464,20,25,0.8,4,28,32,23,8,9,10,21,6.0
22020,1610612748,MIA,Miami Heat,0022000838,2021-04-14,MIA @ DEN,L,240,106,39,79,0.494,13,32,0.406,15,18,0.833,4,26,30,29,7,8,8,13,-17.0
22020,1610612740,NOP,New Orleans Pelicans,0022000835,2021-04-14,NOP vs. NYK,L,241,106,40,88,0.455,6,28,0.214,20,24,0.833,9,40,49,25,3,5,9,12,-10.0
22020,1610612759,SAS,San Antonio Spurs,0022000831,2021-04-14,SAS @ TOR,L,240,112,38,89,0.427,17,39,0.436,19,27,0.704,12,29,41,26,6,7,13,19,-5.0
22020,1610612765,DET,Detroit Pistons,0022000832,2021-04-14,DET vs. LAC,L,240,98,37,85,0.435,7,24,0.292,17,22,0.773,11,35,46,17,5,4,16,21,-2.0
22020,1610612745,HOU,Houston Rockets,0022000461,2021-04-14,HOU vs. IND,L,240,124,48,104,0.462,10,34,0.294,18,22,0.818,16,31,47,22,12,6,15,17,-8.0
22020,1610612754,IND,Indiana Pacers,0022000461,2021-04-14,IND @ HOU,W,240,132,50,94,0.532,15,36,0.417,17,22,0.773,11,37,48,28,10,6,18,16,8.0
22020,1610612766,CHA,Charlotte Hornets,0022000829,2021-04-14,CHA vs. CLE,L,239,90,34,84,0.405,16,44,0.364,6,12,0.5,10,28,38,23,8,5,12,18,-13.0
22020,1610612763,MEM,Memphis Grizzlies,0022000837,2021-04-14,MEM vs. DAL,L,241,113,42,90,0.467,13,34,0.382,16,21,0.762,11,34,45,27,7,3,7,18,-1.0
22020,1610612741,CHI,Chicago Bulls,0022000833,2021-04-14,CHI vs. ORL,L,240,106,41,86,0.477,17,37,0.459,7,9,0.778,7,33,40,23,7,6,12,16,-9.0
22020,1610612764,WAS,Washington Wizards,0022000839,2021-04-14,WAS @ SAC,W,241,123,47,90,0.522,7,24,0.292,22,27,0.815,14,42,56,23,12,3,24,18,12.0
22020,1610612746,LAC,LA Clippers,0022000832,2021-04-14,LAC @ DET,W,241,100,37,93,0.398,7,29,0.241,19,21,0.905,15,32,47,10,8,2,11,20,2.0
22020,1610612751,BKN,Brooklyn Nets,0022000830,2021-04-14,BKN @ PHI,L,239,117,43,83,0.518,4,21,0.19,27,30,0.9,11,32,43,23,6,3,15,21,-6.0
22020,1610612742,DAL,Dallas Mavericks,0022000837,2021-04-14,DAL @ MEM,W,239,114,44,88,0.5,13,40,0.325,13,17,0.765,8,37,45,25,4,3,11,17,1.0
22020,1610612760,OKC,Oklahoma City Thunder,0022000836,2021-04-14,OKC vs. GSW,L,239,109,44,92,0.478,7,27,0.259,14,25,0.56,17,33,50,22,6,2,21,22,-38.0
22020,1610612761,TOR,Toronto Raptors,0022000831,2021-04-14,TOR vs. SAS,W,239,117,41,88,0.466,14,30,0.467,21,25,0.84,13,41,54,21,8,5,12,19,5.0
22020,1610612744,GSW,Golden State Warriors,0022000836,2021-04-14,GSW @ OKC,W,238,147,52,95,0.547,24,47,0.511,19,23,0.826,9,32,41,39,12,6,14,20,38.0
22020,1610612753,ORL,Orlando Magic,0022000833,2021-04-14,ORL @ CHI,W,239,115,44,89,0.494,12,27,0.444,15,20,0.75,13,33,46,29,8,10,7,15,9.0
22020,1610612752,NYK,New York Knicks,0022000835,2021-04-14,NYK @ NOP,W,240,116,44,97,0.454,17,33,0.515,11,13,0.846,11,37,48,19,6,5,6,17,10.0
22020,1610612750,MIN,Minnesota Timberwolves,0022000834,2021-04-14,MIN vs. MIL,L,242,105,34,92,0.37,15,41,0.366,22,31,0.71,10,37,47,22,13,7,16,17,-25.0
22020,1610612743,DEN,Denver Nuggets,0022000838,2021-04-14,DEN vs. MIA,W,241,123,48,89,0.539,17,36,0.472,10,13,0.769,11,32,43,32,5,7,10,19,17.0
22020,1610612739,CLE,Cleveland Cavaliers,0022000829,2021-04-14,CLE @ CHA,W,241,103,37,76,0.487,13,31,0.419,16,19,0.842,9,38,47,27,9,7,15,11,13.0
22020,1610612749,MIL,Milwaukee Bucks,0022000834,2021-04-14,MIL @ MIN,W,238,130,46,98,0.469,19,40,0.475,19,23,0.826,7,45,52,26,14,4,16,20,25.0
22020,1610612758,SAC,Sacramento Kings,0022000839,2021-04-14,SAC vs. WAS,L,241,111,42,91,0.462,9,27,0.333,18,24,0.75,5,25,30,22,17,8,17,22,-12.0
22020,1610612746,LAC,LA Clippers,0022000823,2021-04-13,LAC @ IND,W,240,126,48,89,0.539,13,28,0.464,17,19,0.895,6,42,48,34,10,5,14,20,11.0
22020,1610612757,POR,Portland Trail Blazers,0022000828,2021-04-13,POR vs. BOS,L,240,115,43,90,0.478,17,43,0.395,12,17,0.706,8,38,46,31,6,5,14,22,-1.0
22020,1610612748,MIA,Miami Heat,0022000827,2021-04-13,MIA @ PHX,L,239,86,31,82,0.378,9,44,0.205,15,19,0.789,8,28,36,24,13,2,16,20,-20.0
22020,1610612751,BKN,Brooklyn Nets,0022000817,2021-04-13,BKN @ MIN,W,240,127,46,91,0.505,15,36,0.417,20,24,0.833,11,46,57,31,8,4,18,22,30.0
22020,1610612762,UTA,Utah Jazz,0022000826,2021-04-13,UTA vs. OKC,W,240,106,36,86,0.419,17,47,0.362,17,20,0.85,11,40,51,24,6,10,12,18,10.0
22020,1610612756,PHX,Phoenix Suns,0022000827,2021-04-13,PHX vs. MIA,W,240,106,38,82,0.463,13,42,0.31,17,18,0.944,9,39,48,28,11,2,19,18,20.0
22020,1610612750,MIN,Minnesota Timberwolves,0022000817,2021-04-13,MIN vs. BKN,L,240,97,30,87,0.345,13,49,0.265,24,33,0.727,11,33,44,16,13,12,14,20,-30.0
22020,1610612747,LAL,Los Angeles Lakers,0022000825,2021-04-13,LAL @ CHA,W,240,101,34,82,0.415,16,44,0.364,17,18,0.944,8,30,38,24,9,2,11,18,8.0
22020,1610612760,OKC,Oklahoma City Thunder,0022000826,2021-04-13,OKC @ UTA,L,240,96,36,93,0.387,14,34,0.412,10,18,0.556,15,35,50,13,8,1,12,23,-10.0
22020,1610612738,BOS,Boston Celtics,0022000828,2021-04-13,BOS @ POR,W,241,116,42,90,0.467,15,35,0.429,17,24,0.708,9,37,46,30,5,4,9,19,1.0
22020,1610612761,TOR,Toronto Raptors,0022000824,2021-04-13,TOR vs. ATL,L,240,103,42,88,0.477,10,39,0.256,9,13,0.692,6,36,42,16,7,4,13,19,-5.0
22020,1610612737,ATL,Atlanta Hawks,0022000824,2021-04-13,ATL @ TOR,W,240,108,40,84,0.476,13,30,0.433,15,22,0.682,8,31,39,21,7,2,13,16,5.0
22020,1610612766,CHA,Charlotte Hornets,0022000825,2021-04-13,CHA vs. LAL,L,240,93,36,83,0.434,9,35,0.257,12,18,0.667,12,33,45,22,5,3,16,18,-8.0
22020,1610612754,IND,Indiana Pacers,0022000823,2021-04-13,IND vs. LAC,L,241,115,44,96,0.458,9,40,0.225,18,22,0.818,9,33,42,14,9,5,12,17,-11.0
22020,1610612758,SAC,Sacramento Kings,0022000819,2021-04-12,SAC @ NOP,L,241,110,39,90,0.433,10,35,0.286,22,37,0.595,8,26,34,21,14,3,10,26,-7.0
22020,1610612744,GSW,Golden State Warriors,0022000821,2021-04-12,GSW vs. DEN,W,239,116,39,81,0.481,18,44,0.409,20,22,0.909,4,32,36,23,11,3,16,22,9.0
22020,1610612741,CHI,Chicago Bulls,0022000278,2021-04-12,CHI @ MEM,L,239,90,36,86,0.419,5,31,0.161,13,17,0.765,8,32,40,23,8,3,17,16,-11.0
22020,1610612755,PHI,Philadelphia 76ers,0022000818,2021-04-12,PHI @ DAL,W,237,113,39,80,0.488,12,31,0.387,23,33,0.697,6,34,40,24,9,4,9,20,18.0
22020,1610612753,ORL,Orlando Magic,0022000816,2021-04-12,ORL vs. SAS,L,240,97,36,80,0.45,5,20,0.25,20,32,0.625,11,33,44,15,6,2,15,17,-23.0
22020,1610612764,WAS,Washington Wizards,0022000820,2021-04-12,WAS @ UTA,W,241,125,47,90,0.522,9,19,0.474,22,28,0.786,8,36,44,29,7,4,7,27,4.0
22020,1610612742,DAL,Dallas Mavericks,0022000818,2021-04-12,DAL vs. PHI,L,240,95,35,83,0.422,9,36,0.25,16,20,0.8,11,35,46,16,7,3,15,24,-18.0
22020,1610612743,DEN,Denver Nuggets,0022000821,2021-04-12,DEN @ GSW,L,240,107,39,83,0.47,8,26,0.308,21,25,0.84,10,31,41,23,11,2,19,24,-9.0
22020,1610612740,NOP,New Orleans Pelicans,0022000819,2021-04-12,NOP vs. SAC,W,240,117,42,77,0.545,6,19,0.316,27,39,0.692,9,42,51,24,8,5,21,23,7.0
22020,1610612747,LAL,Los Angeles Lakers,0022000815,2021-04-12,LAL @ NYK,L,241,96,35,80,0.438,12,36,0.333,14,18,0.778,4,29,33,22,5,7,24,21,-15.0
22020,1610612752,NYK,New York Knicks,0022000815,2021-04-12,NYK vs. LAL,W,239,111,42,89,0.472,5,27,0.185,22,27,0.815,15,32,47,18,14,9,15,20,15.0
22020,1610612763,MEM,Memphis Grizzlies,0022000278,2021-04-12,MEM vs. CHI,W,240,101,40,85,0.471,9,28,0.321,12,14,0.857,10,41,51,27,7,7,20,20,11.0
22020,1610612762,UTA,Utah Jazz,0022000820,2021-04-12,UTA vs. WAS,L,241,121,41,85,0.482,15,36,0.417,24,31,0.774,9,34,43,21,2,3,14,23,-4.0
22020,1610612759,SAS,San Antonio Spurs,0022000816,2021-04-12,SAS @ ORL,W,241,120,48,93,0.516,10,25,0.4,14,18,0.778,12,35,47,30,6,5,9,26,23.0
22020,1610612745,HOU,Houston Rockets,0022000822,2021-04-12,HOU @ PHX,L,240,120,44,87,0.506,17,42,0.405,15,19,0.789,12,39,51,32,9,3,21,15,-6.0
22020,1610612756,PHX,Phoenix Suns,0022000822,2021-04-12,PHX vs. HOU,W,240,126,45,94,0.479,25,45,0.556,11,18,0.611,12,30,42,33,14,3,13,18,6.0
22020,1610612763,MEM,Memphis Grizzlies,0022000811,2021-04-11,MEM vs. IND,L,240,125,53,115,0.461,6,20,0.3,13,19,0.684,24,26,50,27,11,6,6,12,-7.0
22020,1610612742,DAL,Dallas Mavericks,0022000810,2021-04-11,DAL vs. SAS,L,240,117,45,94,0.479,13,42,0.31,14,15,0.933,11,26,37,25,5,3,12,21,-2.0
22020,1610612750,MIN,Minnesota Timberwolves,0022000812,2021-04-11,MIN vs. CHI,W,241,121,40,81,0.494,16,36,0.444,25,25,1.0,3,33,36,27,7,6,14,14,4.0
22020,1610612757,POR,Portland Trail Blazers,0022000814,2021-04-11,POR vs. MIA,L,242,98,37,77,0.481,11,35,0.314,13,19,0.684,8,33,41,21,5,5,17,16,-9.0
22020,1610612766,CHA,Charlotte Hornets,0022000805,2021-04-11,CHA vs. ATL,L,242,101,37,80,0.463,15,43,0.349,12,14,0.857,6,32,38,28,5,5,12,14,-4.0
22020,1610612741,CHI,Chicago Bulls,0022000812,2021-04-11,CHI @ MIN,L,240,117,47,92,0.511,15,38,0.395,8,13,0.615,8,30,38,30,10,8,13,19,-4.0
22020,1610612759,SAS,San Antonio Spurs,0022000810,2021-04-11,SAS @ DAL,W,240,119,45,83,0.542,8,21,0.381,21,27,0.778,10,31,41,20,10,7,14,20,2.0
22020,1610612739,CLE,Cleveland Cavaliers,0022000807,2021-04-11,CLE vs. NOP,L,240,109,41,85,0.482,13,40,0.325,14,17,0.824,9,27,36,29,7,5,17,23,-7.0
22020,1610612749,MIL,Milwaukee Bucks,0022000808,2021-04-11,MIL @ ORL,W,239,124,46,94,0.489,19,40,0.475,13,15,0.867,12,44,56,28,8,7,11,15,37.0
22020,1610612746,LAC,LA Clippers,0022000813,2021-04-11,LAC vs. DET,W,241,131,50,80,0.625,15,27,0.556,16,21,0.762,7,30,37,35,4,5,16,18,7.0
22020,1610612761,TOR,Toronto Raptors,0022000809,2021-04-11,TOR @ NYK,L,240,96,33,79,0.418,11,34,0.324,19,23,0.826,5,35,40,19,8,7,15,23,-6.0
22020,1610612737,ATL,Atlanta Hawks,0022000805,2021-04-11,ATL @ CHA,W,240,105,38,84,0.452,17,39,0.436,12,16,0.75,7,34,41,27,7,1,11,11,4.0
22020,1610612748,MIA,Miami Heat,0022000814,2021-04-11,MIA @ POR,W,239,107,41,83,0.494,12,29,0.414,13,20,0.65,6,24,30,21,12,4,7,18,9.0
22020,1610612754,IND,Indiana Pacers,0022000811,2021-04-11,IND @ MEM,W,240,132,52,99,0.525,13,37,0.351,15,17,0.882,15,38,53,35,5,10,12,16,7.0
22020,1610612753,ORL,Orlando Magic,0022000808,2021-04-11,ORL vs. MIL,L,240,87,32,86,0.372,8,36,0.222,15,19,0.789,7,30,37,19,8,6,14,13,-37.0
22020,1610612752,NYK,New York Knicks,0022000809,2021-04-11,NYK vs. TOR,W,240,102,35,88,0.398,9,35,0.257,23,27,0.852,11,35,46,19,9,4,13,19,6.0
22020,1610612740,NOP,New Orleans Pelicans,0022000807,2021-04-11,NOP @ CLE,W,240,116,44,86,0.512,7,24,0.292,21,26,0.808,14,36,50,30,9,3,16,16,7.0
22020,1610612743,DEN,Denver Nuggets,0022000806,2021-04-11,DEN vs. BOS,L,241,87,32,88,0.364,8,34,0.235,15,18,0.833,13,33,46,23,5,4,9,20,-18.0
22020,1610612738,BOS,Boston Celtics,0022000806,2021-04-11,BOS @ DEN,W,243,105,39,87,0.448,7,33,0.212,20,23,0.87,10,42,52,20,4,7,9,18,18.0
22020,1610612765,DET,Detroit Pistons,0022000813,2021-04-11,DET @ LAC,L,240,124,46,87,0.529,15,32,0.469,17,19,0.895,12,19,31,33,12,4,12,24,-7.0
22020,1610612756,PHX,Phoenix Suns,0022000803,2021-04-10,PHX vs. WAS,W,240,134,55,107,0.514,17,43,0.395,7,7,1.0,5,40,45,36,8,3,3,18,28.0
22020,1610612762,UTA,Utah Jazz,0022000801,2021-04-10,UTA vs. SAC,W,240,128,40,88,0.455,18,50,0.36,30,35,0.857,11,41,52,22,8,5,10,17,16.0
22020,1610612764,WAS,Washington Wizards,0022000803,2021-04-10,WAS @ PHX,L,239,106,39,84,0.464,9,25,0.36,19,28,0.679,7,42,49,27,2,1,16,12,-28.0
22020,1610612744,GSW,Golden State Warriors,0022000802,2021-04-10,GSW vs. HOU,W,240,125,49,91,0.538,14,35,0.4,13,16,0.813,9,36,45,31,13,5,16,19,16.0
22020,1610612758,SAC,Sacramento Kings,0022000801,2021-04-10,SAC @ UTA,L,241,112,42,88,0.477,14,42,0.333,14,22,0.636,4,34,38,23,8,4,10,23,-16.0
22020,1610612739,CLE,Cleveland Cavaliers,0022000794,2021-04-10,CLE vs. TOR,L,240,115,39,86,0.453,15,35,0.429,22,26,0.846,7,25,32,27,11,5,17,13,-20.0
22020,1610612757,POR,Portland Trail Blazers,0022000804,2021-04-10,POR vs. DET,W,240,118,43,90,0.478,13,29,0.448,19,24,0.792,14,35,49,18,5,8,15,20,15.0
22020,1610612755,PHI,Philadelphia 76ers,0022000199,2021-04-10,PHI @ OKC,W,240,117,44,94,0.468,12,38,0.316,17,25,0.68,13,34,47,24,11,10,9,17,24.0
22020,1610612747,LAL,Los Angeles Lakers,0022000800,2021-04-10,LAL @ BKN,W,241,126,47,93,0.505,19,34,0.559,13,20,0.65,12,35,47,30,12,4,14,24,25.0
22020,1610612765,DET,Detroit Pistons,0022000804,2021-04-10,DET @ POR,L,241,103,37,83,0.446,9,26,0.346,20,28,0.714,9,29,38,25,9,6,11,23,-15.0
22020,1610612751,BKN,Brooklyn Nets,0022000800,2021-04-10,BKN vs. LAL,L,240,101,35,80,0.438,5,27,0.185,26,30,0.867,9,33,42,19,6,10,19,20,-25.0
22020,1610612761,TOR,Toronto Raptors,0022000794,2021-04-10,TOR @ CLE,W,241,135,53,86,0.616,17,32,0.531,12,14,0.857,5,34,39,29,12,11,17,18,20.0
22020,1610612745,HOU,Houston Rockets,0022000802,2021-04-10,HOU @ GSW,L,238,109,41,88,0.466,13,37,0.351,14,20,0.7,13,32,45,25,8,3,18,17,-16.0
22020,1610612760,OKC,Oklahoma City Thunder,0022000199,2021-04-10,OKC vs. PHI,L,240,93,38,76,0.5,8,20,0.4,9,19,0.474,6,39,45,21,3,4,22,21,-24.0
22020,1610612741,CHI,Chicago Bulls,0022000791,2021-04-09,CHI @ ATL,L,241,108,41,86,0.477,13,33,0.394,13,14,0.929,8,30,38,25,6,1,13,17,-12.0
22020,1610612764,WAS,Washington Wizards,0022000798,2021-04-09,WAS @ GSW,W,239,110,43,89,0.483,5,19,0.263,19,24,0.792,11,36,47,30,6,1,18,16,3.0
22020,1610612743,DEN,Denver Nuggets,0022000797,2021-04-09,DEN vs. SAS,W,239,121,43,79,0.544,14,27,0.519,21,23,0.913,9,37,46,32,5,4,18,22,2.0
22020,1610612754,IND,Indiana Pacers,0022000790,2021-04-09,IND @ ORL,W,239,111,38,92,0.413,11,33,0.333,24,28,0.857,11,38,49,26,8,10,14,24,5.0
22020,1610612750,MIN,Minnesota Timberwolves,0022000792,2021-04-09,MIN @ BOS,L,265,136,47,96,0.49,15,42,0.357,27,30,0.9,9,28,37,30,14,0,14,26,-9.0
22020,1610612749,MIL,Milwaukee Bucks,0022000796,2021-04-09,MIL vs. CHA,L,241,119,44,98,0.449,14,38,0.368,17,23,0.739,13,35,48,23,10,3,17,14,-8.0
22020,1610612738,BOS,Boston Celtics,0022000792,2021-04-09,BOS vs. MIN,W,266,145,47,87,0.54,19,42,0.452,32,34,0.941,9,36,45,32,9,5,20,25,9.0
22020,1610612745,HOU,Houston Rockets,0022000799,2021-04-09,HOU @ LAC,L,240,109,39,83,0.47,12,37,0.324,19,27,0.704,12,29,41,28,3,6,14,15,-17.0
22020,1610612746,LAC,LA Clippers,0022000799,2021-04-09,LAC vs. HOU,W,239,126,48,88,0.545,19,37,0.514,11,13,0.846,4,34,38,31,10,4,9,24,17.0
22020,1610612737,ATL,Atlanta Hawks,0022000791,2021-04-09,ATL vs. CHI,W,239,120,47,84,0.56,7,27,0.259,19,23,0.826,6,35,41,25,7,4,9,14,12.0
22020,1610612755,PHI,Philadelphia 76ers,0022000795,2021-04-09,PHI @ NOP,L,242,94,33,79,0.418,11,31,0.355,17,24,0.708,4,43,47,20,8,5,19,23,-7.0
22020,1610612763,MEM,Memphis Grizzlies,0022000793,2021-04-09,MEM @ NYK,L,266,129,47,94,0.5,14,30,0.467,21,34,0.618,10,33,43,33,7,6,14,27,-4.0
22020,1610612759,SAS,San Antonio Spurs,0022000797,2021-04-09,SAS @ DEN,L,240,119,43,93,0.462,9,27,0.333,24,28,0.857,11,27,38,33,10,2,9,21,-2.0
22020,1610612766,CHA,Charlotte Hornets,0022000796,2021-04-09,CHA @ MIL,W,240,127,44,91,0.484,19,50,0.38,20,22,0.909,13,36,49,35,4,10,18,19,8.0
22020,1610612744,GSW,Golden State Warriors,0022000798,2021-04-09,GSW vs. WAS,L,241,107,41,88,0.466,11,36,0.306,14,21,0.667,8,33,41,27,15,3,13,20,-3.0
22020,1610612740,NOP,New Orleans Pelicans,0022000795,2021-04-09,NOP vs. PHI,W,240,101,39,90,0.433,4,22,0.182,19,30,0.633,10,46,56,22,11,7,12,17,7.0
22020,1610612753,ORL,Orlando Magic,0022000790,2021-04-09,ORL vs. IND,L,241,106,38,90,0.422,6,24,0.25,24,31,0.774,12,38,50,23,3,8,15,22,-5.0
22020,1610612752,NYK,New York Knicks,0022000793,2021-04-09,NYK vs. MEM,W,265,133,45,96,0.469,14,32,0.438,29,33,0.879,11,37,48,24,7,7,12,25,4.0
22020,1610612757,POR,Portland Trail Blazers,0022000787,2021-04-08,POR @ UTA,L,241,103,38,96,0.396,13,48,0.271,14,18,0.778,9,32,41,18,3,5,6,21,-19.0
22020,1610612760,OKC,Oklahoma City Thunder,0022000785,2021-04-08,OKC vs. CLE,L,241,102,40,89,0.449,13,32,0.406,9,13,0.692,11,33,44,28,5,5,15,20,-27.0
22020,1610612748,MIA,Miami Heat,0022000784,2021-04-08,MIA vs. LAL,W,240,110,34,71,0.479,10,25,0.4,32,40,0.8,9,29,38,22,12,8,20,25,6.0
22020,1610612746,LAC,LA Clippers,0022000788,2021-04-08,LAC vs. PHX,W,240,113,42,84,0.5,18,37,0.486,11,12,0.917,9,26,35,26,5,1,10,22,10.0
22020,1610612739,CLE,Cleveland Cavaliers,0022000785,2021-04-08,CLE @ OKC,W,241,129,48,94,0.511,13,37,0.351,20,24,0.833,9,35,44,35,8,3,7,12,27.0
22020,1610612758,SAC,Sacramento Kings,0022000789,2021-04-08,SAC vs. DET,L,241,101,38,86,0.442,7,30,0.233,18,26,0.692,6,32,38,20,9,4,12,21,-12.0
22020,1610612747,LAL,Los Angeles Lakers,0022000784,2021-04-08,LAL @ MIA,L,240,104,35,79,0.443,12,35,0.343,22,25,0.88,10,30,40,26,9,3,22,24,-6.0
22020,1610612765,DET,Detroit Pistons,0022000789,2021-04-08,DET @ SAC,W,241,113,44,84,0.524,8,23,0.348,17,20,0.85,7,36,43,24,7,4,16,24,12.0
22020,1610612741,CHI,Chicago Bulls,0022000523,2021-04-08,CHI @ TOR,W,242,122,47,87,0.54,12,30,0.4,16,18,0.889,12,37,49,35,5,3,16,16,9.0
22020,1610612742,DAL,Dallas Mavericks,0022000786,2021-04-08,DAL vs. MIL,W,240,116,43,97,0.443,17,45,0.378,13,18,0.722,15,41,56,23,6,8,11,15,15.0
22020,1610612756,PHX,Phoenix Suns,0022000788,2021-04-08,PHX @ LAC,L,239,103,36,71,0.507,6,24,0.25,25,30,0.833,9,27,36,20,6,6,14,18,-10.0
22020,1610612749,MIL,Milwaukee Bucks,0022000786,2021-04-08,MIL @ DAL,L,240,101,38,100,0.38,12,33,0.364,13,16,0.813,14,38,52,16,8,1,9,20,-15.0
22020,1610612761,TOR,Toronto Raptors,0022000523,2021-04-08,TOR vs. CHI,L,240,113,42,97,0.433,11,34,0.324,18,22,0.818,15,26,41,19,10,4,10,20,-9.0
22020,1610612762,UTA,Utah Jazz,0022000787,2021-04-08,UTA vs. POR,W,239,122,43,95,0.453,12,42,0.286,24,27,0.889,14,44,58,21,4,3,7,15,19.0
22020,1610612764,WAS,Washington Wizards,0022000777,2021-04-07,WAS @ ORL,W,242,131,49,85,0.576,19,36,0.528,14,16,0.875,5,32,37,35,7,3,13,18,15.0
22020,1610612753,ORL,Orlando Magic,0022000777,2021-04-07,ORL vs. WAS,L,241,116,44,93,0.473,12,31,0.387,16,23,0.696,11,28,39,22,11,3,11,16,-15.0
22020,1610612745,HOU,Houston Rockets,0022000456,2021-04-07,HOU vs. DAL,W,240,102,38,88,0.432,17,44,0.386,9,16,0.563,10,39,49,21,7,5,10,18,9.0
22020,1610612762,UTA,Utah Jazz,0022000783,2021-04-07,UTA @ PHX,L,265,113,46,103,0.447,11,44,0.25,10,15,0.667,7,38,45,14,6,4,13,23,-4.0
22020,1610612760,OKC,Oklahoma City Thunder,0022000781,2021-04-07,OKC vs. CHA,L,239,102,37,85,0.435,16,41,0.39,12,17,0.706,11,35,46,29,4,5,22,11,-11.0
22020,1610612750,MIN,Minnesota Timberwolves,0022000776,2021-04-07,MIN @ IND,L,239,137,48,91,0.527,10,28,0.357,31,40,0.775,13,29,42,30,7,2,12,17,-4.0
22020,1610612766,CHA,Charlotte Hornets,0022000781,2021-04-07,CHA @ OKC,W,240,113,43,97,0.443,15,44,0.341,12,13,0.923,11,31,42,27,12,5,11,16,11.0
22020,1610612743,DEN,Denver Nuggets,0022000782,2021-04-07,DEN vs. SAS,W,241,106,40,91,0.44,8,26,0.308,18,24,0.75,12,41,53,26,10,6,17,18,10.0
22020,1610612737,ATL,Atlanta Hawks,0022000780,2021-04-07,ATL vs. MEM,L,240,113,45,101,0.446,10,28,0.357,13,15,0.867,11,31,42,26,5,3,7,19,-18.0
22020,1610612751,BKN,Brooklyn Nets,0022000779,2021-04-07,BKN vs. NOP,W,241,139,51,92,0.554,19,41,0.463,18,22,0.818,10,35,45,37,10,8,17,31,28.0
22020,1610612738,BOS,Boston Celtics,0022000778,2021-04-07,BOS vs. NYK,W,240,101,36,86,0.419,15,40,0.375,14,20,0.7,16,37,53,22,6,7,17,14,2.0
22020,1610612742,DAL,Dallas Mavericks,0022000456,2021-04-07,DAL @ HOU,L,239,93,33,87,0.379,10,39,0.256,17,22,0.773,11,35,46,16,4,5,9,15,-9.0
22020,1610612754,IND,Indiana Pacers,0022000776,2021-04-07,IND vs. MIN,W,239,141,55,93,0.591,14,28,0.5,17,19,0.895,7,28,35,32,6,7,13,28,4.0
22020,1610612759,SAS,San Antonio Spurs,0022000782,2021-04-07,SAS @ DEN,L,240,96,38,91,0.418,6,24,0.25,14,21,0.667,11,31,42,23,11,4,14,19,-10.0
22020,1610612756,PHX,Phoenix Suns,0022000783,2021-04-07,PHX vs. UTA,W,265,117,45,101,0.446,11,34,0.324,16,20,0.8,16,45,61,20,7,5,14,21,4.0
22020,1610612752,NYK,New York Knicks,0022000778,2021-04-07,NYK @ BOS,L,241,99,35,84,0.417,16,33,0.485,13,16,0.813,5,34,39,22,7,4,14,21,-2.0
22020,1610612763,MEM,Memphis Grizzlies,0022000780,2021-04-07,MEM @ ATL,W,238,131,48,89,0.539,17,40,0.425,18,21,0.857,11,43,54,30,5,5,14,17,18.0
22020,1610612740,NOP,New Orleans Pelicans,0022000779,2021-04-07,NOP @ BKN,L,240,111,38,89,0.427,6,27,0.222,29,39,0.744,17,23,40,23,9,2,14,14,-28.0
22020,1610612740,NOP,New Orleans Pelicans,0022000770,2021-04-06,NOP @ ATL,L,240,107,37,91,0.407,12,38,0.316,21,28,0.75,16,33,49,24,7,7,14,15,-16.0
22020,1610612757,POR,Portland Trail Blazers,0022000775,2021-04-06,POR @ LAC,L,239,116,37,92,0.402,11,36,0.306,31,37,0.838,14,34,48,18,4,5,7,22,-17.0
22020,1610612744,GSW,Golden State Warriors,0022000774,2021-04-06,GSW vs. MIL,W,240,122,46,96,0.479,15,40,0.375,15,17,0.882,12,30,42,28,6,5,11,18,1.0
22020,1610612747,LAL,Los Angeles Lakers,0022000772,2021-04-06,LAL @ TOR,W,241,110,39,79,0.494,18,40,0.45,14,22,0.636,11,38,49,29,8,7,21,24,9.0
22020,1610612737,ATL,Atlanta Hawks,0022000770,2021-04-06,ATL vs. NOP,W,241,123,44,88,0.5,20,31,0.645,15,22,0.682,10,32,42,24,7,6,11,23,16.0
22020,1610612749,MIL,Milwaukee Bucks,0022000774,2021-04-06,MIL @ GSW,L,241,121,44,86,0.512,14,32,0.438,19,22,0.864,6,34,40,25,7,2,14,13,-1.0
22020,1610612738,BOS,Boston Celtics,0022000771,2021-04-06,BOS vs. PHI,L,240,96,33,70,0.471,14,34,0.412,16,18,0.889,3,29,32,19,5,6,20,22,-10.0
22020,1610612743,DEN,Denver Nuggets,0022000321,2021-04-06,DEN vs. DET,W,241,134,56,94,0.596,14,31,0.452,8,9,0.889,13,31,44,36,7,5,10,20,15.0
22020,1610612761,TOR,Toronto Raptors,0022000772,2021-04-06,TOR vs. LAL,L,241,101,36,91,0.396,5,33,0.152,24,30,0.8,15,27,42,17,13,3,12,19,-9.0
22020,1610612746,LAC,LA Clippers,0022000775,2021-04-06,LAC vs. POR,W,241,133,46,89,0.517,16,41,0.39,25,30,0.833,8,40,48,24,5,5,7,24,17.0
22020,1610612741,CHI,Chicago Bulls,0022000769,2021-04-06,CHI @ IND,W,239,113,44,94,0.468,14,33,0.424,11,14,0.786,14,43,57,28,9,5,20,12,16.0
22020,1610612763,MEM,Memphis Grizzlies,0022000773,2021-04-06,MEM @ MIA,W,240,124,46,84,0.548,17,41,0.415,15,20,0.75,9,33,42,30,11,2,13,13,12.0
22020,1610612765,DET,Detroit Pistons,0022000321,2021-04-06,DET @ DEN,L,240,119,44,81,0.543,15,35,0.429,16,20,0.8,7,23,30,27,4,2,13,12,-15.0
22020,1610612754,IND,Indiana Pacers,0022000769,2021-04-06,IND vs. CHI,L,241,97,38,88,0.432,9,30,0.3,12,16,0.75,6,27,33,20,15,12,14,17,-16.0
22020,1610612748,MIA,Miami Heat,0022000773,2021-04-06,MIA vs. MEM,L,241,112,44,82,0.537,13,33,0.394,11,18,0.611,7,28,35,34,9,4,12,16,-12.0
22020,1610612755,PHI,Philadelphia 76ers,0022000771,2021-04-06,PHI @ BOS,W,240,106,34,73,0.466,9,24,0.375,29,39,0.744,9,29,38,16,11,4,13,20,10.0
22020,1610612758,SAC,Sacramento Kings,0022000765,2021-04-05,SAC @ MIN,L,240,106,39,88,0.443,9,36,0.25,19,24,0.792,10,32,42,27,9,8,14,19,-10.0
22020,1610612739,CLE,Cleveland Cavaliers,0022000767,2021-04-05,CLE @ SAS,W,239,125,45,86,0.523,12,34,0.353,23,27,0.852,7,40,47,29,5,4,6,24,24.0
22020,1610612751,BKN,Brooklyn Nets,0022000762,2021-04-05,BKN vs. NYK,W,239,114,42,92,0.457,10,32,0.313,20,26,0.769,11,34,45,27,6,6,10,14,2.0
22020,1610612752,NYK,New York Knicks,0022000762,2021-04-05,NYK @ BKN,L,239,112,40,86,0.465,14,29,0.483,18,22,0.818,5,36,41,24,7,4,12,25,-2.0
22020,1610612765,DET,Detroit Pistons,0022000766,2021-04-05,DET @ OKC,W,241,132,49,95,0.516,13,28,0.464,21,24,0.875,13,37,50,32,10,7,14,20,24.0
22020,1610612742,DAL,Dallas Mavericks,0022000764,2021-04-05,DAL vs. UTA,W,240,111,41,91,0.451,23,49,0.469,6,8,0.75,10,34,44,22,2,2,9,18,8.0
22020,1610612759,SAS,San Antonio Spurs,0022000767,2021-04-05,SAS vs. CLE,L,240,101,35,83,0.422,5,26,0.192,26,32,0.813,8,30,38,22,4,3,10,22,-24.0
22020,1610612762,UTA,Utah Jazz,0022000764,2021-04-05,UTA @ DAL,L,240,103,37,88,0.42,12,44,0.273,17,22,0.773,14,34,48,20,3,4,8,18,-8.0
22020,1610612760,OKC,Oklahoma City Thunder,0022000766,2021-04-05,OKC vs. DET,L,241,108,41,97,0.423,5,27,0.185,21,25,0.84,13,29,42,17,10,6,15,20,-24.0
22020,1610612764,WAS,Washington Wizards,0022000763,2021-04-05,WAS @ TOR,L,241,101,37,94,0.394,12,35,0.343,15,18,0.833,15,39,54,21,7,5,16,18,-2.0
22020,1610612750,MIN,Minnesota Timberwolves,0022000765,2021-04-05,MIN vs. SAC,W,242,116,38,91,0.418,12,32,0.375,28,33,0.848,15,36,51,22,10,4,14,16,10.0
22020,1610612745,HOU,Houston Rockets,0022000768,2021-04-05,HOU vs. PHX,L,240,130,43,79,0.544,17,33,0.515,27,33,0.818,5,33,38,28,6,3,18,25,-3.0
22020,1610612761,TOR,Toronto Raptors,0022000763,2021-04-05,TOR vs. WAS,W,240,103,44,94,0.468,7,33,0.212,8,11,0.727,6,39,45,22,11,9,13,20,2.0
22020,1610612756,PHX,Phoenix Suns,0022000768,2021-04-05,PHX @ HOU,W,239,133,44,86,0.512,18,37,0.486,27,31,0.871,6,31,37,29,11,3,11,22,3.0
22020,1610612763,MEM,Memphis Grizzlies,0022000758,2021-04-04,MEM @ PHI,W,240,116,44,89,0.494,16,38,0.421,12,15,0.8,10,39,49,30,6,10,12,23,16.0
22020,1610612766,CHA,Charlotte Hornets,0022000757,2021-04-04,CHA @ BOS,L,239,86,32,80,0.4,10,31,0.323,12,20,0.6,9,33,42,23,3,5,17,15,-30.0
22020,1610612743,DEN,Denver Nuggets,0022000761,2021-04-04,DEN vs. ORL,W,242,119,43,88,0.489,9,29,0.31,24,31,0.774,19,35,54,27,6,5,14,14,10.0
22020,1610612738,BOS,Boston Celtics,0022000757,2021-04-04,BOS vs. CHA,W,239,116,43,94,0.457,21,54,0.389,9,11,0.818,14,30,44,29,11,5,6,20,30.0
22020,1610612745,HOU,Houston Rockets,0022000760,2021-04-04,HOU vs. NOP,L,240,115,41,89,0.461,16,40,0.4,17,24,0.708,9,39,48,25,3,3,17,24,-7.0
22020,1610612737,ATL,Atlanta Hawks,0022000759,2021-04-04,ATL vs. GSW,W,240,117,35,81,0.432,12,32,0.375,35,45,0.778,10,39,49,19,10,3,15,19,6.0
22020,1610612753,ORL,Orlando Magic,0022000761,2021-04-04,ORL @ DEN,L,240,109,42,89,0.472,13,35,0.371,12,17,0.706,10,26,36,27,11,4,11,26,-10.0
22020,1610612746,LAC,LA Clippers,0022000756,2021-04-04,LAC vs. LAL,W,240,104,41,86,0.477,14,28,0.5,8,9,0.889,13,37,50,23,10,4,19,25,18.0
22020,1610612747,LAL,Los Angeles Lakers,0022000756,2021-04-04,LAL @ LAC,L,239,86,32,80,0.4,7,23,0.304,15,20,0.75,7,29,36,16,9,7,18,11,-18.0
22020,1610612740,NOP,New Orleans Pelicans,0022000760,2021-04-04,NOP @ HOU,W,239,122,42,91,0.462,16,37,0.432,22,35,0.629,16,39,55,26,12,9,15,27,7.0
22020,1610612755,PHI,Philadelphia 76ers,0022000758,2021-04-04,PHI vs. MEM,L,240,100,37,89,0.416,8,34,0.235,18,28,0.643,16,34,50,23,4,6,10,19,-16.0
22020,1610612741,CHI,Chicago Bulls,0022000755,2021-04-04,CHI vs. BKN,W,240,115,43,78,0.551,8,22,0.364,21,30,0.7,6,34,40,29,4,3,9,11,8.0
22020,1610612751,BKN,Brooklyn Nets,0022000755,2021-04-04,BKN @ CHI,L,240,107,45,93,0.484,11,28,0.393,6,7,0.857,4,31,35,28,3,3,5,17,-8.0
22020,1610612744,GSW,Golden State Warriors,0022000759,2021-04-04,GSW @ ATL,L,241,111,43,92,0.467,10,40,0.25,15,21,0.714,9,36,45,25,12,6,16,26,-6.0
22020,1610612760,OKC,Oklahoma City Thunder,0022000753,2021-04-03,OKC @ POR,L,240,85,30,85,0.353,8,34,0.235,17,24,0.708,12,34,46,17,4,6,22,21,-48.0
22020,1610612754,IND,Indiana Pacers,0022000751,2021-04-03,IND @ SAS,W,266,139,52,94,0.553,12,29,0.414,23,26,0.885,11,33,44,27,10,6,13,22,6.0
22020,1610612764,WAS,Washington Wizards,0022000747,2021-04-03,WAS vs. DAL,L,241,87,35,86,0.407,5,25,0.2,12,15,0.8,9,35,44,12,4,3,14,21,-22.0
22020,1610612742,DAL,Dallas Mavericks,0022000747,2021-04-03,DAL @ WAS,W,241,109,40,90,0.444,10,30,0.333,19,24,0.792,14,36,50,17,7,4,7,22,22.0
22020,1610612757,POR,Portland Trail Blazers,0022000753,2021-04-03,POR vs. OKC,W,241,133,51,104,0.49,20,46,0.435,11,14,0.786,15,41,56,25,13,3,9,18,48.0
22020,1610612749,MIL,Milwaukee Bucks,0022000754,2021-04-03,MIL @ SAC,W,239,129,50,93,0.538,11,31,0.355,18,20,0.9,12,35,47,31,10,3,13,15,1.0
22020,1610612765,DET,Detroit Pistons,0022000748,2021-04-03,DET vs. NYK,L,241,81,29,82,0.354,9,28,0.321,14,20,0.7,12,31,43,20,4,4,14,20,-44.0
22020,1610612750,MIN,Minnesota Timberwolves,0022000750,2021-04-03,MIN @ PHI,L,241,113,35,78,0.449,12,36,0.333,31,36,0.861,6,30,36,17,7,5,9,24,-9.0
22020,1610612753,ORL,Orlando Magic,0022000752,2021-04-03,ORL @ UTA,L,240,91,32,87,0.368,2,23,0.087,25,31,0.806,9,30,39,11,5,4,10,14,-46.0
22020,1610612739,CLE,Cleveland Cavaliers,0022000749,2021-04-03,CLE @ MIA,L,239,101,35,74,0.473,10,31,0.323,21,25,0.84,5,30,35,25,7,4,15,15,-14.0
22020,1610612755,PHI,Philadelphia 76ers,0022000750,2021-04-03,PHI vs. MIN,W,241,122,41,81,0.506,12,28,0.429,28,37,0.757,8,34,42,26,7,7,12,24,9.0
22020,1610612759,SAS,San Antonio Spurs,0022000751,2021-04-03,SAS vs. IND,L,266,133,48,99,0.485,10,29,0.345,27,32,0.844,18,28,46,22,6,6,17,21,-6.0
22020,1610612762,UTA,Utah Jazz,0022000752,2021-04-03,UTA vs. ORL,W,241,137,51,92,0.554,26,55,0.473,9,12,0.75,7,43,50,34,10,6,11,25,46.0
22020,1610612752,NYK,New York Knicks,0022000748,2021-04-03,NYK @ DET,W,242,125,43,79,0.544,19,39,0.487,20,27,0.741,7,37,44,31,12,11,7,18,44.0
22020,1610612748,MIA,Miami Heat,0022000749,2021-04-03,MIA vs. CLE,W,241,115,44,82,0.537,15,38,0.395,12,16,0.75,4,33,37,35,6,3,11,20,14.0
22020,1610612758,SAC,Sacramento Kings,0022000754,2021-04-03,SAC vs. MIL,L,241,128,49,99,0.495,17,39,0.436,13,13,1.0,12,28,40,31,7,4,12,17,-1.0
22020,1610612744,GSW,Golden State Warriors,0022000737,2021-04-02,GSW @ TOR,L,240,77,26,79,0.329,11,34,0.324,14,18,0.778,7,31,38,19,5,4,21,18,-53.0
22020,1610612747,LAL,Los Angeles Lakers,0022000746,2021-04-02,LAL @ SAC,W,241,115,43,91,0.473,17,33,0.515,12,20,0.6,13,42,55,26,10,2,17,19,21.0
22020,1610612762,UTA,Utah Jazz,0022000743,2021-04-02,UTA vs. CHI,W,240,113,37,79,0.468,13,36,0.361,26,27,0.963,6,37,43,16,6,5,10,18,7.0
22020,1610612745,HOU,Houston Rockets,0022000738,2021-04-02,HOU @ BOS,L,242,102,37,86,0.43,12,36,0.333,16,26,0.615,10,30,40,26,6,1,12,11,-16.0
22020,1610612740,NOP,New Orleans Pelicans,0022000742,2021-04-02,NOP vs. ATL,L,241,103,38,88,0.432,8,29,0.276,19,23,0.826,5,29,34,22,7,6,15,18,-23.0
22020,1610612741,CHI,Chicago Bulls,0022000743,2021-04-02,CHI @ UTA,L,241,106,43,89,0.483,7,28,0.25,13,17,0.765,7,34,41,26,5,3,6,19,-7.0
22020,1610612756,PHX,Phoenix Suns,0022000744,2021-04-02,PHX vs. OKC,W,240,140,54,90,0.6,15,33,0.455,17,21,0.81,6,35,41,36,12,8,10,20,37.0
22020,1610612754,IND,Indiana Pacers,0022000740,2021-04-02,IND vs. CHA,L,241,97,38,82,0.463,10,33,0.303,11,19,0.579,9,39,48,29,7,6,20,21,-17.0
22020,1610612766,CHA,Charlotte Hornets,0022000740,2021-04-02,CHA @ IND,W,241,114,43,95,0.453,8,31,0.258,20,29,0.69,11,33,44,27,16,3,10,16,17.0
22020,1610612763,MEM,Memphis Grizzlies,0022000741,2021-04-02,MEM vs. MIN,W,241,120,42,95,0.442,19,39,0.487,17,25,0.68,14,39,53,26,8,4,10,20,12.0
22020,1610612749,MIL,Milwaukee Bucks,0022000745,2021-04-02,MIL @ POR,W,239,127,49,90,0.544,12,39,0.308,17,19,0.895,4,46,50,25,7,5,15,18,18.0
22020,1610612737,ATL,Atlanta Hawks,0022000742,2021-04-02,ATL @ NOP,W,240,126,49,87,0.563,13,29,0.448,15,21,0.714,6,36,42,25,10,9,15,23,23.0
22020,1610612750,MIN,Minnesota Timberwolves,0022000741,2021-04-02,MIN @ MEM,L,240,108,38,85,0.447,12,33,0.364,20,23,0.87,5,34,39,21,6,6,11,20,-12.0
22020,1610612760,OKC,Oklahoma City Thunder,0022000744,2021-04-02,OKC @ PHX,L,241,103,35,89,0.393,15,38,0.395,18,23,0.783,11,27,38,19,6,3,16,17,-37.0
22020,1610612738,BOS,Boston Celtics,0022000738,2021-04-02,BOS vs. HOU,W,241,118,46,88,0.523,17,41,0.415,9,12,0.75,11,39,50,35,9,7,13,22,16.0
22020,1610612742,DAL,Dallas Mavericks,0022000739,2021-04-02,DAL @ NYK,W,241,99,41,88,0.466,12,37,0.324,5,10,0.5,4,43,47,19,6,2,10,12,13.0
22020,1610612758,SAC,Sacramento Kings,0022000746,2021-04-02,SAC vs. LAL,L,239,94,36,85,0.424,10,35,0.286,12,16,0.75,6,32,38,24,8,5,14,16,-21.0
22020,1610612752,NYK,New York Knicks,0022000739,2021-04-02,NYK vs. DAL,L,239,86,32,89,0.36,12,38,0.316,10,10,1.0,9,34,43,18,7,3,11,17,-13.0
22020,1610612761,TOR,Toronto Raptors,0022000737,2021-04-02,TOR vs. GSW,W,239,130,47,88,0.534,15,35,0.429,21,25,0.84,10,43,53,26,14,8,12,17,53.0
22020,1610612757,POR,Portland Trail Blazers,0022000745,2021-04-02,POR vs. MIL,L,240,109,36,99,0.364,21,54,0.389,16,22,0.727,13,32,45,19,11,3,13,18,-18.0
22020,1610612740,NOP,New Orleans Pelicans,0022000734,2021-04-01,NOP vs. ORL,L,266,110,41,93,0.441,12,29,0.414,16,19,0.842,12,43,55,26,7,7,24,23,-5.0
22020,1610612737,ATL,Atlanta Hawks,0022000735,2021-04-01,ATL @ SAS,W,288,134,50,100,0.5,13,24,0.542,21,26,0.808,10,47,57,28,3,9,12,22,5.0
22020,1610612764,WAS,Washington Wizards,0022000179,2021-04-01,WAS @ DET,L,240,91,40,85,0.471,5,19,0.263,6,19,0.316,4,36,40,25,6,6,14,21,-29.0
22020,1610612759,SAS,San Antonio Spurs,0022000735,2021-04-01,SAS vs. ATL,L,291,129,49,110,0.445,13,40,0.325,18,24,0.75,11,35,46,25,8,6,6,22,-5.0
22020,1610612739,CLE,Cleveland Cavaliers,0022000731,2021-04-01,CLE vs. PHI,L,239,94,34,80,0.425,10,35,0.286,16,21,0.762,4,36,40,26,5,3,18,24,-20.0
22020,1610612765,DET,Detroit Pistons,0022000179,2021-04-01,DET vs. WAS,W,241,120,45,94,0.479,12,29,0.414,18,22,0.818,10,38,48,31,8,5,13,18,29.0
22020,1610612748,MIA,Miami Heat,0022000733,2021-04-01,MIA vs. GSW,W,239,116,39,82,0.476,13,39,0.333,25,30,0.833,5,32,37,30,10,6,11,22,7.0
22020,1610612743,DEN,Denver Nuggets,0022000736,2021-04-01,DEN @ LAC,W,240,101,39,81,0.481,13,25,0.52,10,14,0.714,7,31,38,28,6,5,13,16,7.0
22020,1610612751,BKN,Brooklyn Nets,0022000732,2021-04-01,BKN vs. CHA,W,241,111,44,91,0.484,20,45,0.444,3,4,0.75,13,43,56,34,8,5,15,18,22.0
22020,1610612766,CHA,Charlotte Hornets,0022000732,2021-04-01,CHA @ BKN,L,242,89,30,86,0.349,13,38,0.342,16,19,0.842,11,32,43,22,11,5,11,9,-22.0
22020,1610612746,LAC,LA Clippers,0022000736,2021-04-01,LAC vs. DEN,L,241,94,35,85,0.412,10,34,0.294,14,16,0.875,13,32,45,17,6,5,10,19,-7.0
22020,1610612755,PHI,Philadelphia 76ers,0022000731,2021-04-01,PHI @ CLE,W,239,114,40,93,0.43,15,37,0.405,19,25,0.76,12,43,55,27,11,8,9,19,20.0
22020,1610612753,ORL,Orlando Magic,0022000734,2021-04-01,ORL @ NOP,W,266,115,45,106,0.425,5,25,0.2,20,23,0.87,12,36,48,20,17,5,10,20,5.0
22020,1610612744,GSW,Golden State Warriors,0022000733,2021-04-01,GSW @ MIA,L,239,109,36,82,0.439,15,37,0.405,22,25,0.88,12,34,46,23,7,3,20,26,-7.0
22020,1610612763,MEM,Memphis Grizzlies,0022000725,2021-03-31,MEM vs. UTA,L,239,107,42,90,0.467,5,18,0.278,18,23,0.783,11,35,46,23,10,4,11,20,-4.0
22020,1610612760,OKC,Oklahoma City Thunder,0022000727,2021-03-31,OKC vs. TOR,W,240,113,39,86,0.453,14,33,0.424,21,28,0.75,19,45,64,19,2,6,18,16,10.0
22020,1610612762,UTA,Utah Jazz,0022000725,2021-03-31,UTA @ MEM,W,239,111,38,89,0.427,16,49,0.327,19,25,0.76,11,35,46,20,10,5,14,21,4.0
22020,1610612742,DAL,Dallas Mavericks,0022000723,2021-03-31,DAL @ BOS,W,241,113,38,77,0.494,19,39,0.487,18,25,0.72,4,39,43,20,6,4,16,18,5.0
22020,1610612748,MIA,Miami Heat,0022000722,2021-03-31,MIA @ IND,W,241,92,32,78,0.41,10,32,0.313,18,28,0.643,8,34,42,22,5,4,11,14,5.0
22020,1610612756,PHX,Phoenix Suns,0022000730,2021-03-31,PHX vs. CHI,W,240,121,46,81,0.568,11,25,0.44,18,24,0.75,4,28,32,29,6,7,9,21,5.0
22020,1610612747,LAL,Los Angeles Lakers,0022000729,2021-03-31,LAL vs. MIL,L,239,97,35,87,0.402,10,36,0.278,17,22,0.773,11,29,40,22,9,5,22,22,-15.0
22020,1610612765,DET,Detroit Pistons,0022000721,2021-03-31,DET vs. POR,L,239,101,40,86,0.465,9,27,0.333,12,17,0.706,5,31,36,29,7,7,16,26,-23.0
22020,1610612757,POR,Portland Trail Blazers,0022000721,2021-03-31,POR @ DET,W,240,124,42,82,0.512,16,30,0.533,24,26,0.923,6,37,43,27,11,7,13,20,23.0
22020,1610612754,IND,Indiana Pacers,0022000722,2021-03-31,IND vs. MIA,L,241,87,34,85,0.4,11,37,0.297,8,12,0.667,11,37,48,23,7,4,13,23,-5.0
22020,1610612745,HOU,Houston Rockets,0022000724,2021-03-31,HOU @ BKN,L,240,108,39,78,0.5,13,40,0.325,17,24,0.708,6,25,31,22,5,8,13,21,-12.0
22020,1610612738,BOS,Boston Celtics,0022000723,2021-03-31,BOS vs. DAL,L,240,108,39,94,0.415,11,47,0.234,19,23,0.826,8,28,36,20,11,2,9,19,-5.0
22020,1610612749,MIL,Milwaukee Bucks,0022000729,2021-03-31,MIL @ LAL,W,238,112,42,79,0.532,14,26,0.538,14,18,0.778,7,35,42,23,13,8,21,17,15.0
22020,1610612751,BKN,Brooklyn Nets,0022000724,2021-03-31,BKN vs. HOU,W,241,120,44,90,0.489,13,36,0.361,19,19,1.0,12,33,45,25,6,3,11,21,12.0
22020,1610612759,SAS,San Antonio Spurs,0022000728,2021-03-31,SAS vs. SAC,W,242,120,43,92,0.467,10,26,0.385,24,34,0.706,14,40,54,24,9,2,10,17,14.0
22020,1610612741,CHI,Chicago Bulls,0022000730,2021-03-31,CHI @ PHX,L,240,116,43,99,0.434,11,33,0.333,19,21,0.905,18,32,50,27,6,4,9,20,-5.0
22020,1610612761,TOR,Toronto Raptors,0022000727,2021-03-31,TOR @ OKC,L,240,103,35,90,0.389,16,46,0.348,17,20,0.85,7,28,35,21,13,7,7,25,-10.0
22020,1610612750,MIN,Minnesota Timberwolves,0022000726,2021-03-31,MIN vs. NYK,W,240,102,36,87,0.414,14,40,0.35,16,19,0.842,9,31,40,25,9,8,12,14,1.0
22020,1610612758,SAC,Sacramento Kings,0022000728,2021-03-31,SAC @ SAS,L,242,106,39,92,0.424,11,35,0.314,17,19,0.895,11,32,43,22,7,5,12,20,-14.0
22020,1610612752,NYK,New York Knicks,0022000726,2021-03-31,NYK @ MIN,L,241,101,39,82,0.476,11,23,0.478,12,17,0.706,7,34,41,20,7,6,16,18,-1.0
22020,1610612743,DEN,Denver Nuggets,0022000719,2021-03-30,DEN vs. PHI,W,240,104,39,81,0.481,12,31,0.387,14,17,0.824,9,42,51,26,9,6,20,16,9.0
22020,1610612764,WAS,Washington Wizards,0022000718,2021-03-30,WAS vs. CHA,L,241,104,41,100,0.41,10,37,0.27,12,15,0.8,15,36,51,22,5,1,13,19,-10.0
22020,1610612737,ATL,Atlanta Hawks,0022000171,2021-03-30,ATL @ PHX,L,240,110,41,85,0.482,13,32,0.406,15,21,0.714,6,30,36,30,9,1,7,17,-7.0
22020,1610612753,ORL,Orlando Magic,0022000720,2021-03-30,ORL @ LAC,W,241,103,38,92,0.413,5,17,0.294,22,25,0.88,15,35,50,23,10,6,8,13,7.0
22020,1610612766,CHA,Charlotte Hornets,0022000718,2021-03-30,CHA @ WAS,W,240,114,42,90,0.467,14,34,0.412,16,19,0.842,9,41,50,24,6,6,14,17,10.0
22020,1610612756,PHX,Phoenix Suns,0022000171,2021-03-30,PHX vs. ATL,W,240,117,45,88,0.511,12,32,0.375,15,18,0.833,11,38,49,27,6,1,13,14,7.0
22020,1610612755,PHI,Philadelphia 76ers,0022000719,2021-03-30,PHI @ DEN,L,240,95,35,82,0.427,11,35,0.314,14,15,0.933,5,29,34,18,14,6,11,18,-9.0
22020,1610612746,LAC,LA Clippers,0022000720,2021-03-30,LAC vs. ORL,L,241,96,37,89,0.416,12,37,0.324,10,10,1.0,12,36,48,25,3,4,14,21,-7.0
22020,1610612742,DAL,Dallas Mavericks,0022000713,2021-03-29,DAL @ OKC,W,239,127,51,96,0.531,16,44,0.364,9,13,0.692,8,35,43,30,11,3,8,21,21.0
22020,1610612739,CLE,Cleveland Cavaliers,0022000715,2021-03-29,CLE @ UTA,L,240,75,29,83,0.349,7,34,0.206,10,16,0.625,6,34,40,17,5,5,10,18,-39.0
22020,1610612754,IND,Indiana Pacers,0022000707,2021-03-29,IND @ WAS,L,240,124,44,93,0.473,12,30,0.4,24,33,0.727,7,30,37,32,11,6,14,18,-8.0
22020,1610612749,MIL,Milwaukee Bucks,0022000717,2021-03-29,MIL @ LAC,L,242,105,38,81,0.469,11,30,0.367,18,21,0.857,5,27,32,18,8,4,12,14,-24.0
22020,1610612744,GSW,Golden State Warriors,0022000716,2021-03-29,GSW vs. CHI,W,241,116,46,92,0.5,16,38,0.421,8,9,0.889,10,29,39,28,9,8,14,14,14.0
22020,1610612752,NYK,New York Knicks,0022000710,2021-03-29,NYK vs. MIA,L,239,88,33,80,0.413,10,36,0.278,12,20,0.6,6,35,41,15,4,6,13,19,-10.0
22020,1610612740,NOP,New Orleans Pelicans,0022000708,2021-03-29,NOP @ BOS,W,241,115,41,82,0.5,16,31,0.516,17,30,0.567,8,39,47,30,8,2,14,21,6.0
22020,1610612759,SAS,San Antonio Spurs,0022000714,2021-03-29,SAS vs. SAC,L,238,115,47,93,0.505,10,27,0.37,11,14,0.786,12,29,41,24,5,4,11,18,-17.0
22020,1610612751,BKN,Brooklyn Nets,0022000709,2021-03-29,BKN vs. MIN,W,241,112,40,85,0.471,10,30,0.333,22,25,0.88,7,43,50,31,10,7,14,18,5.0
22020,1610612745,HOU,Houston Rockets,0022000712,2021-03-29,HOU vs. MEM,L,239,110,40,94,0.426,11,42,0.262,19,22,0.864,10,32,42,28,9,5,12,18,-10.0
22020,1610612738,BOS,Boston Celtics,0022000708,2021-03-29,BOS vs. NOP,L,239,109,40,93,0.43,14,43,0.326,15,19,0.789,12,34,46,21,5,9,14,25,-6.0
22020,1610612761,TOR,Toronto Raptors,0022000711,2021-03-29,TOR @ DET,L,240,104,35,86,0.407,11,36,0.306,23,28,0.821,11,28,39,21,5,6,13,25,-14.0
22020,1610612764,WAS,Washington Wizards,0022000707,2021-03-29,WAS vs. IND,W,240,132,55,99,0.556,10,19,0.526,12,18,0.667,12,43,55,30,5,8,18,24,8.0
22020,1610612741,CHI,Chicago Bulls,0022000716,2021-03-29,CHI @ GSW,L,242,102,44,84,0.524,6,24,0.25,8,11,0.727,8,31,39,33,8,5,19,18,-14.0
22020,1610612748,MIA,Miami Heat,0022000710,2021-03-29,MIA @ NYK,W,240,98,37,86,0.43,10,34,0.294,14,17,0.824,12,35,47,22,7,5,12,18,10.0
22020,1610612760,OKC,Oklahoma City Thunder,0022000713,2021-03-29,OKC vs. DAL,L,240,106,38,81,0.469,9,26,0.346,21,33,0.636,10,37,47,17,8,4,16,14,-21.0
22020,1610612765,DET,Detroit Pistons,0022000711,2021-03-29,DET vs. TOR,W,239,118,38,75,0.507,15,30,0.5,27,34,0.794,9,34,43,26,6,6,18,24,14.0
22020,1610612746,LAC,LA Clippers,0022000717,2021-03-29,LAC vs. MIL,W,241,129,51,95,0.537,19,34,0.559,8,10,0.8,13,33,46,25,5,2,12,15,24.0
22020,1610612750,MIN,Minnesota Timberwolves,0022000709,2021-03-29,MIN @ BKN,L,239,107,40,103,0.388,14,44,0.318,13,17,0.765,17,34,51,23,10,10,15,25,-5.0
22020,1610612758,SAC,Sacramento Kings,0022000714,2021-03-29,SAC @ SAS,W,239,132,47,84,0.56,18,36,0.5,20,25,0.8,4,33,37,29,9,6,6,15,17.0
22020,1610612762,UTA,Utah Jazz,0022000715,2021-03-29,UTA vs. CLE,W,239,114,38,82,0.463,19,41,0.463,19,23,0.826,9,46,55,29,6,5,12,14,39.0
22020,1610612763,MEM,Memphis Grizzlies,0022000712,2021-03-29,MEM @ HOU,W,240,120,46,85,0.541,11,31,0.355,17,24,0.708,7,40,47,31,8,4,16,18,10.0
22020,1610612761,TOR,Toronto Raptors,0022000704,2021-03-28,TOR vs. POR,L,240,117,39,87,0.448,14,42,0.333,25,33,0.758,12,33,45,17,3,6,12,20,-5.0
22020,1610612753,ORL,Orlando Magic,0022000706,2021-03-28,ORL @ LAL,L,240,93,34,88,0.386,11,33,0.333,14,17,0.824,10,41,51,19,5,4,10,18,-3.0
22020,1610612737,ATL,Atlanta Hawks,0022000705,2021-03-28,ATL @ DEN,L,241,102,36,76,0.474,12,34,0.353,18,21,0.857,2,29,31,18,7,3,11,16,-24.0
22020,1610612756,PHX,Phoenix Suns,0022000703,2021-03-28,PHX @ CHA,W,265,101,34,96,0.354,8,40,0.2,25,29,0.862,21,29,50,17,15,2,14,17,4.0
22020,1610612747,LAL,Los Angeles Lakers,0022000706,2021-03-28,LAL vs. ORL,W,240,96,34,82,0.415,11,40,0.275,17,23,0.739,8,44,52,25,9,5,12,17,3.0
22020,1610612743,DEN,Denver Nuggets,0022000705,2021-03-28,DEN vs. ATL,W,240,126,50,92,0.543,15,36,0.417,11,16,0.688,15,34,49,32,7,3,10,15,24.0
22020,1610612766,CHA,Charlotte Hornets,0022000703,2021-03-28,CHA vs. PHX,L,264,97,34,85,0.4,13,43,0.302,16,23,0.696,16,36,52,16,8,3,20,23,-4.0
22020,1610612757,POR,Portland Trail Blazers,0022000704,2021-03-28,POR @ TOR,W,239,122,46,97,0.474,10,34,0.294,20,24,0.833,13,34,47,24,7,11,8,25,5.0
22020,1610612740,NOP,New Orleans Pelicans,0022000698,2021-03-27,NOP vs. DAL,W,241,112,42,81,0.519,9,26,0.346,19,29,0.655,8,34,42,20,2,5,6,18,9.0
22020,1610612752,NYK,New York Knicks,0022000695,2021-03-27,NYK @ MIL,W,239,102,40,93,0.43,16,44,0.364,6,8,0.75,12,32,44,28,9,11,14,19,6.0
22020,1610612746,LAC,LA Clippers,0022000701,2021-03-27,LAC vs. PHI,W,241,122,45,85,0.529,11,26,0.423,21,27,0.778,9,29,38,26,9,3,12,25,10.0
22020,1610612750,MIN,Minnesota Timberwolves,0022000696,2021-03-27,MIN vs. HOU,L,240,107,36,85,0.424,13,40,0.325,22,28,0.786,10,30,40,26,8,6,11,15,-22.0
22020,1610612749,MIL,Milwaukee Bucks,0022000695,2021-03-27,MIL vs. NYK,L,239,96,36,87,0.414,14,36,0.389,10,16,0.625,15,33,48,21,11,7,16,11,-6.0
22020,1610612741,CHI,Chicago Bulls,0022000697,2021-03-27,CHI @ SAS,L,240,104,41,95,0.432,8,34,0.235,14,18,0.778,11,37,48,28,6,3,14,25,-16.0
22020,1610612762,UTA,Utah Jazz,0022000700,2021-03-27,UTA vs. MEM,W,241,126,46,92,0.5,19,45,0.422,15,20,0.75,13,39,52,22,8,8,21,22,16.0
22020,1610612765,DET,Detroit Pistons,0022000694,2021-03-27,DET @ WAS,L,238,92,33,85,0.388,10,29,0.345,16,19,0.842,7,36,43,19,9,5,19,18,-14.0
22020,1610612759,SAS,San Antonio Spurs,0022000697,2021-03-27,SAS vs. CHI,W,241,120,46,85,0.541,10,25,0.4,18,28,0.643,4,37,41,29,9,7,10,15,16.0
22020,1610612763,MEM,Memphis Grizzlies,0022000700,2021-03-27,MEM @ UTA,L,244,110,39,97,0.402,9,33,0.273,23,30,0.767,16,31,47,24,16,2,14,14,-16.0
22020,1610612742,DAL,Dallas Mavericks,0022000698,2021-03-27,DAL @ NOP,L,240,103,37,83,0.446,10,31,0.323,19,24,0.792,10,28,38,19,2,4,7,20,-9.0
22020,1610612760,OKC,Oklahoma City Thunder,0022000699,2021-03-27,OKC vs. BOS,L,240,94,34,83,0.41,11,38,0.289,15,24,0.625,10,40,50,16,7,4,16,12,-17.0
22020,1610612764,WAS,Washington Wizards,0022000694,2021-03-27,WAS vs. DET,W,241,106,44,91,0.484,9,21,0.429,9,9,1.0,7,41,48,24,7,5,18,22,14.0
22020,1610612755,PHI,Philadelphia 76ers,0022000701,2021-03-27,PHI @ LAC,L,240,112,39,77,0.506,10,26,0.385,24,33,0.727,8,30,38,17,5,2,16,27,-10.0
22020,1610612758,SAC,Sacramento Kings,0022000702,2021-03-27,SAC vs. CLE,W,240,100,41,80,0.513,7,30,0.233,11,14,0.786,7,37,44,16,4,9,18,20,2.0
22020,1610612738,BOS,Boston Celtics,0022000699,2021-03-27,BOS @ OKC,W,239,111,44,96,0.458,12,38,0.316,11,14,0.786,10,42,52,22,10,4,12,19,17.0
22020,1610612739,CLE,Cleveland Cavaliers,0022000702,2021-03-27,CLE @ SAC,L,240,98,37,84,0.44,9,26,0.346,15,23,0.652,7,29,36,20,11,2,7,13,-2.0
22020,1610612745,HOU,Houston Rockets,0022000696,2021-03-27,HOU @ MIN,W,240,129,50,92,0.543,18,39,0.462,11,13,0.846,10,31,41,29,7,7,12,24,22.0
22020,1610612738,BOS,Boston Celtics,0022000685,2021-03-26,BOS @ MIL,W,240,122,43,88,0.489,22,47,0.468,14,16,0.875,8,36,44,27,10,8,14,16,8.0
22020,1610612739,CLE,Cleveland Cavaliers,0022000693,2021-03-26,CLE @ LAL,L,241,86,31,80,0.388,5,26,0.192,19,28,0.679,10,27,37,24,11,4,21,19,-14.0
22020,1610612757,POR,Portland Trail Blazers,0022000687,2021-03-26,POR @ ORL,W,240,112,40,85,0.471,18,40,0.45,14,21,0.667,10,36,46,21,7,9,16,18,3.8
22020,1610612765,DET,Detroit Pistons,0022000683,2021-03-26,DET vs. BKN,L,243,111,33,73,0.452,11,31,0.355,34,47,0.723,7,29,36,19,6,4,9,30,-2.0
22020,1610612750,MIN,Minnesota Timberwolves,0022000688,2021-03-26,MIN vs. HOU,W,239,107,39,103,0.379,10,38,0.263,19,24,0.792,14,36,50,30,12,3,9,13,6.0
22020,1610612763,MEM,Memphis Grizzlies,0022000691,2021-03-26,MEM @ UTA,L,240,114,44,97,0.454,12,30,0.4,14,18,0.778,12,36,48,27,3,2,6,14,-3.0
22020,1610612740,NOP,New Orleans Pelicans,0022000689,2021-03-26,NOP vs. DEN,L,240,108,39,78,0.5,12,29,0.414,18,20,0.9,6,31,37,30,7,7,12,11,-5.0
22020,1610612742,DAL,Dallas Mavericks,0022000690,2021-03-26,DAL vs. IND,L,242,94,39,95,0.411,8,35,0.229,8,14,0.571,15,36,51,17,4,4,15,18,-15.0
22020,1610612737,ATL,Atlanta Hawks,0022000692,2021-03-26,ATL @ GSW,W,241,124,46,84,0.548,13,33,0.394,19,24,0.792,8,37,45,31,6,5,10,23,16.0
22020,1610612743,DEN,Denver Nuggets,0022000689,2021-03-26,DEN @ NOP,W,240,113,47,93,0.505,14,28,0.5,5,7,0.714,11,25,36,28,7,7,8,16,5.0
22020,1610612762,UTA,Utah Jazz,0022000691,2021-03-26,UTA vs. MEM,W,240,117,45,98,0.459,12,33,0.364,15,18,0.833,14,37,51,25,5,4,7,15,3.0
22020,1610612748,MIA,Miami Heat,0022000686,2021-03-26,MIA @ CHA,L,240,105,40,87,0.46,15,43,0.349,10,20,0.5,9,30,39,28,9,3,10,17,-5.0
22020,1610612749,MIL,Milwaukee Bucks,0022000685,2021-03-26,MIL vs. BOS,L,240,114,44,99,0.444,19,47,0.404,7,11,0.636,16,33,49,24,7,3,16,16,-8.0
22020,1610612756,PHX,Phoenix Suns,0022000684,2021-03-26,PHX @ TOR,W,241,104,43,90,0.478,9,36,0.25,9,9,1.0,9,38,47,26,4,3,13,16,4.0
22020,1610612761,TOR,Toronto Raptors,0022000684,2021-03-26,TOR vs. PHX,L,240,100,37,90,0.411,12,45,0.267,14,16,0.875,7,31,38,20,5,4,10,17,-4.0
22020,1610612754,IND,Indiana Pacers,0022000690,2021-03-26,IND @ DAL,W,241,109,38,87,0.437,20,47,0.426,13,18,0.722,13,36,49,26,9,10,10,17,15.0
22020,1610612744,GSW,Golden State Warriors,0022000692,2021-03-26,GSW vs. ATL,L,240,108,39,79,0.494,12,28,0.429,18,26,0.692,5,28,33,29,7,4,12,22,-16.0
22020,1610612747,LAL,Los Angeles Lakers,0022000693,2021-03-26,LAL vs. CLE,W,239,100,38,78,0.487,6,26,0.231,18,25,0.72,9,36,45,23,15,3,23,23,14.0
22020,1610612766,CHA,Charlotte Hornets,0022000686,2021-03-26,CHA vs. MIA,W,241,110,39,79,0.494,18,43,0.419,14,19,0.737,6,36,42,30,6,7,16,16,5.0
22020,1610612751,BKN,Brooklyn Nets,0022000683,2021-03-26,BKN @ DET,W,240,113,37,84,0.44,13,33,0.394,26,34,0.765,16,33,49,19,3,4,10,27,2.0
22020,1610612753,ORL,Orlando Magic,0022000687,2021-03-26,ORL vs. POR,L,240,105,42,95,0.442,12,27,0.444,9,17,0.529,11,29,40,29,7,5,12,18,-7.0
22020,1610612745,HOU,Houston Rockets,0022000688,2021-03-26,HOU @ MIN,L,240,101,37,87,0.425,17,44,0.386,10,13,0.769,7,40,47,26,5,9,19,20,-6.0
22020,1610612752,NYK,New York Knicks,0022000679,2021-03-25,NYK vs. WAS,W,240,106,34,93,0.366,7,28,0.25,31,42,0.738,18,37,55,14,12,4,13,28,4.0
22020,1610612764,WAS,Washington Wizards,0022000679,2021-03-25,WAS @ NYK,L,238,102,37,80,0.463,8,26,0.308,20,33,0.606,8,38,46,26,8,9,17,32,-4.0
22020,1610612759,SAS,San Antonio Spurs,0022000680,2021-03-25,SAS vs. LAC,L,240,85,33,82,0.402,8,23,0.348,11,13,0.846,2,37,39,16,4,6,7,14,-13.0
22020,1610612747,LAL,Los Angeles Lakers,0022000681,2021-03-25,LAL vs. PHI,L,240,101,34,78,0.436,9,26,0.346,24,33,0.727,7,35,42,22,10,0,20,19,-8.0
22020,1610612744,GSW,Golden State Warriors,0022000682,2021-03-25,GSW @ SAC,L,239,119,45,88,0.511,17,32,0.531,12,12,1.0,7,31,38,24,4,0,12,19,-22.0
22020,1610612758,SAC,Sacramento Kings,0022000682,2021-03-25,SAC vs. GSW,W,241,141,53,89,0.596,19,38,0.5,16,19,0.842,5,33,38,28,6,4,6,13,22.0
22020,1610612746,LAC,LA Clippers,0022000680,2021-03-25,LAC @ SAS,W,239,98,34,89,0.382,13,34,0.382,17,18,0.944,14,43,57,16,6,5,8,13,13.0
22020,1610612757,POR,Portland Trail Blazers,0022000678,2021-03-25,POR @ MIA,W,240,125,44,92,0.478,20,46,0.435,17,19,0.895,10,30,40,24,3,7,10,14,3.0
22020,1610612748,MIA,Miami Heat,0022000678,2021-03-25,MIA vs. POR,L,240,122,47,84,0.56,16,34,0.471,12,13,0.923,5,34,39,34,3,7,11,18,-3.0
22020,1610612755,PHI,Philadelphia 76ers,0022000681,2021-03-25,PHI @ LAL,W,241,109,39,80,0.488,17,45,0.378,14,21,0.667,7,32,39,24,13,9,20,26,8.0
22020,1610612741,CHI,Chicago Bulls,0022000671,2021-03-24,CHI vs. CLE,L,239,94,37,83,0.446,8,28,0.286,12,14,0.857,10,35,45,21,6,4,15,12,-9.0
22020,1610612753,ORL,Orlando Magic,0022000670,2021-03-24,ORL vs. PHX,W,240,112,42,90,0.467,13,37,0.351,15,19,0.789,9,40,49,18,3,5,11,18,1.0
22020,1610612754,IND,Indiana Pacers,0022000667,2021-03-24,IND vs. DET,W,241,116,45,97,0.464,15,34,0.441,11,14,0.786,11,26,37,25,7,8,10,20,5.0
22020,1610612763,MEM,Memphis Grizzlies,0022000674,2021-03-24,MEM @ OKC,W,240,116,47,99,0.475,11,30,0.367,11,13,0.846,14,42,56,19,12,10,17,10,9.0
22020,1610612762,UTA,Utah Jazz,0022000676,2021-03-24,UTA vs. BKN,W,240,118,41,91,0.451,23,55,0.418,13,14,0.929,11,45,56,24,6,6,11,15,30.0
22020,1610612750,MIN,Minnesota Timberwolves,0022000673,2021-03-24,MIN vs. DAL,L,241,108,38,86,0.442,12,38,0.316,20,26,0.769,6,31,37,24,6,2,12,25,-20.0
22020,1610612746,LAC,LA Clippers,0022000675,2021-03-24,LAC @ SAS,W,239,134,49,88,0.557,17,33,0.515,19,30,0.633,5,39,44,23,10,3,8,20,33.0
22020,1610612758,SAC,Sacramento Kings,0022000677,2021-03-24,SAC vs. ATL,W,240,110,40,84,0.476,10,30,0.333,20,22,0.909,12,30,42,21,5,6,16,16,2.0
22020,1610612751,BKN,Brooklyn Nets,0022000676,2021-03-24,BKN @ UTA,L,238,88,35,97,0.361,7,35,0.2,11,15,0.733,13,35,48,19,9,1,9,10,-30.0
22020,1610612743,DEN,Denver Nuggets,0022000668,2021-03-24,DEN @ TOR,L,241,111,41,98,0.418,14,43,0.326,15,18,0.833,17,29,46,25,5,2,11,19,-24.0
22020,1610612749,MIL,Milwaukee Bucks,0022000669,2021-03-24,MIL vs. BOS,W,241,121,45,90,0.5,17,37,0.459,14,20,0.7,13,33,46,19,8,5,16,14,2.0
22020,1610612765,DET,Detroit Pistons,0022000667,2021-03-24,DET @ IND,L,239,111,44,83,0.53,11,28,0.393,12,19,0.632,5,36,41,29,8,9,15,18,-5.0
22020,1610612759,SAS,San Antonio Spurs,0022000675,2021-03-24,SAS vs. LAC,L,241,101,39,85,0.459,7,22,0.318,16,19,0.842,6,34,40,22,6,6,16,24,-33.0
22020,1610612756,PHX,Phoenix Suns,0022000670,2021-03-24,PHX @ ORL,L,239,111,40,90,0.444,11,33,0.333,20,22,0.909,10,37,47,22,9,3,8,15,-1.0
22020,1610612745,HOU,Houston Rockets,0022000672,2021-03-24,HOU vs. CHA,L,239,97,33,86,0.384,16,49,0.327,15,22,0.682,10,29,39,24,6,2,6,19,-25.0
22020,1610612742,DAL,Dallas Mavericks,0022000673,2021-03-24,DAL @ MIN,W,240,128,48,99,0.485,16,44,0.364,16,22,0.727,14,39,53,27,5,6,10,22,20.0
22020,1610612738,BOS,Boston Celtics,0022000669,2021-03-24,BOS @ MIL,L,240,119,45,94,0.479,19,47,0.404,10,10,1.0,9,29,38,24,9,6,12,15,-2.0
22020,1610612739,CLE,Cleveland Cavaliers,0022000671,2021-03-24,CLE @ CHI,W,240,103,42,92,0.457,11,29,0.379,8,10,0.8,12,34,46,28,8,7,10,16,9.0
22020,1610612737,ATL,Atlanta Hawks,0022000677,2021-03-24,ATL @ SAC,L,241,108,41,85,0.482,7,25,0.28,19,23,0.826,11,31,42,17,5,3,13,20,-2.0
22020,1610612760,OKC,Oklahoma City Thunder,0022000674,2021-03-24,OKC vs. MEM,L,238,107,43,95,0.453,10,35,0.286,11,17,0.647,9,35,44,26,13,8,14,10,-9.0
22020,1610612766,CHA,Charlotte Hornets,0022000672,2021-03-24,CHA @ HOU,W,241,122,41,80,0.513,18,38,0.474,22,29,0.759,10,40,50,27,4,3,13,20,25.0
22020,1610612761,TOR,Toronto Raptors,0022000668,2021-03-24,TOR vs. DEN,W,241,135,45,89,0.506,24,48,0.5,21,23,0.913,9,36,45,31,3,6,9,21,24.0
22020,1610612755,PHI,Philadelphia 76ers,0022000665,2021-03-23,PHI @ GSW,W,240,108,39,86,0.453,7,24,0.292,23,35,0.657,13,38,51,15,5,4,13,24,10.0
22020,1610612752,NYK,New York Knicks,0022000662,2021-03-23,NYK vs. WAS,W,240,131,47,92,0.511,16,30,0.533,21,24,0.875,12,30,42,23,6,8,10,28,18.0
22020,1610612740,NOP,New Orleans Pelicans,0022000663,2021-03-23,NOP vs. LAL,W,239,128,47,90,0.522,10,29,0.345,24,26,0.923,11,42,53,28,9,3,13,24,17.0
22020,1610612757,POR,Portland Trail Blazers,0022000666,2021-03-23,POR vs. BKN,L,240,112,36,90,0.4,19,55,0.345,21,23,0.913,13,31,44,25,4,5,8,20,-4.0
22020,1610612747,LAL,Los Angeles Lakers,0022000663,2021-03-23,LAL @ NOP,L,240,111,36,85,0.424,18,37,0.486,21,30,0.7,6,28,34,25,10,4,13,17,-17.0
22020,1610612764,WAS,Washington Wizards,0022000662,2021-03-23,WAS @ NYK,L,240,113,38,79,0.481,9,23,0.391,28,35,0.8,7,31,38,25,5,5,16,23,-18.0
22020,1610612748,MIA,Miami Heat,0022000664,2021-03-23,MIA vs. PHX,L,239,100,36,86,0.419,13,36,0.361,15,17,0.882,17,33,50,23,3,4,13,13,-10.0
22020,1610612756,PHX,Phoenix Suns,0022000664,2021-03-23,PHX @ MIA,W,239,110,45,91,0.495,12,37,0.324,8,9,0.889,8,31,39,29,5,6,6,18,10.0
22020,1610612751,BKN,Brooklyn Nets,0022000666,2021-03-23,BKN @ POR,W,240,116,43,87,0.494,9,30,0.3,21,27,0.778,10,37,47,25,5,2,8,17,4.0
22020,1610612743,DEN,Denver Nuggets,0022000661,2021-03-23,DEN @ ORL,W,241,110,45,91,0.495,8,30,0.267,12,13,0.923,13,39,52,25,12,7,10,13,11.0
22020,1610612744,GSW,Golden State Warriors,0022000665,2021-03-23,GSW vs. PHI,L,240,98,36,83,0.434,8,25,0.32,18,26,0.692,6,32,38,22,5,7,11,23,-10.0
22020,1610612753,ORL,Orlando Magic,0022000661,2021-03-23,ORL vs. DEN,L,240,99,39,88,0.443,11,34,0.324,10,14,0.714,9,28,37,27,8,4,13,12,-11.0
22020,1610612763,MEM,Memphis Grizzlies,0022000658,2021-03-22,MEM vs. BOS,W,265,132,55,110,0.5,12,35,0.343,10,15,0.667,17,37,54,38,8,6,10,20,6.0
22020,1610612760,OKC,Oklahoma City Thunder,0022000654,2021-03-22,OKC @ MIN,W,240,112,41,87,0.471,21,37,0.568,9,10,0.9,9,38,47,27,8,10,14,14,9.0
22020,1610612759,SAS,San Antonio Spurs,0022000655,2021-03-22,SAS vs. CHA,L,241,97,36,78,0.462,11,32,0.344,14,17,0.824,5,33,38,17,5,9,14,22,-3.0
22020,1610612766,CHA,Charlotte Hornets,0022000655,2021-03-22,CHA @ SAS,W,241,100,34,81,0.42,12,32,0.375,20,23,0.87,7,33,40,27,5,7,11,14,3.0
22020,1610612761,TOR,Toronto Raptors,0022000657,2021-03-22,TOR @ HOU,L,241,99,37,87,0.425,10,40,0.25,15,19,0.789,8,36,44,19,6,5,13,24,-18.0
22020,1610612750,MIN,Minnesota Timberwolves,0022000654,2021-03-22,MIN vs. OKC,L,239,103,38,92,0.413,14,39,0.359,13,18,0.722,11,31,42,24,11,4,12,17,-9.0
22020,1610612739,CLE,Cleveland Cavaliers,0022000653,2021-03-22,CLE vs. SAC,L,240,105,41,96,0.427,4,17,0.235,19,23,0.826,10,29,39,22,13,4,8,11,-14.0
22020,1610612737,ATL,Atlanta Hawks,0022000660,2021-03-22,ATL @ LAC,L,239,110,43,95,0.453,12,34,0.353,12,16,0.75,15,33,48,21,3,3,7,18,-9.0
22020,1610612745,HOU,Houston Rockets,0022000657,2021-03-22,HOU vs. TOR,W,240,117,41,90,0.456,14,36,0.389,21,26,0.808,10,37,47,28,7,7,11,21,18.0
22020,1610612758,SAC,Sacramento Kings,0022000653,2021-03-22,SAC @ CLE,W,238,119,49,90,0.544,13,30,0.433,8,12,0.667,10,39,49,26,6,7,16,17,14.0
22020,1610612754,IND,Indiana Pacers,0022000659,2021-03-22,IND @ MIL,L,241,113,45,111,0.405,12,50,0.24,11,12,0.917,11,29,40,27,8,3,6,16,-27.0
22020,1610612762,UTA,Utah Jazz,0022000656,2021-03-22,UTA @ CHI,W,241,120,45,92,0.489,17,39,0.436,13,15,0.867,10,36,46,25,9,10,9,16,25.0
22020,1610612741,CHI,Chicago Bulls,0022000656,2021-03-22,CHI vs. UTA,L,240,95,39,96,0.406,6,26,0.231,11,12,0.917,14,35,49,21,5,3,13,14,-25.0
22020,1610612746,LAC,LA Clippers,0022000660,2021-03-22,LAC vs. ATL,W,238,119,42,85,0.494,17,38,0.447,18,20,0.9,8,36,44,26,4,7,8,16,9.0
22020,1610612738,BOS,Boston Celtics,0022000658,2021-03-22,BOS @ MEM,L,264,126,47,90,0.522,17,35,0.486,15,24,0.625,5,38,43,31,3,6,12,18,-6.0
22020,1610612749,MIL,Milwaukee Bucks,0022000659,2021-03-22,MIL vs. IND,W,239,140,53,94,0.564,24,39,0.615,10,15,0.667,8,47,55,35,3,5,15,16,27.0
22020,1610612760,OKC,Oklahoma City Thunder,0022000016,2021-03-21,OKC @ HOU,W,240,114,42,91,0.462,13,39,0.333,17,25,0.68,19,33,52,22,8,2,16,21,2.0
22020,1610612743,DEN,Denver Nuggets,0022000646,2021-03-21,DEN vs. NOP,L,241,108,44,88,0.5,12,34,0.353,8,10,0.8,10,27,37,30,9,5,15,28,-5.0
22020,1610612754,IND,Indiana Pacers,0022000645,2021-03-21,IND @ MIA,W,265,109,38,98,0.388,15,45,0.333,18,20,0.9,13,37,50,27,8,10,14,22,3.0
22020,1610612740,NOP,New Orleans Pelicans,0022000646,2021-03-21,NOP @ DEN,W,240,113,41,85,0.482,8,28,0.286,23,30,0.767,14,31,45,26,8,7,16,12,5.0
22020,1610612753,ORL,Orlando Magic,0022000167,2021-03-21,ORL @ BOS,L,240,96,32,84,0.381,11,34,0.324,21,30,0.7,9,35,44,20,6,4,6,13,-16.0
22020,1610612765,DET,Detroit Pistons,0022000649,2021-03-21,DET vs. CHI,L,240,86,32,82,0.39,4,25,0.16,18,25,0.72,8,29,37,20,11,5,14,16,-14.0
22020,1610612745,HOU,Houston Rockets,0022000016,2021-03-21,HOU vs. OKC,L,240,112,39,79,0.494,14,38,0.368,20,27,0.741,8,30,38,22,7,4,16,20,-2.0
22020,1610612739,CLE,Cleveland Cavaliers,0022000648,2021-03-21,CLE vs. TOR,W,241,116,39,77,0.506,17,33,0.515,21,28,0.75,7,47,54,29,8,4,26,19,11.0
22020,1610612761,TOR,Toronto Raptors,0022000648,2021-03-21,TOR @ CLE,L,239,105,37,95,0.389,15,46,0.326,16,19,0.842,9,28,37,19,13,3,14,26,-11.0
22020,1610612764,WAS,Washington Wizards,0022000647,2021-03-21,WAS @ BKN,L,239,106,42,79,0.532,7,21,0.333,15,19,0.789,10,33,43,24,5,4,19,22,-7.0
22020,1610612742,DAL,Dallas Mavericks,0022000652,2021-03-21,DAL @ POR,W,241,132,48,86,0.558,19,37,0.514,17,20,0.85,8,44,52,23,4,3,10,17,40.0
22020,1610612755,PHI,Philadelphia 76ers,0022000650,2021-03-21,PHI @ NYK,W,263,101,38,82,0.463,11,25,0.44,14,23,0.609,8,36,44,19,12,9,19,18,1.0
22020,1610612757,POR,Portland Trail Blazers,0022000652,2021-03-21,POR vs. DAL,L,241,92,34,89,0.382,9,41,0.22,15,19,0.789,9,24,33,17,7,3,6,17,-40.0
22020,1610612747,LAL,Los Angeles Lakers,0022000651,2021-03-21,LAL @ PHX,L,239,94,35,85,0.412,5,25,0.2,19,28,0.679,7,34,41,20,3,2,11,18,-17.0
22020,1610612748,MIA,Miami Heat,0022000645,2021-03-21,MIA vs. IND,L,265,106,39,97,0.402,9,37,0.243,19,23,0.826,13,38,51,27,7,7,14,19,-3.0
22020,1610612752,NYK,New York Knicks,0022000650,2021-03-21,NYK vs. PHI,L,266,100,38,88,0.432,11,24,0.458,13,23,0.565,13,31,44,16,13,2,17,19,-1.0
22020,1610612756,PHX,Phoenix Suns,0022000651,2021-03-21,PHX vs. LAL,W,241,111,42,87,0.483,9,32,0.281,18,23,0.783,9,42,51,30,7,6,10,24,17.0
22020,1610612751,BKN,Brooklyn Nets,0022000647,2021-03-21,BKN vs. WAS,W,240,113,44,90,0.489,9,29,0.31,16,22,0.727,10,25,35,24,11,8,7,18,7.0
22020,1610612741,CHI,Chicago Bulls,0022000649,2021-03-21,CHI @ DET,W,242,100,37,80,0.463,14,28,0.5,12,14,0.857,9,43,52,26,8,8,18,22,14.0
22020,1610612738,BOS,Boston Celtics,0022000167,2021-03-21,BOS vs. ORL,W,241,112,40,88,0.455,23,55,0.418,9,9,1.0,7,38,45,27,6,3,9,21,16.0
22020,1610612744,GSW,Golden State Warriors,0022000642,2021-03-20,GSW @ MEM,L,238,103,31,90,0.344,13,41,0.317,28,34,0.824,7,39,46,23,8,7,11,25,-8.0
22020,1610612759,SAS,San Antonio Spurs,0022000643,2021-03-20,SAS @ MIL,L,239,113,46,96,0.479,12,33,0.364,9,10,0.9,5,36,41,29,6,4,9,11,-7.0
22020,1610612737,ATL,Atlanta Hawks,0022000640,2021-03-20,ATL @ LAL,W,239,99,39,98,0.398,13,37,0.351,8,9,0.889,16,33,49,26,13,7,8,21,5.0
22020,1610612763,MEM,Memphis Grizzlies,0022000642,2021-03-20,MEM vs. GSW,W,239,111,37,95,0.389,10,32,0.313,27,31,0.871,13,47,60,25,8,5,12,22,8.0
22020,1610612746,LAC,LA Clippers,0022000644,2021-03-20,LAC vs. CHA,W,242,125,45,86,0.523,12,34,0.353,23,23,1.0,9,33,42,26,9,1,9,25,27.0
22020,1610612747,LAL,Los Angeles Lakers,0022000640,2021-03-20,LAL vs. ATL,L,242,94,34,81,0.42,8,26,0.308,18,24,0.75,13,39,52,18,6,3,16,16,-5.0
22020,1610612766,CHA,Charlotte Hornets,0022000644,2021-03-20,CHA @ LAC,L,240,98,31,80,0.388,15,41,0.366,21,28,0.75,13,26,39,25,5,4,14,20,-27.0
22020,1610612755,PHI,Philadelphia 76ers,0022000641,2021-03-20,PHI vs. SAC,W,238,129,48,86,0.558,11,23,0.478,22,29,0.759,9,43,52,24,7,3,10,22,24.0
22020,1610612749,MIL,Milwaukee Bucks,0022000643,2021-03-20,MIL vs. SAS,W,241,120,45,92,0.489,14,38,0.368,16,18,0.889,6,43,49,24,5,3,11,11,7.0
22020,1610612758,SAC,Sacramento Kings,0022000641,2021-03-20,SAC @ PHI,L,240,105,39,85,0.459,10,28,0.357,17,27,0.63,4,29,33,28,4,2,8,21,-24.0
22020,1610612765,DET,Detroit Pistons,0022000635,2021-03-19,DET @ HOU,W,239,113,37,85,0.435,14,29,0.483,25,28,0.893,12,37,49,28,7,4,13,17,13.0
22020,1610612738,BOS,Boston Celtics,0022000631,2021-03-19,BOS vs. SAC,L,239,96,39,91,0.429,12,31,0.387,6,7,0.857,12,33,45,22,8,4,14,20,-11.0
22020,1610612748,MIA,Miami Heat,0022000632,2021-03-19,MIA vs. IND,L,240,110,41,92,0.446,9,34,0.265,19,20,0.95,10,26,36,22,10,4,11,17,-27.0
22020,1610612762,UTA,Utah Jazz,0022000634,2021-03-19,UTA @ TOR,W,240,115,34,74,0.459,12,37,0.324,35,41,0.854,9,39,48,21,7,5,13,16,3.0
22020,1610612753,ORL,Orlando Magic,0022000633,2021-03-19,ORL vs. BKN,W,238,121,43,84,0.512,21,40,0.525,14,20,0.7,8,36,44,26,4,1,17,20,8.0
22020,1610612750,MIN,Minnesota Timberwolves,0022000638,2021-03-19,MIN @ PHX,L,240,101,37,79,0.468,13,35,0.371,14,18,0.778,5,34,39,22,8,6,19,19,-12.0
22020,1610612756,PHX,Phoenix Suns,0022000638,2021-03-19,PHX vs. MIN,W,243,113,43,86,0.5,14,27,0.519,13,17,0.765,6,34,40,29,8,1,18,19,12.0
22020,1610612741,CHI,Chicago Bulls,0022000637,2021-03-19,CHI @ DEN,L,264,127,47,90,0.522,17,35,0.486,16,23,0.696,9,33,42,32,6,2,16,20,-4.0
22020,1610612743,DEN,Denver Nuggets,0022000637,2021-03-19,DEN vs. CHI,W,265,131,48,91,0.527,14,34,0.412,21,27,0.778,9,34,43,29,10,3,13,22,4.0
22020,1610612739,CLE,Cleveland Cavaliers,0022000435,2021-03-19,CLE vs. SAS,L,241,110,39,89,0.438,7,27,0.259,25,32,0.781,15,32,47,19,8,4,10,21,-6.0
22020,1610612754,IND,Indiana Pacers,0022000632,2021-03-19,IND @ MIA,W,240,137,52,89,0.584,20,36,0.556,13,19,0.684,9,38,47,38,7,9,16,17,27.0
22020,1610612744,GSW,Golden State Warriors,0022000636,2021-03-19,GSW @ MEM,W,241,116,44,91,0.484,15,41,0.366,13,18,0.722,8,35,43,31,13,6,13,16,13.0
22020,1610612742,DAL,Dallas Mavericks,0022000639,2021-03-19,DAL @ POR,L,241,119,44,81,0.543,19,42,0.452,12,13,0.923,5,34,39,25,4,4,12,16,-6.0
22020,1610612758,SAC,Sacramento Kings,0022000631,2021-03-19,SAC @ BOS,W,241,107,37,81,0.457,12,30,0.4,21,26,0.808,11,34,45,22,6,9,14,16,11.0
22020,1610612759,SAS,San Antonio Spurs,0022000435,2021-03-19,SAS @ CLE,W,241,116,41,88,0.466,7,18,0.389,27,33,0.818,17,34,51,19,5,4,13,25,6.0
22020,1610612763,MEM,Memphis Grizzlies,0022000636,2021-03-19,MEM vs. GSW,L,240,103,39,84,0.464,8,26,0.308,17,21,0.81,9,37,46,24,10,6,20,17,-13.0
22020,1610612757,POR,Portland Trail Blazers,0022000639,2021-03-19,POR vs. DAL,W,239,125,44,93,0.473,22,47,0.468,15,17,0.882,13,30,43,17,5,0,6,15,6.0
22020,1610612751,BKN,Brooklyn Nets,0022000633,2021-03-19,BKN @ ORL,L,240,113,43,91,0.473,10,37,0.27,17,23,0.739,9,30,39,24,9,3,8,16,-8.0
22020,1610612761,TOR,Toronto Raptors,0022000634,2021-03-19,TOR vs. UTA,L,240,112,40,83,0.482,21,44,0.477,11,14,0.786,3,28,31,31,9,4,10,28,-3.0
22020,1610612745,HOU,Houston Rockets,0022000635,2021-03-19,HOU vs. DET,L,240,100,39,88,0.443,9,32,0.281,13,16,0.813,7,31,38,21,7,4,13,17,-13.0
22020,1610612766,CHA,Charlotte Hornets,0022000630,2021-03-18,CHA @ LAL,L,240,105,41,83,0.494,11,29,0.379,12,20,0.6,8,36,44,26,7,8,19,19,-11.0
22020,1610612750,MIN,Minnesota Timberwolves,0022000628,2021-03-18,MIN @ PHX,W,240,123,44,93,0.473,11,34,0.324,24,35,0.686,11,27,38,22,14,4,12,16,4.0
22020,1610612760,OKC,Oklahoma City Thunder,0022000626,2021-03-18,OKC @ ATL,L,240,93,34,93,0.366,13,34,0.382,12,16,0.75,11,27,38,18,5,3,9,13,-23.0
22020,1610612753,ORL,Orlando Magic,0022000627,2021-03-18,ORL @ NYK,L,239,93,35,82,0.427,10,34,0.294,13,16,0.813,8,41,49,21,6,6,10,13,-1.0
22020,1610612762,UTA,Utah Jazz,0022000166,2021-03-18,UTA @ WAS,L,242,122,44,96,0.458,18,48,0.375,16,28,0.571,11,36,47,19,10,3,16,27,-9.0
22020,1610612764,WAS,Washington Wizards,0022000166,2021-03-18,WAS vs. UTA,W,240,131,47,86,0.547,7,17,0.412,30,38,0.789,7,36,43,23,6,2,13,27,9.0
22020,1610612737,ATL,Atlanta Hawks,0022000626,2021-03-18,ATL vs. OKC,W,241,116,47,87,0.54,11,33,0.333,11,13,0.846,6,44,50,26,6,7,14,16,23.0
22020,1610612757,POR,Portland Trail Blazers,0022000629,2021-03-18,POR vs. NOP,W,241,101,33,87,0.379,14,43,0.326,21,25,0.84,14,36,50,11,8,8,13,19,8.0
22020,1610612752,NYK,New York Knicks,0022000627,2021-03-18,NYK vs. ORL,W,240,94,37,86,0.43,14,34,0.412,6,11,0.545,5,38,43,24,6,4,7,14,1.0
22020,1610612747,LAL,Los Angeles Lakers,0022000630,2021-03-18,LAL vs. CHA,W,240,116,44,92,0.478,13,39,0.333,15,20,0.75,11,37,48,23,7,6,11,19,11.0
22020,1610612756,PHX,Phoenix Suns,0022000628,2021-03-18,PHX vs. MIN,L,240,119,45,85,0.529,15,36,0.417,14,19,0.737,9,38,47,29,6,6,22,30,-4.0
22020,1610612740,NOP,New Orleans Pelicans,0022000629,2021-03-18,NOP @ POR,L,239,93,33,83,0.398,10,37,0.27,17,25,0.68,10,34,44,24,6,5,12,19,-8.0
22020,1610612749,MIL,Milwaukee Bucks,0022000618,2021-03-17,MIL @ PHI,W,264,109,41,101,0.406,9,39,0.231,18,24,0.75,12,46,58,22,11,1,22,11,4.0
22020,1610612739,CLE,Cleveland Cavaliers,0022000620,2021-03-17,CLE vs. BOS,W,241,117,40,74,0.541,10,23,0.435,27,33,0.818,7,33,40,23,6,3,15,17,7.0
22020,1610612741,CHI,Chicago Bulls,0022000621,2021-03-17,CHI vs. SAS,L,240,99,40,91,0.44,11,33,0.333,8,9,0.889,14,37,51,24,6,3,17,22,-7.0
22020,1610612751,BKN,Brooklyn Nets,0022000617,2021-03-17,BKN @ IND,W,239,124,42,87,0.483,9,27,0.333,31,40,0.775,15,35,50,22,10,2,16,20,9.0
22020,1610612765,DET,Detroit Pistons,0022000616,2021-03-17,DET vs. TOR,W,241,116,38,75,0.507,12,29,0.414,28,32,0.875,13,41,54,23,8,5,20,30,4.0
22020,1610612743,DEN,Denver Nuggets,0022000624,2021-03-17,DEN vs. CHA,W,240,129,52,90,0.578,16,44,0.364,9,13,0.692,8,40,48,37,12,3,15,22,25.0
22020,1610612754,IND,Indiana Pacers,0022000617,2021-03-17,IND vs. BKN,L,240,115,43,84,0.512,9,32,0.281,20,25,0.8,4,30,34,29,10,3,16,28,-9.0
22020,1610612742,DAL,Dallas Mavericks,0022000625,2021-03-17,DAL vs. LAC,W,241,105,40,79,0.506,15,34,0.441,10,12,0.833,6,37,43,14,7,7,18,16,16.0
22020,1610612738,BOS,Boston Celtics,0022000620,2021-03-17,BOS @ CLE,L,240,110,40,88,0.455,10,38,0.263,20,29,0.69,15,25,40,19,10,9,12,27,-7.0
22020,1610612763,MEM,Memphis Grizzlies,0022000623,2021-03-17,MEM vs. MIA,W,241,89,30,85,0.353,10,42,0.238,19,25,0.76,8,42,50,22,5,4,9,17,4.0
22020,1610612758,SAC,Sacramento Kings,0022000619,2021-03-17,SAC @ WAS,W,242,121,41,93,0.441,10,33,0.303,29,35,0.829,6,32,38,25,10,4,8,26,2.0
22020,1610612755,PHI,Philadelphia 76ers,0022000618,2021-03-17,PHI vs. MIL,L,266,105,43,109,0.394,14,41,0.341,5,8,0.625,13,46,59,28,14,7,20,23,-4.0
22020,1610612748,MIA,Miami Heat,0022000623,2021-03-17,MIA @ MEM,L,239,85,32,89,0.36,8,34,0.235,13,18,0.722,8,43,51,17,4,2,10,21,-4.0
22020,1610612745,HOU,Houston Rockets,0022000622,2021-03-17,HOU vs. GSW,L,240,94,33,80,0.413,7,27,0.259,21,40,0.525,8,40,48,19,7,3,16,15,-14.0
22020,1610612764,WAS,Washington Wizards,0022000619,2021-03-17,WAS vs. SAC,L,242,119,46,94,0.489,4,25,0.16,23,28,0.821,10,42,52,25,5,2,15,25,-2.0
22020,1610612766,CHA,Charlotte Hornets,0022000624,2021-03-17,CHA @ DEN,L,238,104,36,80,0.45,12,38,0.316,20,28,0.714,7,26,33,25,11,1,17,16,-25.0
22020,1610612746,LAC,LA Clippers,0022000625,2021-03-17,LAC @ DAL,L,239,89,37,88,0.42,9,32,0.281,6,11,0.545,8,29,37,22,12,3,12,15,-16.0
22020,1610612744,GSW,Golden State Warriors,0022000622,2021-03-17,GSW @ HOU,W,240,108,41,90,0.456,16,45,0.356,10,12,0.833,6,42,48,32,7,4,12,26,14.0
22020,1610612761,TOR,Toronto Raptors,0022000616,2021-03-17,TOR @ DET,L,239,112,37,86,0.43,12,40,0.3,26,34,0.765,10,20,30,27,7,6,9,26,-4.0
22020,1610612759,SAS,San Antonio Spurs,0022000621,2021-03-17,SAS @ CHI,W,241,106,38,89,0.427,8,31,0.258,22,30,0.733,13,33,46,19,5,6,9,8,7.0
22020,1610612747,LAL,Los Angeles Lakers,0022000615,2021-03-16,LAL vs. MIN,W,240,137,50,87,0.575,13,26,0.5,24,28,0.857,10,33,43,37,3,3,13,16,16.0
22020,1610612750,MIN,Minnesota Timberwolves,0022000615,2021-03-16,MIN @ LAL,L,241,121,47,90,0.522,11,35,0.314,16,22,0.727,8,26,34,28,9,6,12,21,-16.0
22020,1610612755,PHI,Philadelphia 76ers,0022000611,2021-03-16,PHI vs. NYK,W,241,99,37,90,0.411,11,32,0.344,14,19,0.737,12,38,50,19,8,10,11,22,3.0
22020,1610612737,ATL,Atlanta Hawks,0022000613,2021-03-16,ATL @ HOU,W,240,119,44,86,0.512,17,37,0.459,14,16,0.875,9,29,38,32,8,6,12,18,12.0
22020,1610612762,UTA,Utah Jazz,0022000609,2021-03-16,UTA @ BOS,W,240,117,38,80,0.475,19,43,0.442,22,24,0.917,10,28,38,23,6,6,15,18,8.0
22020,1610612760,OKC,Oklahoma City Thunder,0022000612,2021-03-16,OKC @ CHI,L,240,102,42,90,0.467,7,20,0.35,11,13,0.846,13,30,43,16,9,9,17,15,-21.0
22020,1610612738,BOS,Boston Celtics,0022000609,2021-03-16,BOS vs. UTA,L,241,109,48,98,0.49,10,29,0.345,3,4,0.75,16,29,45,28,8,5,13,18,-8.0
22020,1610612748,MIA,Miami Heat,0022000610,2021-03-16,MIA vs. CLE,W,239,113,42,85,0.494,10,27,0.37,19,21,0.905,16,32,48,30,11,5,13,18,15.0
22020,1610612740,NOP,New Orleans Pelicans,0022000614,2021-03-16,NOP @ POR,L,239,124,46,88,0.523,16,33,0.485,16,20,0.8,10,31,41,38,8,3,16,24,-1.0
22020,1610612745,HOU,Houston Rockets,0022000613,2021-03-16,HOU vs. ATL,L,240,107,42,88,0.477,13,34,0.382,10,13,0.769,10,27,37,27,6,6,13,19,-12.0
22020,1610612741,CHI,Chicago Bulls,0022000612,2021-03-16,CHI vs. OKC,W,240,123,48,94,0.511,12,36,0.333,15,18,0.833,12,30,42,24,8,4,11,17,21.0
22020,1610612752,NYK,New York Knicks,0022000611,2021-03-16,NYK @ PHI,L,241,96,37,84,0.44,8,24,0.333,14,22,0.636,9,38,47,19,7,5,12,23,-3.0
22020,1610612757,POR,Portland Trail Blazers,0022000614,2021-03-16,POR vs. NOP,W,241,125,38,73,0.521,18,43,0.419,31,31,1.0,4,28,32,20,8,8,17,19,1.0
22020,1610612739,CLE,Cleveland Cavaliers,0022000610,2021-03-16,CLE @ MIA,L,241,98,39,86,0.453,10,35,0.286,10,14,0.714,15,27,42,23,7,6,14,19,-15.0
22020,1610612752,NYK,New York Knicks,0022000604,2021-03-15,NYK @ BKN,L,240,112,37,92,0.402,15,42,0.357,23,27,0.852,13,27,40,16,9,2,8,22,-5.0
22020,1610612763,MEM,Memphis Grizzlies,0022000607,2021-03-15,MEM @ PHX,L,239,99,38,87,0.437,5,23,0.217,18,26,0.692,10,29,39,15,11,0,10,17,-23.0
22020,1610612754,IND,Indiana Pacers,0022000606,2021-03-15,IND @ DEN,L,238,106,39,90,0.433,17,42,0.405,11,13,0.846,10,29,39,28,8,9,11,13,-15.0
22020,1610612743,DEN,Denver Nuggets,0022000606,2021-03-15,DEN vs. IND,W,239,121,45,97,0.464,15,28,0.536,16,19,0.842,17,37,54,32,7,7,10,15,15.0
22020,1610612747,LAL,Los Angeles Lakers,0022000608,2021-03-15,LAL @ GSW,W,240,128,49,78,0.628,11,27,0.407,19,25,0.76,7,39,46,36,9,3,19,25,31.0
22020,1610612746,LAC,LA Clippers,0022000605,2021-03-15,LAC @ DAL,W,241,109,43,86,0.5,14,32,0.438,9,11,0.818,9,37,46,23,10,0,9,12,10.0
22020,1610612744,GSW,Golden State Warriors,0022000608,2021-03-15,GSW vs. LAL,L,240,97,34,79,0.43,13,37,0.351,16,24,0.667,9,21,30,24,9,2,22,23,-31.0
22020,1610612764,WAS,Washington Wizards,0022000603,2021-03-15,WAS vs. MIL,L,241,122,44,87,0.506,16,38,0.421,18,24,0.75,2,31,33,34,5,1,14,18,-11.0
22020,1610612751,BKN,Brooklyn Nets,0022000604,2021-03-15,BKN vs. NYK,W,241,117,44,76,0.579,12,29,0.414,17,22,0.773,3,38,41,29,3,6,15,19,5.0
22020,1610612759,SAS,San Antonio Spurs,0022000428,2021-03-15,SAS @ DET,W,240,109,47,83,0.566,12,25,0.48,3,5,0.6,10,35,45,29,3,9,21,23,10.0
22020,1610612758,SAC,Sacramento Kings,0022000602,2021-03-15,SAC @ CHA,L,240,116,48,86,0.558,9,31,0.29,11,17,0.647,4,40,44,28,7,6,10,19,-6.0
22020,1610612766,CHA,Charlotte Hornets,0022000602,2021-03-15,CHA vs. SAC,W,240,122,45,94,0.479,12,30,0.4,20,25,0.8,10,36,46,30,7,3,8,15,6.0
22020,1610612765,DET,Detroit Pistons,0022000428,2021-03-15,DET vs. SAS,L,240,99,39,83,0.47,7,25,0.28,14,25,0.56,8,26,34,22,9,5,8,9,-10.0
22020,1610612742,DAL,Dallas Mavericks,0022000605,2021-03-15,DAL vs. LAC,L,240,99,39,79,0.494,17,41,0.415,4,5,0.8,4,29,33,24,8,4,14,16,-10.0
22020,1610612756,PHX,Phoenix Suns,0022000607,2021-03-15,PHX vs. MEM,W,239,122,47,83,0.566,12,30,0.4,16,18,0.889,5,37,42,28,7,5,14,19,23.0
22020,1610612749,MIL,Milwaukee Bucks,0022000603,2021-03-15,MIL @ WAS,W,240,133,52,94,0.553,11,28,0.393,18,19,0.947,9,37,46,29,6,5,16,20,11.0
22020,1610612757,POR,Portland Trail Blazers,0022000599,2021-03-14,POR @ MIN,L,241,112,39,89,0.438,17,45,0.378,17,21,0.81,9,33,42,22,6,3,11,29,-2.0
22020,1610612744,GSW,Golden State Warriors,0022000594,2021-03-14,GSW vs. UTA,W,241,131,50,89,0.562,16,31,0.516,15,18,0.833,5,35,40,33,12,2,13,26,12.0
22020,1610612740,NOP,New Orleans Pelicans,0022000601,2021-03-14,NOP vs. LAC,W,240,135,53,81,0.654,12,26,0.462,17,21,0.81,4,36,40,38,8,1,18,16,20.0
22020,1610612755,PHI,Philadelphia 76ers,0022000595,2021-03-14,PHI vs. SAS,W,241,134,56,98,0.571,15,29,0.517,7,11,0.636,13,41,54,35,7,7,11,27,35.0
22020,1610612741,CHI,Chicago Bulls,0022000600,2021-03-14,CHI vs. TOR,W,241,118,44,97,0.454,12,44,0.273,18,23,0.783,14,46,60,35,6,7,11,20,23.0
22020,1610612753,ORL,Orlando Magic,0022000596,2021-03-14,ORL vs. MIA,L,241,97,33,75,0.44,16,40,0.4,15,21,0.714,8,37,45,25,4,1,23,18,-5.0
22020,1610612739,CLE,Cleveland Cavaliers,0022000597,2021-03-14,CLE @ ATL,L,241,82,31,81,0.383,8,30,0.267,12,23,0.522,14,20,34,19,4,5,13,18,-18.0
22020,1610612760,OKC,Oklahoma City Thunder,0022000593,2021-03-14,OKC vs. MEM,W,239,128,42,73,0.575,16,31,0.516,28,34,0.824,8,38,46,26,7,4,24,20,6.0
22020,1610612750,MIN,Minnesota Timberwolves,0022000599,2021-03-14,MIN vs. POR,W,241,114,36,73,0.493,13,38,0.342,29,39,0.744,5,40,45,24,6,4,12,22,2.0
22020,1610612763,MEM,Memphis Grizzlies,0022000593,2021-03-14,MEM @ OKC,L,241,122,47,92,0.511,7,22,0.318,21,29,0.724,11,21,32,27,13,3,7,21,-6.0
22020,1610612762,UTA,Utah Jazz,0022000594,2021-03-14,UTA @ GSW,L,241,119,41,93,0.441,15,44,0.341,22,29,0.759,18,33,51,24,6,6,14,16,-12.0
22020,1610612761,TOR,Toronto Raptors,0022000600,2021-03-14,TOR @ CHI,L,240,95,34,90,0.378,12,45,0.267,15,21,0.714,7,31,38,23,5,7,12,22,-23.0
22020,1610612738,BOS,Boston Celtics,0022000598,2021-03-14,BOS @ HOU,W,240,134,51,92,0.554,18,37,0.486,14,21,0.667,10,45,55,29,8,3,14,22,27.0
22020,1610612759,SAS,San Antonio Spurs,0022000595,2021-03-14,SAS @ PHI,L,240,99,36,85,0.424,4,21,0.19,23,31,0.742,10,22,32,20,8,10,9,13,-35.0
22020,1610612748,MIA,Miami Heat,0022000596,2021-03-14,MIA @ ORL,W,238,102,37,89,0.416,14,50,0.28,14,15,0.933,10,33,43,28,15,6,11,17,5.0
22020,1610612745,HOU,Houston Rockets,0022000598,2021-03-14,HOU vs. BOS,L,240,107,35,91,0.385,16,50,0.32,21,31,0.677,10,27,37,23,8,5,11,19,-27.0
22020,1610612746,LAC,LA Clippers,0022000601,2021-03-14,LAC @ NOP,L,239,115,42,92,0.457,15,43,0.349,16,19,0.842,9,23,32,23,12,2,12,17,-20.0
22020,1610612737,ATL,Atlanta Hawks,0022000597,2021-03-14,ATL vs. CLE,W,239,100,32,71,0.451,12,29,0.414,24,26,0.923,12,37,49,21,4,6,15,21,18.0
22020,1610612761,TOR,Toronto Raptors,0022000588,2021-03-13,TOR @ CHA,L,238,104,37,96,0.385,15,46,0.326,15,18,0.833,13,34,47,25,10,6,16,16,-10.0
22020,1610612754,IND,Indiana Pacers,0022000194,2021-03-13,IND @ PHX,W,240,122,46,87,0.529,13,28,0.464,17,21,0.81,9,36,45,25,9,6,15,18,11.0
22020,1610612765,DET,Detroit Pistons,0022000587,2021-03-13,DET @ BKN,L,240,95,36,89,0.404,8,32,0.25,15,20,0.75,12,34,46,26,10,8,12,16,-5.0
22020,1610612756,PHX,Phoenix Suns,0022000194,2021-03-13,PHX vs. IND,L,240,111,43,91,0.473,12,31,0.387,13,17,0.765,10,30,40,28,9,4,16,17,-11.0
22020,1610612764,WAS,Washington Wizards,0022000589,2021-03-13,WAS vs. MIL,L,240,119,43,94,0.457,16,41,0.39,17,22,0.773,6,35,41,25,9,2,15,20,-6.0
22020,1610612766,CHA,Charlotte Hornets,0022000588,2021-03-13,CHA vs. TOR,W,240,114,39,81,0.481,21,49,0.429,15,19,0.789,8,43,51,30,10,6,27,22,10.0
22020,1610612749,MIL,Milwaukee Bucks,0022000589,2021-03-13,MIL @ WAS,W,239,125,43,99,0.434,17,45,0.378,22,25,0.88,13,44,57,33,9,3,18,19,6.0
22020,1610612757,POR,Portland Trail Blazers,0022000591,2021-03-13,POR @ MIN,W,241,125,43,89,0.483,13,40,0.325,26,30,0.867,7,27,34,26,6,5,8,18,4.0
22020,1610612760,OKC,Oklahoma City Thunder,0022000586,2021-03-13,OKC vs. NYK,L,240,97,37,76,0.487,8,32,0.25,15,21,0.714,5,35,40,22,3,4,18,18,-22.0
22020,1610612751,BKN,Brooklyn Nets,0022000587,2021-03-13,BKN vs. DET,W,240,100,39,80,0.488,6,27,0.222,16,22,0.727,5,30,35,22,8,7,12,16,5.0
22020,1610612743,DEN,Denver Nuggets,0022000592,2021-03-13,DEN vs. DAL,L,239,103,37,90,0.411,16,41,0.39,13,18,0.722,12,30,42,27,5,1,10,19,-13.0
22020,1610612750,MIN,Minnesota Timberwolves,0022000591,2021-03-13,MIN vs. POR,L,239,121,44,86,0.512,10,26,0.385,23,31,0.742,19,37,56,23,5,7,18,24,-4.0
22020,1610612758,SAC,Sacramento Kings,0022000590,2021-03-13,SAC @ ATL,L,239,106,43,98,0.439,7,36,0.194,13,16,0.813,22,25,47,27,5,1,12,26,-15.0
22020,1610612737,ATL,Atlanta Hawks,0022000590,2021-03-13,ATL vs. SAC,W,240,121,43,84,0.512,12,33,0.364,23,33,0.697,13,32,45,21,6,2,8,17,15.0
22020,1610612742,DAL,Dallas Mavericks,0022000592,2021-03-13,DAL @ DEN,W,240,116,42,86,0.488,18,46,0.391,14,16,0.875,11,37,48,26,5,3,8,19,13.0
22020,1610612752,NYK,New York Knicks,0022000586,2021-03-13,NYK @ OKC,W,240,119,44,90,0.489,14,35,0.4,17,22,0.773,11,33,44,23,12,2,10,20,22.0
22020,1610612740,NOP,New Orleans Pelicans,0022000581,2021-03-12,NOP vs. CLE,W,241,116,47,101,0.465,6,24,0.25,16,19,0.842,19,51,70,25,2,7,13,18,34.0
22020,1610612755,PHI,Philadelphia 76ers,0022000579,2021-03-12,PHI @ WAS,W,239,127,49,90,0.544,11,21,0.524,18,18,1.0,10,39,49,26,13,6,16,19,26.0
22020,1610612743,DEN,Denver Nuggets,0022000580,2021-03-12,DEN @ MEM,W,241,103,41,92,0.446,13,37,0.351,8,11,0.727,9,36,45,27,10,5,9,10,1.0
22020,1610612762,UTA,Utah Jazz,0022000584,2021-03-12,UTA vs. HOU,W,241,114,39,81,0.481,15,40,0.375,21,25,0.84,6,45,51,24,7,10,17,17,15.0
22020,1610612759,SAS,San Antonio Spurs,0022000583,2021-03-12,SAS vs. ORL,W,240,104,40,89,0.449,10,29,0.345,14,18,0.778,7,38,45,24,8,5,9,15,27.0
22020,1610612753,ORL,Orlando Magic,0022000583,2021-03-12,ORL @ SAS,L,240,77,29,80,0.363,10,38,0.263,9,12,0.75,9,37,46,17,3,4,18,16,-27.0
22020,1610612739,CLE,Cleveland Cavaliers,0022000581,2021-03-12,CLE @ NOP,L,240,82,30,88,0.341,7,32,0.219,15,20,0.75,5,28,33,13,8,9,6,18,-34.0
22020,1610612764,WAS,Washington Wizards,0022000579,2021-03-12,WAS vs. PHI,L,239,101,40,82,0.488,8,24,0.333,13,22,0.591,6,26,32,19,10,2,18,16,-26.0
22020,1610612763,MEM,Memphis Grizzlies,0022000580,2021-03-12,MEM vs. DEN,L,241,102,40,87,0.46,14,28,0.5,8,8,1.0,8,37,45,27,6,5,16,15,-1.0
22020,1610612748,MIA,Miami Heat,0022000582,2021-03-12,MIA @ CHI,W,240,101,37,80,0.463,12,35,0.343,15,20,0.75,1,40,41,26,11,6,9,13,11.0
22020,1610612745,HOU,Houston Rockets,0022000584,2021-03-12,HOU @ UTA,L,240,99,41,112,0.366,9,43,0.209,8,13,0.615,19,31,50,15,11,5,10,19,-15.0
22020,1610612747,LAL,Los Angeles Lakers,0022000585,2021-03-12,LAL vs. IND,W,239,105,34,76,0.447,7,22,0.318,30,39,0.769,6,38,44,20,10,5,15,20,5.0
22020,1610612754,IND,Indiana Pacers,0022000585,2021-03-12,IND @ LAL,L,241,100,37,88,0.42,8,36,0.222,18,21,0.857,10,34,44,22,7,4,16,27,-5.0
22020,1610612741,CHI,Chicago Bulls,0022000582,2021-03-12,CHI vs. MIA,L,240,90,34,92,0.37,15,38,0.395,7,7,1.0,12,38,50,25,5,3,16,16,-11.0
22020,1610612758,SAC,Sacramento Kings,0022000578,2021-03-11,SAC vs. HOU,W,240,125,45,92,0.489,11,33,0.333,24,28,0.857,8,45,53,25,11,5,12,19,20.0
22020,1610612756,PHX,Phoenix Suns,0022000577,2021-03-11,PHX @ POR,W,241,127,49,83,0.59,13,24,0.542,16,19,0.842,5,33,38,28,6,1,13,20,6.0
22020,1610612757,POR,Portland Trail Blazers,0022000577,2021-03-11,POR vs. PHX,L,239,121,43,94,0.457,18,43,0.419,17,19,0.895,15,26,41,26,8,2,11,18,-6.0
22020,1610612752,NYK,New York Knicks,0022000573,2021-03-11,NYK @ MIL,L,241,101,37,88,0.42,13,37,0.351,14,21,0.667,10,28,38,19,3,5,14,19,-33.0
22020,1610612744,GSW,Golden State Warriors,0022000576,2021-03-11,GSW @ LAC,L,240,104,38,88,0.432,9,36,0.25,19,27,0.704,5,39,44,20,6,6,16,23,-26.0
22020,1610612753,ORL,Orlando Magic,0022000571,2021-03-11,ORL @ MIA,L,241,103,39,96,0.406,12,34,0.353,13,15,0.867,16,41,57,22,6,4,14,19,-8.0
22020,1610612766,CHA,Charlotte Hornets,0022000568,2021-03-11,CHA vs. DET,W,238,105,36,90,0.4,10,30,0.333,23,24,0.958,12,33,45,26,9,3,9,14,3.0
22020,1610612765,DET,Detroit Pistons,0022000568,2021-03-11,DET @ CHA,L,241,102,38,85,0.447,15,46,0.326,11,14,0.786,11,39,50,27,6,5,14,21,-3.0
22020,1610612737,ATL,Atlanta Hawks,0022000570,2021-03-11,ATL @ TOR,W,240,121,39,90,0.433,15,42,0.357,28,35,0.8,12,41,53,20,8,13,14,26,1.0
22020,1610612742,DAL,Dallas Mavericks,0022000575,2021-03-11,DAL @ OKC,L,240,108,35,82,0.427,15,34,0.441,23,33,0.697,6,31,37,20,4,9,6,22,-8.0
22020,1610612738,BOS,Boston Celtics,0022000569,2021-03-11,BOS @ BKN,L,239,109,41,91,0.451,13,40,0.325,14,22,0.636,11,28,39,22,10,10,11,13,-12.0
22020,1610612745,HOU,Houston Rockets,0022000578,2021-03-11,HOU @ SAC,L,239,105,41,99,0.414,11,45,0.244,12,17,0.706,10,34,44,24,7,6,13,22,-20.0
22020,1610612749,MIL,Milwaukee Bucks,0022000573,2021-03-11,MIL vs. NYK,W,238,134,50,87,0.575,18,38,0.474,16,17,0.941,5,38,43,29,9,9,12,18,33.0
22020,1610612748,MIA,Miami Heat,0022000571,2021-03-11,MIA vs. ORL,W,241,111,41,91,0.451,16,49,0.327,13,22,0.591,9,35,44,27,8,4,10,16,8.0
22020,1610612750,MIN,Minnesota Timberwolves,0022000574,2021-03-11,MIN @ NOP,W,240,135,51,95,0.537,19,40,0.475,14,16,0.875,7,31,38,28,11,10,11,20,30.0
22020,1610612741,CHI,Chicago Bulls,0022000572,2021-03-11,CHI vs. PHI,L,242,105,39,83,0.47,14,29,0.483,13,16,0.813,8,30,38,26,3,6,19,19,-22.0
22020,1610612760,OKC,Oklahoma City Thunder,0022000575,2021-03-11,OKC vs. DAL,W,241,116,41,91,0.451,16,32,0.5,18,20,0.9,16,39,55,25,2,6,9,24,8.0
22020,1610612751,BKN,Brooklyn Nets,0022000569,2021-03-11,BKN vs. BOS,W,241,121,42,88,0.477,19,42,0.452,18,22,0.818,11,34,45,21,3,5,14,22,12.0
22020,1610612755,PHI,Philadelphia 76ers,0022000572,2021-03-11,PHI @ CHI,W,239,127,53,103,0.515,10,33,0.303,11,15,0.733,13,32,45,25,11,7,10,16,22.0
22020,1610612761,TOR,Toronto Raptors,0022000570,2021-03-11,TOR vs. ATL,L,240,120,42,96,0.438,17,37,0.459,19,23,0.826,13,37,50,23,8,4,14,25,-1.0
22020,1610612740,NOP,New Orleans Pelicans,0022000574,2021-03-11,NOP vs. MIN,L,241,105,43,100,0.43,6,32,0.188,13,24,0.542,19,32,51,28,7,6,18,18,-30.0
22020,1610612746,LAC,LA Clippers,0022000576,2021-03-11,LAC vs. GSW,W,240,130,44,96,0.458,18,41,0.439,24,29,0.828,11,45,56,23,10,6,11,22,26.0
22020,1610612759,SAS,San Antonio Spurs,0022000567,2021-03-10,SAS @ DAL,L,241,104,38,83,0.458,12,28,0.429,16,20,0.8,6,24,30,18,10,2,9,19,-11.0
22020,1610612742,DAL,Dallas Mavericks,0022000567,2021-03-10,DAL vs. SAS,W,240,115,43,83,0.518,13,40,0.325,16,19,0.842,13,38,51,29,3,1,14,19,11.0
22020,1610612764,WAS,Washington Wizards,0022000566,2021-03-10,WAS @ MEM,L,239,112,38,95,0.4,11,36,0.306,25,27,0.926,6,33,39,23,9,6,9,26,-15.0
22020,1610612763,MEM,Memphis Grizzlies,0022000566,2021-03-10,MEM vs. WAS,W,240,127,50,99,0.505,8,23,0.348,19,29,0.655,14,46,60,31,4,6,15,26,15.0
22020,1610612760,OKC,Oklahoma City Thunder,0022000556,2021-03-04,OKC @ SAS,W,239,107,37,85,0.435,12,40,0.3,21,26,0.808,9,36,45,20,9,4,16,16,5.0
22020,1610612738,BOS,Boston Celtics,0022000552,2021-03-04,BOS vs. TOR,W,239,132,45,74,0.608,13,29,0.448,29,40,0.725,9,30,39,25,6,7,16,20,7.0
22020,1610612763,MEM,Memphis Grizzlies,0022000555,2021-03-04,MEM vs. MIL,L,240,111,40,101,0.396,8,34,0.235,23,24,0.958,17,39,56,21,13,8,12,20,-1.0
22020,1610612749,MIL,Milwaukee Bucks,0022000555,2021-03-04,MIL @ MEM,W,240,112,42,95,0.442,10,34,0.294,18,22,0.818,13,39,52,21,11,5,16,19,1.0
22020,1610612748,MIA,Miami Heat,0022000557,2021-03-04,MIA @ NOP,W,238,103,36,73,0.493,10,30,0.333,21,25,0.84,5,36,41,27,6,3,10,20,10.0
22020,1610612759,SAS,San Antonio Spurs,0022000556,2021-03-04,SAS vs. OKC,L,241,102,40,85,0.471,10,31,0.323,12,12,1.0,6,40,46,23,9,5,19,24,-5.0
22020,1610612754,IND,Indiana Pacers,0022000553,2021-03-04,IND vs. DEN,L,240,103,41,90,0.456,14,39,0.359,7,12,0.583,11,23,34,27,12,3,14,17,-10.0
22020,1610612765,DET,Detroit Pistons,0022000565,2021-03-04,DET @ NYK,L,241,104,39,80,0.488,14,36,0.389,12,15,0.8,6,23,29,23,6,2,12,13,-10.0
22020,1610612746,LAC,LA Clippers,0022000554,2021-03-04,LAC @ WAS,L,240,117,38,82,0.463,16,35,0.457,25,27,0.926,10,35,45,24,4,4,17,31,-2.0
22020,1610612757,POR,Portland Trail Blazers,0022000558,2021-03-04,POR vs. SAC,W,240,123,42,88,0.477,15,38,0.395,24,25,0.96,9,32,41,20,6,7,8,14,4.0
22020,1610612744,GSW,Golden State Warriors,0022000185,2021-03-04,GSW @ PHX,L,239,98,38,88,0.432,12,35,0.343,10,16,0.625,9,31,40,22,9,4,17,11,-22.0
22020,1610612764,WAS,Washington Wizards,0022000554,2021-03-04,WAS vs. LAC,W,240,119,40,88,0.455,9,23,0.391,30,42,0.714,11,30,41,20,12,3,9,24,2.0
22020,1610612752,NYK,New York Knicks,0022000565,2021-03-04,NYK vs. DET,W,241,114,45,83,0.542,9,27,0.333,15,19,0.789,12,35,47,25,10,4,13,13,10.0
22020,1610612758,SAC,Sacramento Kings,0022000558,2021-03-04,SAC @ POR,L,241,119,49,103,0.476,11,29,0.379,10,16,0.625,18,33,51,25,3,3,7,19,-4.0
22020,1610612743,DEN,Denver Nuggets,0022000553,2021-03-04,DEN @ IND,W,241,113,45,77,0.584,12,28,0.429,11,16,0.688,6,35,41,27,6,5,19,13,10.0
22020,1610612756,PHX,Phoenix Suns,0022000185,2021-03-04,PHX vs. GSW,W,240,120,49,96,0.51,12,30,0.4,10,13,0.769,12,40,52,31,8,4,16,16,22.0
22020,1610612740,NOP,New Orleans Pelicans,0022000557,2021-03-04,NOP vs. MIA,L,239,93,33,84,0.393,11,43,0.256,16,20,0.8,15,29,44,28,5,3,12,21,-10.0
22020,1610612761,TOR,Toronto Raptors,0022000552,2021-03-04,TOR @ BOS,L,241,125,45,91,0.495,21,50,0.42,14,17,0.824,8,20,28,36,6,1,13,25,-7.0
22020,1610612757,POR,Portland Trail Blazers,0022000550,2021-03-03,POR vs. GSW,W,240,108,36,86,0.419,14,49,0.286,22,26,0.846,8,39,47,15,5,4,10,16,2.0
22020,1610612739,CLE,Cleveland Cavaliers,0022000543,2021-03-03,CLE vs. IND,L,239,111,43,83,0.518,11,28,0.393,14,15,0.933,11,32,43,29,8,1,25,18,-3.0
22020,1610612755,PHI,Philadelphia 76ers,0022000545,2021-03-03,PHI vs. UTA,W,264,131,48,93,0.516,8,25,0.32,27,35,0.771,8,42,50,22,9,6,11,17,8.0
22020,1610612737,ATL,Atlanta Hawks,0022000544,2021-03-03,ATL @ ORL,W,240,115,38,85,0.447,21,45,0.467,18,19,0.947,6,36,42,26,7,5,12,25,3.0
22020,1610612747,LAL,Los Angeles Lakers,0022000551,2021-03-03,LAL @ SAC,L,240,120,49,93,0.527,12,27,0.444,10,14,0.714,15,26,41,27,7,3,11,19,-3.0
22020,1610612744,GSW,Golden State Warriors,0022000550,2021-03-03,GSW @ POR,L,241,106,41,97,0.423,15,42,0.357,9,14,0.643,17,37,54,27,8,1,11,24,-2.0
22020,1610612751,BKN,Brooklyn Nets,0022000546,2021-03-03,BKN @ HOU,W,239,132,49,85,0.576,17,35,0.486,17,24,0.708,10,43,53,33,5,1,14,24,18.0
22020,1610612765,DET,Detroit Pistons,0022000539,2021-03-03,DET @ TOR,W,239,129,48,91,0.527,20,41,0.488,13,21,0.619,12,37,49,39,11,4,12,28,24.0
22020,1610612766,CHA,Charlotte Hornets,0022000547,2021-03-03,CHA @ MIN,W,240,135,51,98,0.52,17,39,0.436,16,21,0.762,13,41,54,33,14,7,17,18,33.0
22020,1610612754,IND,Indiana Pacers,0022000543,2021-03-03,IND @ CLE,W,239,114,47,83,0.566,8,25,0.32,12,16,0.75,4,23,27,27,18,8,11,16,3.0
22020,1610612740,NOP,New Orleans Pelicans,0022000548,2021-03-03,NOP vs. CHI,L,240,124,46,83,0.554,6,22,0.273,26,38,0.684,7,28,35,29,10,6,11,19,-4.0
22020,1610612762,UTA,Utah Jazz,0022000545,2021-03-03,UTA @ PHI,L,263,123,44,100,0.44,21,44,0.477,14,19,0.737,12,40,52,22,7,1,16,24,-8.0
22020,1610612760,OKC,Oklahoma City Thunder,0022000549,2021-03-03,OKC @ DAL,L,241,78,29,87,0.333,9,39,0.231,11,17,0.647,8,37,45,13,6,4,13,20,-9.0
22020,1610612753,ORL,Orlando Magic,0022000544,2021-03-03,ORL vs. ATL,L,240,112,36,84,0.429,13,35,0.371,27,27,1.0,10,36,46,24,6,5,10,15,-3.0
22020,1610612742,DAL,Dallas Mavericks,0022000549,2021-03-03,DAL vs. OKC,W,239,87,32,83,0.386,8,40,0.2,15,19,0.789,7,46,53,18,8,3,12,13,9.0
22020,1610612750,MIN,Minnesota Timberwolves,0022000547,2021-03-03,MIN vs. CHA,L,240,102,39,96,0.406,9,40,0.225,15,18,0.833,12,33,45,25,11,2,19,18,-33.0
22020,1610612741,CHI,Chicago Bulls,0022000548,2021-03-03,CHI @ NOP,W,241,128,48,94,0.511,12,28,0.429,20,22,0.909,13,32,45,28,6,8,14,21,4.0
22020,1610612761,TOR,Toronto Raptors,0022000539,2021-03-03,TOR vs. DET,L,240,105,34,77,0.442,12,36,0.333,25,30,0.833,7,27,34,17,6,5,14,20,-24.0
22020,1610612745,HOU,Houston Rockets,0022000546,2021-03-03,HOU vs. BKN,L,240,114,38,91,0.418,18,43,0.419,20,28,0.714,12,25,37,24,10,5,9,18,-18.0
22020,1610612758,SAC,Sacramento Kings,0022000551,2021-03-03,SAC vs. LAL,W,239,123,48,80,0.6,12,25,0.48,15,19,0.789,6,24,30,32,5,1,13,19,3.0
22020,1610612759,SAS,San Antonio Spurs,0022000541,2021-03-02,SAS vs. NYK,W,240,119,43,89,0.483,18,42,0.429,15,21,0.714,9,36,45,31,12,4,8,14,26.0
22020,1610612749,MIL,Milwaukee Bucks,0022000540,2021-03-02,MIL vs. DEN,L,240,97,32,79,0.405,11,40,0.275,22,31,0.71,11,29,40,22,4,4,13,18,-31.0
22020,1610612746,LAC,LA Clippers,0022000537,2021-03-02,LAC @ BOS,L,240,112,43,87,0.494,18,38,0.474,8,9,0.889,10,25,35,28,3,5,9,19,-5.0
22020,1610612747,LAL,Los Angeles Lakers,0022000542,2021-03-02,LAL vs. PHX,L,240,104,40,79,0.506,11,31,0.355,13,17,0.765,5,29,34,18,6,8,12,23,-10.0
22020,1610612763,MEM,Memphis Grizzlies,0022000536,2021-03-02,MEM @ WAS,W,240,125,47,95,0.495,13,29,0.448,18,23,0.783,9,35,44,26,15,1,11,21,14.0
22020,1610612738,BOS,Boston Celtics,0022000537,2021-03-02,BOS vs. LAC,W,240,117,42,86,0.488,16,32,0.5,17,23,0.739,14,29,43,25,6,4,8,12,5.0
22020,1610612737,ATL,Atlanta Hawks,0022000538,2021-03-02,ATL @ MIA,W,240,94,34,71,0.479,13,36,0.361,13,15,0.867,11,36,47,26,5,2,23,18,14.0
22020,1610612764,WAS,Washington Wizards,0022000536,2021-03-02,WAS vs. MEM,L,239,111,41,81,0.506,11,31,0.355,18,25,0.72,4,33,37,29,8,3,22,20,-14.0
22020,1610612752,NYK,New York Knicks,0022000541,2021-03-02,NYK @ SAS,L,240,93,33,81,0.407,15,36,0.417,12,15,0.8,9,32,41,18,2,5,16,16,-26.0
22020,1610612756,PHX,Phoenix Suns,0022000542,2021-03-02,PHX @ LAL,W,240,114,38,77,0.494,16,29,0.552,22,25,0.88,5,30,35,30,5,7,13,16,10.0
22020,1610612743,DEN,Denver Nuggets,0022000540,2021-03-02,DEN @ MIL,W,240,128,53,95,0.558,11,30,0.367,11,12,0.917,9,36,45,28,10,3,10,19,31.0
22020,1610612748,MIA,Miami Heat,0022000538,2021-03-02,MIA vs. ATL,L,240,80,28,75,0.373,9,33,0.273,15,22,0.682,5,21,26,15,16,4,7,13,-14.0
22020,1610612739,CLE,Cleveland Cavaliers,0022000532,2021-03-01,CLE @ HOU,W,240,101,36,73,0.493,10,30,0.333,19,24,0.792,6,42,48,23,7,6,19,18,11.0
22020,1610612757,POR,Portland Trail Blazers,0022000535,2021-03-01,POR vs. CHA,W,239,123,46,86,0.535,24,46,0.522,7,10,0.7,8,30,38,26,12,7,15,15,12.0
22020,1610612740,NOP,New Orleans Pelicans,0022000533,2021-03-01,NOP vs. UTA,W,239,129,52,92,0.565,7,11,0.636,18,23,0.783,10,43,53,27,5,5,13,15,5.0
22020,1610612745,HOU,Houston Rockets,0022000532,2021-03-01,HOU vs. CLE,L,241,90,31,76,0.408,10,31,0.323,18,24,0.75,4,26,30,13,13,4,14,18,-11.0
22020,1610612743,DEN,Denver Nuggets,0022000531,2021-03-01,DEN @ CHI,W,239,118,46,87,0.529,10,27,0.37,16,20,0.8,9,41,50,22,4,6,12,18,6.0
22020,1610612755,PHI,Philadelphia 76ers,0022000530,2021-03-01,PHI vs. IND,W,241,130,50,88,0.568,15,35,0.429,15,16,0.938,6,33,39,27,10,6,19,19,16.0
22020,1610612762,UTA,Utah Jazz,0022000533,2021-03-01,UTA @ NOP,L,239,124,46,101,0.455,17,43,0.395,15,18,0.833,11,28,39,26,11,7,8,22,-5.0
22020,1610612753,ORL,Orlando Magic,0022000529,2021-03-01,ORL vs. DAL,L,240,124,47,95,0.495,20,41,0.488,10,14,0.714,6,35,41,25,5,1,8,17,-6.0
22020,1610612751,BKN,Brooklyn Nets,0022000534,2021-03-01,BKN @ SAS,W,264,124,47,100,0.47,17,41,0.415,13,17,0.765,13,38,51,35,6,8,5,13,11.0
22020,1610612742,DAL,Dallas Mavericks,0022000529,2021-03-01,DAL @ ORL,W,240,130,47,90,0.522,17,46,0.37,19,23,0.826,7,39,46,29,6,6,8,12,6.0
22020,1610612741,CHI,Chicago Bulls,0022000531,2021-03-01,CHI vs. DEN,L,240,112,42,94,0.447,12,38,0.316,16,22,0.727,14,30,44,25,7,3,10,18,-6.0
22020,1610612766,CHA,Charlotte Hornets,0022000535,2021-03-01,CHA @ POR,L,240,111,43,88,0.489,15,34,0.441,10,17,0.588,11,26,37,25,12,5,16,16,-12.0
22020,1610612759,SAS,San Antonio Spurs,0022000534,2021-03-01,SAS vs. BKN,L,264,113,44,97,0.454,15,35,0.429,10,15,0.667,9,39,48,30,2,3,9,16,-11.0
22020,1610612754,IND,Indiana Pacers,0022000530,2021-03-01,IND @ PHI,L,240,114,44,91,0.484,8,29,0.276,18,21,0.857,8,26,34,27,8,1,19,19,-16.0
22020,1610612765,DET,Detroit Pistons,0022000521,2021-02-28,DET vs. NYK,L,240,90,28,72,0.389,9,32,0.281,25,31,0.806,7,33,40,16,8,4,15,15,-19.0
22020,1610612764,WAS,Washington Wizards,0022000524,2021-02-28,WAS @ BOS,L,240,110,38,84,0.452,9,32,0.281,25,29,0.862,7,29,36,16,10,5,14,22,-1.0
22020,1610612766,CHA,Charlotte Hornets,0022000528,2021-02-28,CHA @ SAC,W,241,127,45,83,0.542,11,30,0.367,26,27,0.963,7,30,37,30,3,6,16,20,1.0
22020,1610612737,ATL,Atlanta Hawks,0022000522,2021-02-28,ATL @ MIA,L,240,99,36,87,0.414,8,35,0.229,19,22,0.864,16,33,49,22,12,6,16,20,-10.0
22020,1610612763,MEM,Memphis Grizzlies,0022000525,2021-02-28,MEM @ HOU,W,241,133,50,94,0.532,10,30,0.333,23,28,0.821,11,45,56,27,16,3,18,31,49.0
22020,1610612746,LAC,LA Clippers,0022000520,2021-02-28,LAC @ MIL,L,240,100,40,97,0.412,14,44,0.318,6,7,0.857,13,36,49,20,7,3,8,19,-5.0
22020,1610612756,PHX,Phoenix Suns,0022000526,2021-02-28,PHX @ MIN,W,240,118,44,89,0.494,7,27,0.259,23,24,0.958,8,39,47,27,7,5,16,18,19.0
22020,1610612758,SAC,Sacramento Kings,0022000528,2021-02-28,SAC vs. CHA,L,241,126,50,92,0.543,16,36,0.444,10,17,0.588,9,24,33,32,6,2,10,19,-1.0
22020,1610612747,LAL,Los Angeles Lakers,0022000527,2021-02-28,LAL vs. GSW,W,238,117,40,85,0.471,11,31,0.355,26,38,0.684,14,46,60,22,14,6,19,21,26.0
22020,1610612749,MIL,Milwaukee Bucks,0022000520,2021-02-28,MIL vs. LAC,W,240,105,38,85,0.447,12,38,0.316,17,22,0.773,8,40,48,21,7,5,11,11,5.0
22020,1610612738,BOS,Boston Celtics,0022000524,2021-02-28,BOS vs. WAS,W,242,111,42,89,0.472,10,30,0.333,17,24,0.708,13,36,49,25,7,0,18,25,1.0
22020,1610612750,MIN,Minnesota Timberwolves,0022000526,2021-02-28,MIN vs. PHX,L,238,99,35,93,0.376,8,35,0.229,21,24,0.875,10,34,44,21,12,4,15,22,-19.0
22020,1610612745,HOU,Houston Rockets,0022000525,2021-02-28,HOU vs. MEM,L,242,84,23,83,0.277,4,45,0.089,34,41,0.829,12,26,38,10,7,6,23,24,-49.0
22020,1610612748,MIA,Miami Heat,0022000522,2021-02-28,MIA vs. ATL,W,239,109,39,86,0.453,11,37,0.297,20,22,0.909,12,33,45,27,8,6,14,20,10.0
22020,1610612752,NYK,New York Knicks,0022000521,2021-02-28,NYK @ DET,W,241,109,44,86,0.512,13,26,0.5,8,10,0.8,6,35,41,23,9,7,11,23,19.0
22020,1610612744,GSW,Golden State Warriors,0022000527,2021-02-28,GSW @ LAL,L,240,91,35,86,0.407,8,34,0.235,13,19,0.684,3,32,35,26,10,4,20,25,-26.0
22020,1610612742,DAL,Dallas Mavericks,0022000519,2021-02-27,DAL @ BKN,W,241,115,45,86,0.523,14,36,0.389,11,17,0.647,6,30,36,23,12,8,8,15,17.0
22020,1610612764,WAS,Washington Wizards,0022000517,2021-02-27,WAS vs. MIN,W,239,128,44,98,0.449,13,33,0.394,27,34,0.794,15,42,57,27,6,6,16,24,16.0
22020,1610612740,NOP,New Orleans Pelicans,0022000514,2021-02-27,NOP @ SAS,L,240,114,40,91,0.44,9,32,0.281,25,31,0.806,17,35,52,27,3,2,10,17,-3.0
22020,1610612760,OKC,Oklahoma City Thunder,0022000518,2021-02-27,OKC vs. DEN,L,241,96,37,88,0.42,11,47,0.234,11,15,0.733,7,30,37,24,7,6,14,16,-30.0
22020,1610612752,NYK,New York Knicks,0022000515,2021-02-27,NYK vs. IND,W,239,110,40,81,0.494,12,24,0.5,18,22,0.818,4,34,38,26,12,2,18,22,3.0
22020,1610612739,CLE,Cleveland Cavaliers,0022000513,2021-02-27,CLE @ PHI,W,264,112,41,97,0.423,8,24,0.333,22,29,0.759,13,39,52,24,12,3,16,26,3.0
22020,1610612753,ORL,Orlando Magic,0022000516,2021-02-27,ORL vs. UTA,L,241,109,44,96,0.458,14,34,0.412,7,8,0.875,7,30,37,27,6,3,3,18,-15.0
22020,1610612755,PHI,Philadelphia 76ers,0022000513,2021-02-27,PHI vs. CLE,L,266,109,38,83,0.458,10,28,0.357,23,35,0.657,8,38,46,25,9,10,19,26,-3.0
22020,1610612751,BKN,Brooklyn Nets,0022000519,2021-02-27,BKN vs. DAL,L,240,98,35,86,0.407,14,44,0.318,14,19,0.737,14,33,47,21,5,4,19,16,-17.0
22020,1610612759,SAS,San Antonio Spurs,0022000514,2021-02-27,SAS vs. NOP,W,239,117,41,86,0.477,12,32,0.375,23,28,0.821,8,30,38,24,7,5,8,26,3.0
22020,1610612743,DEN,Denver Nuggets,0022000518,2021-02-27,DEN @ OKC,W,241,126,49,89,0.551,15,31,0.484,13,16,0.813,6,43,49,30,6,3,12,16,30.0
22020,1610612754,IND,Indiana Pacers,0022000515,2021-02-27,IND @ NYK,L,238,107,38,84,0.452,11,28,0.393,20,25,0.8,6,29,35,27,5,7,16,17,-3.0
22020,1610612762,UTA,Utah Jazz,0022000516,2021-02-27,UTA @ ORL,W,238,124,45,85,0.529,17,45,0.378,17,24,0.708,10,42,52,29,2,3,12,14,15.0
22020,1610612750,MIN,Minnesota Timberwolves,0022000517,2021-02-27,MIN @ WAS,L,240,112,41,95,0.432,11,35,0.314,19,29,0.655,12,38,50,23,9,10,18,29,-16.0
22020,1610612745,HOU,Houston Rockets,0022000506,2021-02-26,HOU @ TOR,L,237,111,39,91,0.429,16,47,0.34,17,20,0.85,7,30,37,23,4,5,11,24,-11.0
22020,1610612757,POR,Portland Trail Blazers,0022000512,2021-02-26,POR @ LAL,L,241,93,32,83,0.386,11,37,0.297,18,20,0.9,10,35,45,19,5,5,15,21,-9.0
22020,1610612756,PHX,Phoenix Suns,0022000508,2021-02-26,PHX @ CHI,W,240,106,44,88,0.5,6,22,0.273,12,15,0.8,3,27,30,35,11,4,7,11,9.0
22020,1610612744,GSW,Golden State Warriors,0022000511,2021-02-26,GSW vs. CHA,W,241,130,48,79,0.608,11,24,0.458,23,25,0.92,4,33,37,38,10,3,23,19,9.0
22020,1610612741,CHI,Chicago Bulls,0022000508,2021-02-26,CHI vs. PHX,L,241,97,39,78,0.5,12,31,0.387,7,10,0.7,6,35,41,25,2,4,17,16,-9.0
22020,1610612762,UTA,Utah Jazz,0022000507,2021-02-26,UTA @ MIA,L,240,116,40,94,0.426,15,46,0.326,21,23,0.913,9,27,36,24,9,3,9,21,-8.0
22020,1610612738,BOS,Boston Celtics,0022000505,2021-02-26,BOS vs. IND,W,238,118,42,82,0.512,9,22,0.409,25,29,0.862,7,38,45,24,3,6,11,20,6.0
22020,1610612760,OKC,Oklahoma City Thunder,0022000510,2021-02-26,OKC vs. ATL,W,240,118,46,88,0.523,16,42,0.381,10,16,0.625,5,34,39,31,6,2,10,17,9.0
22020,1610612766,CHA,Charlotte Hornets,0022000511,2021-02-26,CHA @ GSW,L,241,121,41,89,0.461,17,41,0.415,22,32,0.688,13,25,38,27,11,1,20,23,-9.0
22020,1610612758,SAC,Sacramento Kings,0022000504,2021-02-26,SAC @ DET,W,239,110,37,89,0.416,7,32,0.219,29,41,0.707,14,35,49,24,5,6,10,25,3.0
22020,1610612765,DET,Detroit Pistons,0022000504,2021-02-26,DET vs. SAC,L,240,107,37,82,0.451,12,33,0.364,21,32,0.656,10,35,45,20,6,6,11,25,-3.0
22020,1610612761,TOR,Toronto Raptors,0022000506,2021-02-26,TOR vs. HOU,W,240,122,40,89,0.449,16,41,0.39,26,27,0.963,11,37,48,29,6,8,12,20,11.0
22020,1610612748,MIA,Miami Heat,0022000507,2021-02-26,MIA vs. UTA,W,240,124,44,86,0.512,14,31,0.452,22,25,0.88,11,39,50,24,5,1,15,21,8.0
22020,1610612746,LAC,LA Clippers,0022000509,2021-02-26,LAC @ MEM,W,242,119,44,80,0.55,14,35,0.4,17,18,0.944,4,43,47,34,6,8,17,19,20.0
22020,1610612737,ATL,Atlanta Hawks,0022000510,2021-02-26,ATL @ OKC,L,238,109,43,97,0.443,12,40,0.3,11,17,0.647,19,35,54,21,6,5,10,13,-9.0
22020,1610612763,MEM,Memphis Grizzlies,0022000509,2021-02-26,MEM vs. LAC,L,239,99,39,97,0.402,9,28,0.321,12,16,0.75,8,29,37,24,10,4,9,14,-20.0
22020,1610612754,IND,Indiana Pacers,0022000505,2021-02-26,IND @ BOS,L,240,112,35,89,0.393,15,46,0.326,27,29,0.931,8,32,40,26,8,6,8,22,-6.0
22020,1610612747,LAL,Los Angeles Lakers,0022000512,2021-02-26,LAL vs. POR,W,240,102,37,88,0.42,7,27,0.259,21,28,0.75,15,37,52,25,9,7,9,23,9.0
22020,1610612743,DEN,Denver Nuggets,0022000502,2021-02-25,DEN vs. WAS,L,241,110,37,85,0.435,15,38,0.395,21,24,0.875,12,32,44,23,6,7,18,20,-2.0
22020,1610612763,MEM,Memphis Grizzlies,0022000501,2021-02-25,MEM vs. LAC,W,240,122,50,92,0.543,11,19,0.579,11,16,0.688,7,41,48,27,7,1,6,17,28.0
22020,1610612740,NOP,New Orleans Pelicans,0022000503,2021-02-25,NOP @ MIL,L,240,125,51,102,0.5,13,39,0.333,10,14,0.714,12,35,47,32,5,4,9,17,-4.0
22020,1610612742,DAL,Dallas Mavericks,0022000498,2021-02-25,DAL @ PHI,L,241,97,32,78,0.41,13,34,0.382,20,23,0.87,10,40,50,17,2,9,18,21,-14.0
22020,1610612749,MIL,Milwaukee Bucks,0022000503,2021-02-25,MIL vs. NOP,W,241,129,52,96,0.542,13,31,0.419,12,16,0.75,8,34,42,21,4,8,9,13,4.0
22020,1610612746,LAC,LA Clippers,0022000501,2021-02-25,LAC @ MEM,L,239,94,34,84,0.405,12,34,0.353,14,16,0.875,8,33,41,19,4,4,14,15,-28.0
22020,1610612751,BKN,Brooklyn Nets,0022000499,2021-02-25,BKN vs. ORL,W,239,129,49,92,0.533,20,45,0.444,11,14,0.786,7,44,51,30,11,2,13,18,37.0
22020,1610612758,SAC,Sacramento Kings,0022000500,2021-02-25,SAC @ NYK,L,241,121,42,85,0.494,12,35,0.343,25,33,0.758,8,26,34,25,12,0,16,22,-19.0
22020,1610612752,NYK,New York Knicks,0022000500,2021-02-25,NYK vs. SAC,W,241,140,51,87,0.586,19,36,0.528,19,21,0.905,9,34,43,24,8,2,16,23,19.0
22020,1610612764,WAS,Washington Wizards,0022000502,2021-02-25,WAS @ DEN,W,239,112,41,86,0.477,8,26,0.308,22,25,0.88,10,32,42,24,9,2,11,20,2.0
22020,1610612755,PHI,Philadelphia 76ers,0022000498,2021-02-25,PHI vs. DAL,W,240,111,39,90,0.433,12,29,0.414,21,25,0.84,8,31,39,26,11,6,7,19,14.0
22020,1610612753,ORL,Orlando Magic,0022000499,2021-02-25,ORL @ BKN,L,238,92,35,87,0.402,9,36,0.25,13,15,0.867,4,31,35,19,8,1,18,10,-37.0
22020,1610612744,GSW,Golden State Warriors,0022000489,2021-02-24,GSW @ IND,W,240,111,39,83,0.47,5,26,0.192,28,31,0.903,8,33,41,27,10,4,18,25,4.0
22020,1610612745,HOU,Houston Rockets,0022000491,2021-02-24,HOU @ CLE,L,240,96,36,90,0.4,10,33,0.303,14,17,0.824,9,24,33,18,8,8,7,15,-16.0
22020,1610612760,OKC,Oklahoma City Thunder,0022000495,2021-02-24,OKC vs. SAS,W,240,102,37,89,0.416,18,44,0.409,10,11,0.909,10,42,52,21,6,4,17,14,3.0
22020,1610612759,SAS,San Antonio Spurs,0022000495,2021-02-24,SAS @ OKC,L,240,99,40,86,0.465,9,25,0.36,10,15,0.667,6,38,44,20,10,4,12,13,-3.0
22020,1610612738,BOS,Boston Celtics,0022000490,2021-02-24,BOS @ ATL,L,240,112,42,95,0.442,8,31,0.258,20,23,0.87,12,24,36,20,10,6,6,16,-15.0
22020,1610612747,LAL,Los Angeles Lakers,0022000497,2021-02-24,LAL @ UTA,L,240,89,34,85,0.4,8,33,0.242,13,20,0.65,12,33,45,17,5,4,14,15,-25.0
22020,1610612741,CHI,Chicago Bulls,0022000493,2021-02-24,CHI vs. MIN,W,266,133,55,93,0.591,10,25,0.4,13,16,0.813,7,36,43,28,11,5,21,15,7.0
22020,1610612754,IND,Indiana Pacers,0022000489,2021-02-24,IND vs. GSW,L,240,107,37,81,0.457,7,29,0.241,26,32,0.813,7,32,39,20,11,6,19,22,-4.0
22020,1610612765,DET,Detroit Pistons,0022000494,2021-02-24,DET @ NOP,L,239,118,47,89,0.528,13,36,0.361,11,16,0.688,9,29,38,31,8,6,13,23,-10.0
22020,1610612761,TOR,Toronto Raptors,0022000492,2021-02-24,TOR @ MIA,L,239,108,37,74,0.5,20,44,0.455,14,17,0.824,3,29,32,30,5,3,14,25,-8.0
22020,1610612756,PHX,Phoenix Suns,0022000496,2021-02-24,PHX vs. CHA,L,241,121,44,87,0.506,14,38,0.368,19,27,0.704,7,34,41,26,9,6,14,25,-3.0
22020,1610612750,MIN,Minnesota Timberwolves,0022000493,2021-02-24,MIN @ CHI,L,265,126,47,104,0.452,12,38,0.316,20,21,0.952,13,28,41,28,11,4,17,24,-7.0
22020,1610612740,NOP,New Orleans Pelicans,0022000494,2021-02-24,NOP vs. DET,W,240,128,50,90,0.556,10,23,0.435,18,29,0.621,12,33,45,31,10,6,12,10,9.2
22020,1610612748,MIA,Miami Heat,0022000492,2021-02-24,MIA vs. TOR,W,239,116,37,80,0.463,17,38,0.447,25,29,0.862,11,31,42,31,6,4,11,21,8.0
22020,1610612739,CLE,Cleveland Cavaliers,0022000491,2021-02-24,CLE vs. HOU,W,240,112,43,85,0.506,16,36,0.444,10,15,0.667,11,44,55,24,4,10,16,20,16.0
22020,1610612737,ATL,Atlanta Hawks,0022000490,2021-02-24,ATL vs. BOS,W,241,127,45,85,0.529,23,42,0.548,14,17,0.824,12,33,45,27,4,5,17,23,15.0
22020,1610612762,UTA,Utah Jazz,0022000497,2021-02-24,UTA vs. LAL,W,240,114,41,87,0.471,22,48,0.458,10,15,0.667,14,39,53,28,7,1,12,16,25.0
22020,1610612766,CHA,Charlotte Hornets,0022000496,2021-02-24,CHA @ PHX,W,239,124,43,88,0.489,13,36,0.361,25,27,0.926,9,37,46,24,8,5,13,21,3.0
22020,1610612746,LAC,LA Clippers,0022000488,2021-02-23,LAC vs. WAS,W,240,135,54,94,0.574,19,38,0.5,8,13,0.615,7,39,46,26,7,5,10,22,19.0
22020,1610612744,GSW,Golden State Warriors,0022000483,2021-02-23,GSW @ NYK,W,242,114,40,89,0.449,13,38,0.342,21,24,0.875,7,34,41,30,9,8,10,18,8.0
22020,1610612738,BOS,Boston Celtics,0022000485,2021-02-23,BOS @ DAL,L,241,107,41,86,0.477,12,39,0.308,13,18,0.722,12,34,46,19,6,6,13,21,-3.0
22020,1610612737,ATL,Atlanta Hawks,0022000480,2021-02-23,ATL @ CLE,L,239,111,40,89,0.449,14,31,0.452,17,23,0.739,13,28,41,22,10,4,11,19,-1.0
22020,1610612749,MIL,Milwaukee Bucks,0022000486,2021-02-23,MIL vs. MIN,W,242,139,53,99,0.535,20,42,0.476,13,18,0.722,9,43,52,33,11,5,8,13,27.0
22020,1610612765,DET,Detroit Pistons,0022000481,2021-02-23,DET @ ORL,W,240,105,41,88,0.466,10,34,0.294,13,16,0.813,8,41,49,24,10,9,15,19,12.0
22020,1610612764,WAS,Washington Wizards,0022000488,2021-02-23,WAS @ LAC,L,238,116,47,88,0.534,11,20,0.55,11,16,0.688,6,30,36,32,5,1,13,16,-19.0
22020,1610612739,CLE,Cleveland Cavaliers,0022000480,2021-02-23,CLE vs. ATL,W,241,112,41,78,0.526,15,28,0.536,15,19,0.789,7,29,36,28,7,10,15,19,1.0
22020,1610612758,SAC,Sacramento Kings,0022000482,2021-02-23,SAC @ BKN,L,240,118,45,87,0.517,15,31,0.484,13,19,0.684,5,33,38,25,6,7,15,17,-9.0
22020,1610612755,PHI,Philadelphia 76ers,0022000484,2021-02-23,PHI @ TOR,W,240,109,33,80,0.413,17,38,0.447,26,30,0.867,12,42,54,24,5,8,18,15,7.0
22020,1610612751,BKN,Brooklyn Nets,0022000482,2021-02-23,BKN vs. SAC,W,240,127,44,89,0.494,17,40,0.425,22,31,0.71,10,31,41,30,8,5,8,16,9.0
22020,1610612757,POR,Portland Trail Blazers,0022000487,2021-02-23,POR @ DEN,L,239,106,41,87,0.471,14,41,0.341,10,10,1.0,7,40,47,21,0,7,9,19,-5.0
22020,1610612742,DAL,Dallas Mavericks,0022000485,2021-02-23,DAL vs. BOS,W,241,110,42,89,0.472,13,33,0.394,13,15,0.867,8,30,38,19,5,1,9,17,3.0
22020,1610612761,TOR,Toronto Raptors,0022000484,2021-02-23,TOR vs. PHI,L,239,102,40,93,0.43,11,37,0.297,11,13,0.846,8,30,38,29,12,11,10,20,-7.0
22020,1610612743,DEN,Denver Nuggets,0022000487,2021-02-23,DEN vs. POR,W,241,111,40,94,0.426,14,36,0.389,17,18,0.944,10,30,40,25,8,3,1,10,5.0
22020,1610612752,NYK,New York Knicks,0022000483,2021-02-23,NYK vs. GSW,L,240,106,38,97,0.392,11,29,0.379,19,22,0.864,18,38,56,22,4,5,13,23,-8.0
22020,1610612753,ORL,Orlando Magic,0022000481,2021-02-23,ORL vs. DET,L,241,93,33,88,0.375,14,38,0.368,13,22,0.591,10,38,48,25,9,6,12,16,-12.0
22020,1610612750,MIN,Minnesota Timberwolves,0022000486,2021-02-23,MIN @ MIL,L,240,112,42,98,0.429,19,54,0.352,9,9,1.0,7,36,43,35,4,5,14,16,-27.0
22020,1610612763,MEM,Memphis Grizzlies,0022000476,2021-02-22,MEM @ DAL,L,240,92,37,94,0.394,6,31,0.194,12,19,0.632,13,38,51,17,7,1,13,23,-10.0
22020,1610612748,MIA,Miami Heat,0022000475,2021-02-22,MIA @ OKC,W,239,108,36,81,0.444,15,40,0.375,21,25,0.84,10,35,45,30,7,6,13,20,14.0
22020,1610612756,PHX,Phoenix Suns,0022000477,2021-02-22,PHX vs. POR,W,239,132,50,99,0.505,16,33,0.485,16,18,0.889,13,30,43,29,6,5,7,13,32.0
22020,1610612741,CHI,Chicago Bulls,0022000474,2021-02-22,CHI @ HOU,W,241,120,49,91,0.538,15,36,0.417,7,10,0.7,8,47,55,24,5,5,11,17,20.0
22020,1610612747,LAL,Los Angeles Lakers,0022000479,2021-02-22,LAL vs. WAS,L,265,124,49,104,0.471,15,44,0.341,11,17,0.647,12,33,45,29,9,11,20,29,-3.0
22020,1610612764,WAS,Washington Wizards,0022000479,2021-02-22,WAS @ LAL,W,264,127,47,96,0.49,9,25,0.36,24,33,0.727,5,44,49,25,9,4,16,25,3.0
22020,1610612760,OKC,Oklahoma City Thunder,0022000475,2021-02-22,OKC vs. MIA,L,240,94,32,74,0.432,14,39,0.359,16,19,0.842,5,33,38,20,6,1,17,24,-14.0
22020,1610612766,CHA,Charlotte Hornets,0022000478,2021-02-22,CHA @ UTA,L,242,110,41,89,0.461,11,36,0.306,17,21,0.81,8,27,35,18,13,2,16,17,-22.0
22020,1610612762,UTA,Utah Jazz,0022000478,2021-02-22,UTA vs. CHA,W,239,132,45,85,0.529,28,55,0.509,14,17,0.824,8,37,45,34,7,7,22,19,22.0
22020,1610612757,POR,Portland Trail Blazers,0022000477,2021-02-22,POR @ PHX,L,241,100,37,84,0.44,12,39,0.308,14,19,0.737,13,33,46,15,6,6,16,17,-32.0
22020,1610612742,DAL,Dallas Mavericks,0022000476,2021-02-22,DAL vs. MEM,W,241,102,35,80,0.438,15,41,0.366,17,26,0.654,5,44,49,17,6,4,16,18,10.0
22020,1610612745,HOU,Houston Rockets,0022000474,2021-02-22,HOU vs. CHI,L,240,100,37,96,0.385,13,40,0.325,13,19,0.684,11,35,46,20,7,4,9,16,-20.0
22020,1610612738,BOS,Boston Celtics,0022000465,2021-02-21,BOS @ NOP,L,266,115,39,98,0.398,10,37,0.27,27,34,0.794,11,38,49,22,9,11,10,30,-5.0
22020,1610612753,ORL,Orlando Magic,0022000467,2021-02-21,ORL vs. DET,W,241,105,35,81,0.432,9,30,0.3,26,29,0.897,5,46,51,24,7,8,11,18,9.0
22020,1610612739,CLE,Cleveland Cavaliers,0022000466,2021-02-21,CLE vs. OKC,L,239,101,39,84,0.464,8,35,0.229,15,20,0.75,14,28,42,22,9,4,15,17,-16.0
22020,1610612749,MIL,Milwaukee Bucks,0022000471,2021-02-21,MIL vs. SAC,W,241,128,44,90,0.489,11,28,0.393,29,36,0.806,14,42,56,22,8,5,17,19,13.0
22020,1610612752,NYK,New York Knicks,0022000469,2021-02-21,NYK vs. MIN,W,240,103,33,78,0.423,6,18,0.333,31,38,0.816,11,37,48,17,4,4,13,25,4.0
22020,1610612760,OKC,Oklahoma City Thunder,0022000466,2021-02-21,OKC @ CLE,W,240,117,43,79,0.544,13,28,0.464,18,24,0.75,5,32,37,22,9,3,14,18,16.0
22020,1610612761,TOR,Toronto Raptors,0022000468,2021-02-21,TOR vs. PHI,W,241,110,40,81,0.494,14,34,0.412,16,18,0.889,5,34,39,25,5,5,14,24,7.0
22020,1610612750,MIN,Minnesota Timberwolves,0022000469,2021-02-21,MIN @ NYK,L,241,99,33,82,0.402,16,35,0.457,17,21,0.81,7,36,43,24,6,3,15,24,-4.0
22020,1610612765,DET,Detroit Pistons,0022000467,2021-02-21,DET @ ORL,L,240,96,34,91,0.374,11,40,0.275,17,21,0.81,9,40,49,23,10,4,11,21,-9.0
22020,1610612755,PHI,Philadelphia 76ers,0022000468,2021-02-21,PHI @ TOR,L,240,103,33,85,0.388,11,37,0.297,26,35,0.743,11,34,45,26,8,7,10,21,-7.0
22020,1610612740,NOP,New Orleans Pelicans,0022000465,2021-02-21,NOP vs. BOS,W,267,120,42,94,0.447,11,36,0.306,25,37,0.676,12,40,52,22,5,7,13,24,5.0
22020,1610612743,DEN,Denver Nuggets,0022000470,2021-02-21,DEN @ ATL,L,242,115,43,84,0.512,16,36,0.444,13,16,0.813,3,30,33,25,8,3,13,24,-8.0
22020,1610612751,BKN,Brooklyn Nets,0022000472,2021-02-21,BKN @ LAC,W,241,112,44,92,0.478,11,38,0.289,13,19,0.684,9,31,40,21,10,4,6,19,4.0
22020,1610612758,SAC,Sacramento Kings,0022000471,2021-02-21,SAC @ MIL,L,240,115,44,100,0.44,12,33,0.364,15,20,0.75,14,29,43,29,6,3,12,26,-13.0
22020,1610612737,ATL,Atlanta Hawks,0022000470,2021-02-21,ATL vs. DEN,W,242,123,42,81,0.519,12,34,0.353,27,33,0.818,10,34,44,29,6,4,11,20,8.0
22020,1610612746,LAC,LA Clippers,0022000472,2021-02-21,LAC vs. BKN,L,240,108,40,87,0.46,15,35,0.429,13,18,0.722,16,36,52,24,3,4,16,17,-4.0
22020,1610612744,GSW,Golden State Warriors,0022000459,2021-02-20,GSW @ CHA,L,241,100,37,85,0.435,13,39,0.333,13,17,0.765,9,30,39,23,10,3,14,12,-2.0
22020,1610612757,POR,Portland Trail Blazers,0022000464,2021-02-20,POR vs. WAS,L,241,111,37,103,0.359,19,55,0.345,18,25,0.72,17,33,50,19,10,7,12,22,-7.0
22020,1610612748,MIA,Miami Heat,0022000463,2021-02-20,MIA @ LAL,W,240,96,36,85,0.424,8,28,0.286,16,23,0.696,10,39,49,24,8,3,14,20,2.0
22020,1610612741,CHI,Chicago Bulls,0022000460,2021-02-20,CHI vs. SAC,W,240,122,49,82,0.598,11,23,0.478,13,15,0.867,2,36,38,24,5,8,14,23,8.0
22020,1610612764,WAS,Washington Wizards,0022000464,2021-02-20,WAS @ POR,W,239,118,45,89,0.506,6,26,0.231,22,29,0.759,12,42,54,23,8,3,17,19,7.0
22020,1610612747,LAL,Los Angeles Lakers,0022000463,2021-02-20,LAL vs. MIA,L,239,94,33,84,0.393,13,45,0.289,15,17,0.882,6,37,43,25,5,6,14,17,-2.0
22020,1610612766,CHA,Charlotte Hornets,0022000459,2021-02-20,CHA vs. GSW,W,241,102,37,75,0.493,20,40,0.5,8,9,0.889,4,40,44,23,7,2,24,22,2.0
22020,1610612763,MEM,Memphis Grizzlies,0022000462,2021-02-20,MEM vs. PHX,L,240,97,36,93,0.387,5,33,0.152,20,23,0.87,17,32,49,19,5,4,12,12,-31.0
22020,1610612758,SAC,Sacramento Kings,0022000460,2021-02-20,SAC @ CHI,L,240,114,44,98,0.449,8,29,0.276,18,22,0.818,12,29,41,22,8,3,7,18,-8.0
22020,1610612756,PHX,Phoenix Suns,0022000462,2021-02-20,PHX @ MEM,W,238,128,46,86,0.535,24,46,0.522,12,13,0.923,5,36,41,35,5,7,10,14,31.0
22020,1610612763,MEM,Memphis Grizzlies,0022000452,2021-02-19,MEM vs. DET,W,239,109,42,90,0.467,5,20,0.25,20,23,0.87,13,36,49,20,12,4,11,13,14.0
22020,1610612755,PHI,Philadelphia 76ers,0022000450,2021-02-19,PHI vs. CHI,W,240,112,41,87,0.471,7,21,0.333,23,29,0.793,16,37,53,23,5,7,15,18,7.0
22020,1610612756,PHX,Phoenix Suns,0022000455,2021-02-19,PHX @ NOP,W,240,132,51,88,0.58,22,39,0.564,8,12,0.667,4,33,37,38,8,4,13,17,18.0
22020,1610612743,DEN,Denver Nuggets,0022000563,2021-02-19,DEN @ CLE,W,237,120,46,80,0.575,15,31,0.484,13,17,0.765,6,31,37,24,9,2,15,17,17.0
22020,1610612760,OKC,Oklahoma City Thunder,0022000453,2021-02-19,OKC @ MIL,L,241,85,31,85,0.365,12,40,0.3,11,21,0.524,8,38,46,20,4,5,10,23,-13.0
22020,1610612753,ORL,Orlando Magic,0022000449,2021-02-19,ORL vs. GSW,W,240,124,46,94,0.489,18,43,0.419,14,17,0.824,8,43,51,30,7,8,13,19,4.0
22020,1610612749,MIL,Milwaukee Bucks,0022000453,2021-02-19,MIL vs. OKC,W,240,98,35,86,0.407,11,34,0.324,17,25,0.68,11,50,61,23,5,6,12,18,13.0
22020,1610612765,DET,Detroit Pistons,0022000452,2021-02-19,DET @ MEM,L,239,95,36,86,0.419,14,45,0.311,9,13,0.692,13,32,45,27,8,7,21,22,-14.0
22020,1610612739,CLE,Cleveland Cavaliers,0022000563,2021-02-19,CLE vs. DEN,L,241,103,39,83,0.47,12,31,0.387,13,21,0.619,13,21,34,30,8,4,18,15,-17.0
22020,1610612761,TOR,Toronto Raptors,0022000454,2021-02-19,TOR @ MIN,W,241,86,28,85,0.329,12,40,0.3,18,22,0.818,15,36,51,16,8,6,15,16,5.0
22020,1610612737,ATL,Atlanta Hawks,0022000451,2021-02-19,ATL @ BOS,L,240,109,38,90,0.422,10,30,0.333,23,25,0.92,13,28,41,21,14,6,13,14,-12.0
22020,1610612746,LAC,LA Clippers,0022000457,2021-02-19,LAC vs. UTA,W,242,116,43,89,0.483,10,30,0.333,20,22,0.909,11,34,45,22,5,4,11,20,4.0
22020,1610612762,UTA,Utah Jazz,0022000457,2021-02-19,UTA @ LAC,L,239,112,41,86,0.477,12,34,0.353,18,21,0.857,6,32,38,13,7,6,10,22,-4.0
22020,1610612744,GSW,Golden State Warriors,0022000449,2021-02-19,GSW @ ORL,L,241,120,46,97,0.474,19,42,0.452,9,15,0.6,9,36,45,37,8,0,13,19,-4.0
22020,1610612738,BOS,Boston Celtics,0022000451,2021-02-19,BOS vs. ATL,W,239,121,50,90,0.556,14,35,0.4,7,10,0.7,9,35,44,26,8,12,18,21,12.0
22020,1610612740,NOP,New Orleans Pelicans,0022000455,2021-02-19,NOP vs. PHX,L,238,114,42,82,0.512,11,32,0.344,19,24,0.792,6,31,37,28,11,3,13,16,-18.0
22020,1610612741,CHI,Chicago Bulls,0022000450,2021-02-19,CHI @ PHI,L,240,105,40,95,0.421,7,32,0.219,18,18,1.0,13,29,42,24,5,6,11,20,-7.0
22020,1610612750,MIN,Minnesota Timberwolves,0022000454,2021-02-19,MIN vs. TOR,L,240,81,32,83,0.386,9,38,0.237,8,11,0.727,6,37,43,24,6,9,13,23,-5.0
22020,1610612748,MIA,Miami Heat,0022000447,2021-02-18,MIA @ SAC,W,240,118,49,95,0.516,12,34,0.353,8,10,0.8,8,37,45,36,8,2,14,15,8.0
22020,1610612747,LAL,Los Angeles Lakers,0022000446,2021-02-18,LAL vs. BKN,L,240,98,40,83,0.482,8,30,0.267,10,14,0.714,10,29,39,21,7,4,16,16,-11.0
22020,1610612749,MIL,Milwaukee Bucks,0022000445,2021-02-18,MIL vs. TOR,L,239,96,35,88,0.398,10,34,0.294,16,23,0.696,15,37,52,23,6,2,15,23,-14.0
22020,1610612758,SAC,Sacramento Kings,0022000447,2021-02-18,SAC vs. MIA,L,240,110,43,93,0.462,15,41,0.366,9,16,0.563,13,31,44,29,7,3,15,18,-8.0
22020,1610612761,TOR,Toronto Raptors,0022000445,2021-02-18,TOR @ MIL,W,241,110,38,78,0.487,12,35,0.343,22,23,0.957,2,35,37,26,6,6,9,21,14.0
22020,1610612751,BKN,Brooklyn Nets,0022000446,2021-02-18,BKN @ LAL,W,241,109,38,77,0.494,18,39,0.462,15,24,0.625,8,31,39,23,9,3,13,18,11.0
22020,1610612745,HOU,Houston Rockets,0022000439,2021-02-17,HOU @ PHI,L,241,113,42,92,0.457,15,47,0.319,14,18,0.778,9,30,39,26,13,6,18,24,-5.0
22020,1610612757,POR,Portland Trail Blazers,0022000441,2021-02-17,POR @ NOP,W,241,126,46,90,0.511,18,41,0.439,16,18,0.889,7,24,31,26,6,7,9,19,2.0
22020,1610612744,GSW,Golden State Warriors,0022000443,2021-02-17,GSW vs. MIA,W,265,120,43,95,0.453,18,52,0.346,16,21,0.762,9,37,46,32,10,1,16,19,8.0
22020,1610612764,WAS,Washington Wizards,0022000437,2021-02-17,WAS vs. DEN,W,241,130,44,86,0.512,15,33,0.455,27,34,0.794,9,36,45,31,7,3,13,20,2.0
22020,1610612746,LAC,LA Clippers,0022000444,2021-02-17,LAC vs. UTA,L,240,96,38,86,0.442,9,26,0.346,11,17,0.647,9,38,47,18,5,2,16,19,-18.0
22020,1610612741,CHI,Chicago Bulls,0022000564,2021-02-17,CHI vs. DET,W,240,105,41,85,0.482,8,28,0.286,15,24,0.625,8,38,46,29,8,7,13,20,3.0
22020,1610612737,ATL,Atlanta Hawks,0022000438,2021-02-17,ATL @ BOS,W,240,122,44,77,0.571,8,24,0.333,26,31,0.839,8,29,37,19,8,2,14,18,8.0
22020,1610612743,DEN,Denver Nuggets,0022000437,2021-02-17,DEN @ WAS,L,240,128,48,92,0.522,17,38,0.447,15,18,0.833,10,32,42,23,7,7,11,26,-2.0
22020,1610612740,NOP,New Orleans Pelicans,0022000441,2021-02-17,NOP vs. POR,L,240,124,43,89,0.483,15,32,0.469,23,29,0.793,18,33,51,25,5,1,11,15,-2.0
22020,1610612760,OKC,Oklahoma City Thunder,0022000562,2021-02-17,OKC @ MEM,L,240,113,35,78,0.449,19,41,0.463,24,28,0.857,6,33,39,25,5,3,18,25,-9.0
22020,1610612765,DET,Detroit Pistons,0022000564,2021-02-17,DET @ CHI,L,241,102,37,82,0.451,8,28,0.286,20,24,0.833,6,34,40,15,9,2,13,21,-3.0
22020,1610612762,UTA,Utah Jazz,0022000444,2021-02-17,UTA @ LAC,W,239,114,42,98,0.429,13,40,0.325,17,20,0.85,17,36,53,19,12,3,13,15,18.0
22020,1610612750,MIN,Minnesota Timberwolves,0022000440,2021-02-17,MIN vs. IND,L,265,128,45,107,0.421,15,40,0.375,23,25,0.92,11,33,44,37,12,8,11,20,-6.0
22020,1610612738,BOS,Boston Celtics,0022000438,2021-02-17,BOS vs. ATL,L,240,114,40,86,0.465,10,31,0.323,24,27,0.889,11,26,37,22,9,3,16,27,-8.0
22020,1610612753,ORL,Orlando Magic,0022000436,2021-02-17,ORL vs. NYK,W,241,107,42,92,0.457,16,34,0.471,7,10,0.7,10,40,50,27,10,7,12,15,18.0
22020,1610612752,NYK,New York Knicks,0022000436,2021-02-17,NYK @ ORL,L,240,89,33,87,0.379,7,27,0.259,16,19,0.842,10,36,46,16,7,5,16,14,-18.0
22020,1610612755,PHI,Philadelphia 76ers,0022000439,2021-02-17,PHI vs. HOU,W,240,118,39,81,0.481,12,26,0.462,28,32,0.875,7,40,47,23,12,6,20,21,5.0
22020,1610612748,MIA,Miami Heat,0022000443,2021-02-17,MIA @ GSW,L,266,112,44,97,0.454,13,36,0.361,11,12,0.917,7,42,49,28,8,5,15,22,-8.0
22020,1610612754,IND,Indiana Pacers,0022000440,2021-02-17,IND @ MIN,W,264,134,49,97,0.505,13,26,0.5,23,27,0.852,10,41,51,31,5,7,14,18,6.0
22020,1610612763,MEM,Memphis Grizzlies,0022000562,2021-02-17,MEM vs. OKC,W,240,122,42,83,0.506,12,26,0.462,26,33,0.788,7,37,44,31,14,4,12,18,9.0
22020,1610612743,DEN,Denver Nuggets,0022000427,2021-02-16,DEN @ BOS,L,240,99,38,84,0.452,9,34,0.265,14,15,0.933,11,27,38,25,12,3,17,18,-13.0
22020,1610612751,BKN,Brooklyn Nets,0022000433,2021-02-16,BKN @ PHX,W,240,128,47,82,0.573,20,40,0.5,14,15,0.933,4,33,37,28,4,4,10,11,4.0
22020,1610612749,MIL,Milwaukee Bucks,0022000430,2021-02-16,MIL vs. TOR,L,240,113,40,83,0.482,14,37,0.378,19,25,0.76,5,36,41,25,10,5,17,17,-11.0
22020,1610612763,MEM,Memphis Grizzlies,0022000429,2021-02-16,MEM vs. NOP,L,241,113,42,88,0.477,13,31,0.419,16,18,0.889,9,23,32,23,10,0,19,18,-31.0
22020,1610612738,BOS,Boston Celtics,0022000427,2021-02-16,BOS vs. DEN,W,241,112,39,81,0.481,15,42,0.357,19,21,0.905,10,33,43,26,7,1,20,22,13.0
22020,1610612740,NOP,New Orleans Pelicans,0022000429,2021-02-16,NOP @ MEM,W,239,144,56,91,0.615,19,38,0.5,13,17,0.765,11,36,47,33,14,4,19,19,31.0
22020,1610612760,OKC,Oklahoma City Thunder,0022000432,2021-02-16,OKC vs. POR,L,241,104,37,85,0.435,10,33,0.303,20,27,0.741,7,39,46,23,6,3,11,16,-11.0
22020,1610612757,POR,Portland Trail Blazers,0022000432,2021-02-16,POR @ OKC,W,241,115,42,96,0.438,20,47,0.426,11,17,0.647,15,39,54,26,6,8,10,23,11.0
22020,1610612747,LAL,Los Angeles Lakers,0022000431,2021-02-16,LAL @ MIN,W,239,112,42,77,0.545,11,26,0.423,17,21,0.81,6,32,38,20,8,8,18,14,8.0
22020,1610612756,PHX,Phoenix Suns,0022000433,2021-02-16,PHX vs. BKN,L,240,124,48,88,0.545,16,37,0.432,12,12,1.0,4,30,34,28,7,3,6,15,-4.0
22020,1610612750,MIN,Minnesota Timberwolves,0022000431,2021-02-16,MIN vs. LAL,L,240,104,39,93,0.419,16,34,0.471,10,13,0.769,11,27,38,26,11,4,15,27,-8.0
22020,1610612761,TOR,Toronto Raptors,0022000430,2021-02-16,TOR @ MIL,W,240,124,46,91,0.505,17,43,0.395,15,21,0.714,8,36,44,25,8,6,15,18,11.0
22020,1610612762,UTA,Utah Jazz,0022000423,2021-02-15,UTA vs. PHI,W,241,134,45,86,0.523,18,45,0.4,26,31,0.839,7,29,36,18,9,4,11,18,11.0
22020,1610612754,IND,Indiana Pacers,0022000420,2021-02-15,IND vs. CHI,L,264,112,39,92,0.424,9,33,0.273,25,31,0.806,8,39,47,18,9,14,19,23,-8.0
22020,1610612745,HOU,Houston Rockets,0022000421,2021-02-15,HOU @ WAS,L,240,119,43,91,0.473,8,37,0.216,25,34,0.735,9,32,41,23,9,5,18,22,-12.0
22020,1610612748,MIA,Miami Heat,0022000425,2021-02-15,MIA @ LAC,L,240,118,46,91,0.505,8,36,0.222,18,22,0.818,9,30,39,27,7,6,8,21,-7.0
22020,1610612758,SAC,Sacramento Kings,0022000426,2021-02-15,SAC vs. BKN,L,241,125,51,96,0.531,12,33,0.364,11,13,0.846,15,26,41,24,6,6,13,13,-11.0
22020,1610612751,BKN,Brooklyn Nets,0022000426,2021-02-15,BKN @ SAC,W,241,136,51,89,0.573,27,47,0.574,7,12,0.583,9,26,35,31,7,4,15,16,11.0
22020,1610612746,LAC,LA Clippers,0022000425,2021-02-15,LAC vs. MIA,W,239,125,47,85,0.553,15,32,0.469,16,20,0.8,7,32,39,31,5,0,12,22,7.0
22020,1610612744,GSW,Golden State Warriors,0022000424,2021-02-15,GSW vs. CLE,W,240,129,46,88,0.523,17,37,0.459,20,21,0.952,5,34,39,34,9,10,14,23,31.0
22020,1610612739,CLE,Cleveland Cavaliers,0022000424,2021-02-15,CLE @ GSW,L,240,98,37,95,0.389,8,30,0.267,16,20,0.8,15,34,49,19,10,3,17,24,-31.0
22020,1610612755,PHI,Philadelphia 76ers,0022000423,2021-02-15,PHI @ UTA,L,241,123,47,94,0.5,8,23,0.348,21,24,0.875,12,30,42,19,6,4,12,21,-11.0
22020,1610612741,CHI,Chicago Bulls,0022000420,2021-02-15,CHI @ IND,W,266,120,44,102,0.431,13,33,0.394,19,22,0.864,13,47,60,25,6,2,18,24,8.0
22020,1610612764,WAS,Washington Wizards,0022000421,2021-02-15,WAS vs. HOU,W,240,131,48,92,0.522,12,30,0.4,23,31,0.742,10,37,47,25,14,2,15,24,12.0
22020,1610612737,ATL,Atlanta Hawks,0022000422,2021-02-15,ATL @ NYK,L,239,112,36,85,0.424,11,33,0.333,29,32,0.906,11,31,42,17,5,6,11,19,-11.0
22020,1610612752,NYK,New York Knicks,0022000422,2021-02-15,NYK vs. ATL,W,240,123,42,83,0.506,17,34,0.5,22,27,0.815,10,32,42,22,5,6,8,22,11.0
22020,1610612746,LAC,LA Clippers,0022000419,2021-02-14,LAC vs. CLE,W,240,128,42,88,0.477,13,30,0.433,31,36,0.861,12,35,47,31,8,5,10,21,17.0
22020,1610612760,OKC,Oklahoma City Thunder,0022000415,2021-02-14,OKC vs. MIL,W,240,114,45,95,0.474,15,36,0.417,9,16,0.563,12,37,49,32,8,1,13,14,5.0
22020,1610612743,DEN,Denver Nuggets,0022000416,2021-02-14,DEN vs. LAL,W,239,122,39,85,0.459,19,47,0.404,25,34,0.735,9,38,47,28,6,4,9,24,17.0
22020,1610612758,SAC,Sacramento Kings,0022000418,2021-02-14,SAC vs. MEM,L,242,110,41,82,0.5,8,33,0.242,20,26,0.769,5,28,33,22,8,5,16,19,-14.0
22020,1610612738,BOS,Boston Celtics,0022000560,2021-02-14,BOS @ WAS,L,239,91,32,90,0.356,9,35,0.257,18,30,0.6,14,36,50,14,5,2,17,27,-13.0
22020,1610612750,MIN,Minnesota Timberwolves,0022000413,2021-02-14,MIN @ TOR,W,240,116,43,82,0.524,16,39,0.41,14,19,0.737,5,35,40,28,6,8,18,26,4.0
22020,1610612747,LAL,Los Angeles Lakers,0022000416,2021-02-14,LAL @ DEN,L,240,105,40,87,0.46,6,28,0.214,19,29,0.655,8,38,46,27,4,4,10,26,-17.0
22020,1610612761,TOR,Toronto Raptors,0022000413,2021-02-14,TOR vs. MIN,L,241,112,38,91,0.418,10,33,0.303,26,31,0.839,10,28,38,24,6,3,11,22,-4.0
22020,1610612753,ORL,Orlando Magic,0022000417,2021-02-14,ORL @ PHX,L,240,90,33,89,0.371,6,35,0.171,18,22,0.818,9,39,48,13,4,6,10,12,-19.0
22020,1610612759,SAS,San Antonio Spurs,0022000414,2021-02-14,SAS @ CHA,W,240,122,48,96,0.5,10,34,0.294,16,19,0.842,10,33,43,31,13,4,9,13,12.0
22020,1610612764,WAS,Washington Wizards,0022000560,2021-02-14,WAS vs. BOS,W,239,104,33,83,0.398,7,30,0.233,31,36,0.861,9,45,54,24,9,3,16,25,13.0
22020,1610612739,CLE,Cleveland Cavaliers,0022000419,2021-02-14,CLE @ LAC,L,240,111,43,93,0.462,7,25,0.28,18,25,0.72,11,29,40,25,4,4,15,27,-17.0
22020,1610612757,POR,Portland Trail Blazers,0022000411,2021-02-14,POR @ DAL,W,239,121,45,85,0.529,18,40,0.45,13,19,0.684,10,26,36,15,7,2,15,23,3.0
22020,1610612756,PHX,Phoenix Suns,0022000417,2021-02-14,PHX vs. ORL,W,240,109,41,92,0.446,12,37,0.324,15,16,0.938,11,48,59,24,6,2,8,17,19.0
22020,1610612763,MEM,Memphis Grizzlies,0022000418,2021-02-14,MEM @ SAC,W,241,124,50,94,0.532,9,21,0.429,15,19,0.789,9,34,43,31,10,2,10,20,14.0
22020,1610612740,NOP,New Orleans Pelicans,0022000561,2021-02-14,NOP @ DET,L,240,112,40,90,0.444,9,35,0.257,23,28,0.821,18,26,44,23,5,2,10,17,-11.0
22020,1610612766,CHA,Charlotte Hornets,0022000414,2021-02-14,CHA vs. SAS,L,239,110,45,95,0.474,12,34,0.353,8,11,0.727,12,37,49,23,6,6,16,20,-12.0
22020,1610612749,MIL,Milwaukee Bucks,0022000415,2021-02-14,MIL @ OKC,L,240,109,45,97,0.464,13,38,0.342,6,9,0.667,12,35,47,24,9,5,14,16,-5.0
22020,1610612742,DAL,Dallas Mavericks,0022000411,2021-02-14,DAL vs. POR,L,239,118,40,81,0.494,14,41,0.341,24,25,0.96,10,25,35,19,5,6,12,21,-3.0
22020,1610612765,DET,Detroit Pistons,0022000561,2021-02-14,DET vs. NOP,W,239,123,45,84,0.536,17,35,0.486,16,20,0.8,9,28,37,34,3,8,11,23,11.0
22020,1610612756,PHX,Phoenix Suns,0022000406,2021-02-13,PHX vs. PHI,W,240,120,48,79,0.608,10,25,0.4,14,17,0.824,4,28,32,25,8,3,13,24,9.0
22020,1610612751,BKN,Brooklyn Nets,0022000409,2021-02-13,BKN @ GSW,W,240,134,50,93,0.538,16,39,0.41,18,20,0.9,8,37,45,35,9,5,13,15,17.0
22020,1610612744,GSW,Golden State Warriors,0022000409,2021-02-13,GSW vs. BKN,L,240,117,44,90,0.489,9,34,0.265,20,25,0.8,5,32,37,25,6,6,13,15,-17.0
22020,1610612754,IND,Indiana Pacers,0022000407,2021-02-13,IND @ ATL,W,240,125,45,89,0.506,12,31,0.387,23,27,0.852,7,36,43,34,8,6,9,21,12.0
22020,1610612737,ATL,Atlanta Hawks,0022000407,2021-02-13,ATL vs. IND,L,240,113,43,90,0.478,9,31,0.29,18,23,0.783,7,31,38,35,5,4,11,24,-12.0
22020,1610612752,NYK,New York Knicks,0022000408,2021-02-13,NYK vs. HOU,W,241,121,45,86,0.523,12,28,0.429,19,23,0.826,4,40,44,21,4,4,7,21,22.0
22020,1610612755,PHI,Philadelphia 76ers,0022000406,2021-02-13,PHI @ PHX,L,242,111,38,73,0.521,7,17,0.412,28,33,0.848,8,27,35,19,7,1,13,15,-9.0
22020,1610612762,UTA,Utah Jazz,0022000410,2021-02-13,UTA vs. MIA,W,240,112,39,85,0.459,12,46,0.261,22,29,0.759,10,38,48,26,11,7,15,21,18.0
22020,1610612745,HOU,Houston Rockets,0022000408,2021-02-13,HOU @ NYK,L,242,99,33,88,0.375,8,43,0.186,25,30,0.833,12,34,46,17,5,5,9,17,-22.0
22020,1610612748,MIA,Miami Heat,0022000410,2021-02-13,MIA @ UTA,L,241,94,35,86,0.407,12,36,0.333,12,17,0.706,8,35,43,24,11,3,17,21,-18.0
22020,1610612758,SAC,Sacramento Kings,0022000405,2021-02-12,SAC vs. ORL,L,241,112,43,83,0.518,12,33,0.364,14,19,0.737,8,34,42,33,8,1,18,18,-11.0
22020,1610612741,CHI,Chicago Bulls,0022000400,2021-02-12,CHI vs. LAC,L,240,106,40,85,0.471,12,32,0.375,14,15,0.933,8,33,41,23,4,3,13,16,-19.0
22020,1610612742,DAL,Dallas Mavericks,0022000399,2021-02-12,DAL vs. NOP,W,240,143,51,88,0.58,25,45,0.556,16,21,0.762,5,32,37,30,4,2,6,22,13.0
22020,1610612759,SAS,San Antonio Spurs,0022000397,2021-02-12,SAS @ ATL,W,241,125,45,85,0.529,12,31,0.387,23,28,0.821,8,38,46,27,6,6,13,25,11.0
22020,1610612752,NYK,New York Knicks,0022000396,2021-02-12,NYK @ WAS,W,242,109,44,98,0.449,6,24,0.25,15,22,0.682,15,50,65,22,11,4,11,22,18.0
22020,1610612763,MEM,Memphis Grizzlies,0022000403,2021-02-12,MEM @ LAL,L,240,105,39,80,0.488,12,29,0.414,15,19,0.789,6,27,33,31,9,2,17,25,-10.0
22020,1610612764,WAS,Washington Wizards,0022000396,2021-02-12,WAS vs. NYK,L,241,91,34,89,0.382,9,34,0.265,14,20,0.7,9,37,46,20,5,5,14,18,-18.0
22020,1610612749,MIL,Milwaukee Bucks,0022000402,2021-02-12,MIL @ UTA,L,242,115,42,92,0.457,12,33,0.364,19,27,0.704,6,27,33,19,8,6,10,28,-14.0
22020,1610612760,OKC,Oklahoma City Thunder,0022000401,2021-02-12,OKC @ DEN,L,241,95,36,90,0.4,10,32,0.313,13,17,0.765,12,38,50,26,8,3,12,19,-2.0
22020,1610612757,POR,Portland Trail Blazers,0022000404,2021-02-12,POR vs. CLE,W,238,129,43,83,0.518,13,35,0.371,30,33,0.909,9,36,45,16,3,4,14,29,19.0
22020,1610612746,LAC,LA Clippers,0022000400,2021-02-12,LAC @ CHI,W,240,125,50,86,0.581,13,30,0.433,12,15,0.8,4,33,37,20,11,7,9,13,19.0
22020,1610612765,DET,Detroit Pistons,0022000412,2021-02-12,DET @ BOS,W,239,108,34,79,0.43,15,38,0.395,25,30,0.833,6,38,44,25,3,6,12,20,6.0
22020,1610612766,CHA,Charlotte Hornets,0022000395,2021-02-12,CHA vs. MIN,W,241,120,44,90,0.489,13,36,0.361,19,19,1.0,12,43,55,20,4,3,20,17,6.0
22020,1610612738,BOS,Boston Celtics,0022000412,2021-02-12,BOS vs. DET,L,240,102,36,82,0.439,8,27,0.296,22,30,0.733,7,37,44,15,9,2,10,25,-6.0
22020,1610612740,NOP,New Orleans Pelicans,0022000399,2021-02-12,NOP @ DAL,L,240,130,48,90,0.533,17,37,0.459,17,23,0.739,9,29,38,31,5,3,9,19,-13.0
22020,1610612762,UTA,Utah Jazz,0022000402,2021-02-12,UTA vs. MIL,W,240,129,43,82,0.524,14,38,0.368,29,34,0.853,7,39,46,22,4,5,17,22,14.0
22020,1610612743,DEN,Denver Nuggets,0022000401,2021-02-12,DEN vs. OKC,W,240,97,40,87,0.46,10,40,0.25,7,10,0.7,7,34,41,24,6,6,13,14,2.0
22020,1610612739,CLE,Cleveland Cavaliers,0022000404,2021-02-12,CLE @ POR,L,240,110,38,87,0.437,8,23,0.348,26,37,0.703,10,31,41,20,6,3,11,21,-19.0
22020,1610612737,ATL,Atlanta Hawks,0022000397,2021-02-12,ATL vs. SAS,L,240,114,39,90,0.433,11,32,0.344,25,33,0.758,10,31,41,22,10,4,12,17,-11.0
22020,1610612747,LAL,Los Angeles Lakers,0022000403,2021-02-12,LAL vs. MEM,W,240,115,43,85,0.506,6,30,0.2,23,33,0.697,13,34,47,26,9,4,18,16,10.0
22020,1610612753,ORL,Orlando Magic,0022000405,2021-02-12,ORL @ SAC,W,240,123,46,91,0.505,15,34,0.441,16,20,0.8,10,32,42,25,8,2,10,15,11.0
22020,1610612750,MIN,Minnesota Timberwolves,0022000395,2021-02-12,MIN @ CHA,L,240,114,45,99,0.455,16,41,0.39,8,14,0.571,9,31,40,28,10,4,8,18,-6.0
22020,1610612757,POR,Portland Trail Blazers,0022000394,2021-02-11,POR vs. PHI,W,240,118,40,93,0.43,17,38,0.447,21,23,0.913,15,32,47,15,5,2,8,21,4.0
22020,1610612744,GSW,Golden State Warriors,0022000393,2021-02-11,GSW vs. ORL,W,239,111,41,88,0.466,20,50,0.4,9,12,0.75,9,37,46,29,6,6,17,20,6.0
22020,1610612755,PHI,Philadelphia 76ers,0022000394,2021-02-11,PHI @ POR,L,241,114,42,86,0.488,6,27,0.222,24,29,0.828,11,35,46,20,6,5,9,20,-4.0
22020,1610612754,IND,Indiana Pacers,0022000391,2021-02-11,IND @ DET,W,241,111,44,86,0.512,14,31,0.452,9,10,0.9,10,31,41,26,10,5,7,18,16.0
22020,1610612748,MIA,Miami Heat,0022000392,2021-02-11,MIA @ HOU,W,240,101,34,79,0.43,15,42,0.357,18,20,0.9,8,41,49,24,6,3,20,21,7.0
22020,1610612753,ORL,Orlando Magic,0022000393,2021-02-11,ORL @ GSW,L,241,105,38,97,0.392,15,33,0.455,14,18,0.778,13,36,49,19,7,6,15,17,-6.0
22020,1610612761,TOR,Toronto Raptors,0022000398,2021-02-11,TOR @ BOS,L,241,106,41,83,0.494,9,28,0.321,15,19,0.789,3,29,32,26,7,8,13,26,-14.0
22020,1610612745,HOU,Houston Rockets,0022000392,2021-02-11,HOU vs. MIA,L,240,94,32,83,0.386,15,50,0.3,15,20,0.75,8,34,42,24,7,1,13,20,-7.0
22020,1610612765,DET,Detroit Pistons,0022000391,2021-02-11,DET vs. IND,L,241,95,38,85,0.447,5,28,0.179,14,19,0.737,15,28,43,21,5,5,11,13,-16.0
22020,1610612738,BOS,Boston Celtics,0022000398,2021-02-11,BOS vs. TOR,W,239,120,39,86,0.453,20,39,0.513,22,28,0.786,14,35,49,30,8,6,18,22,14.0
22020,1610612742,DAL,Dallas Mavericks,0022000384,2021-02-10,DAL vs. ATL,W,239,118,43,84,0.512,14,35,0.4,18,20,0.9,4,33,37,25,3,3,9,24,1.0
22020,1610612737,ATL,Atlanta Hawks,0022000384,2021-02-10,ATL @ DAL,L,241,117,40,88,0.455,14,39,0.359,23,28,0.821,9,33,42,27,7,4,9,20,-1.0
22020,1610612746,LAC,LA Clippers,0022000387,2021-02-10,LAC @ MIN,W,240,119,41,82,0.5,12,23,0.522,25,29,0.862,11,37,48,23,9,4,15,20,7.0
22020,1610612750,MIN,Minnesota Timberwolves,0022000387,2021-02-10,MIN vs. LAC,L,241,112,41,95,0.432,15,41,0.366,15,19,0.789,16,27,43,29,8,8,15,24,-7.0
22020,1610612749,MIL,Milwaukee Bucks,0022000389,2021-02-10,MIL @ PHX,L,240,124,43,85,0.506,16,37,0.432,22,30,0.733,10,29,39,23,6,0,9,21,-1.0
22020,1610612754,IND,Indiana Pacers,0022000383,2021-02-10,IND @ BKN,L,241,94,36,92,0.391,15,38,0.395,7,11,0.636,10,33,43,26,4,5,8,21,-10.0
22020,1610612747,LAL,Los Angeles Lakers,0022000390,2021-02-10,LAL vs. OKC,W,266,114,42,89,0.472,10,35,0.286,20,24,0.833,6,37,43,22,6,6,16,15,1.0
22020,1610612766,CHA,Charlotte Hornets,0022000386,2021-02-10,CHA @ MEM,L,240,114,45,82,0.549,14,29,0.483,10,12,0.833,8,27,35,23,11,4,18,14,-16.0
22020,1610612741,CHI,Chicago Bulls,0022000385,2021-02-10,CHI vs. NOP,W,241,129,48,81,0.593,25,47,0.532,8,11,0.727,7,28,35,36,4,6,16,20,13.0
22020,1610612739,CLE,Cleveland Cavaliers,0022000388,2021-02-10,CLE @ DEN,L,240,95,36,94,0.383,8,37,0.216,15,20,0.75,18,31,49,25,7,7,17,18,-38.0
22020,1610612743,DEN,Denver Nuggets,0022000388,2021-02-10,DEN vs. CLE,W,242,133,51,85,0.6,16,36,0.444,15,21,0.714,4,35,39,31,12,9,11,18,38.0
22020,1610612763,MEM,Memphis Grizzlies,0022000386,2021-02-10,MEM vs. CHA,W,241,130,47,94,0.5,23,49,0.469,13,18,0.722,19,27,46,34,10,2,16,18,16.0
22020,1610612761,TOR,Toronto Raptors,0022000382,2021-02-10,TOR @ WAS,W,240,137,49,93,0.527,19,32,0.594,20,23,0.87,9,37,46,28,5,5,12,17,22.0
22020,1610612764,WAS,Washington Wizards,0022000382,2021-02-10,WAS vs. TOR,L,237,115,42,93,0.452,12,41,0.293,19,23,0.826,12,34,46,26,7,3,14,20,-22.0
22020,1610612751,BKN,Brooklyn Nets,0022000383,2021-02-10,BKN vs. IND,W,240,104,32,76,0.421,9,31,0.29,31,35,0.886,9,37,46,20,2,5,12,20,10.0
22020,1610612760,OKC,Oklahoma City Thunder,0022000390,2021-02-10,OKC @ LAL,L,266,113,47,100,0.47,7,31,0.226,12,14,0.857,7,39,46,32,11,4,13,23,-1.0
22020,1610612740,NOP,New Orleans Pelicans,0022000385,2021-02-10,NOP @ CHI,L,240,116,41,81,0.506,13,36,0.361,21,26,0.808,9,26,35,27,11,1,12,12,-13.0
22020,1610612756,PHX,Phoenix Suns,0022000389,2021-02-10,PHX vs. MIL,W,240,125,46,87,0.529,15,31,0.484,18,25,0.72,12,35,47,25,7,2,11,19,1.0
22020,1610612751,BKN,Brooklyn Nets,0022000375,2021-02-09,BKN @ DET,L,242,111,43,86,0.5,11,30,0.367,14,16,0.875,8,26,34,30,8,6,15,22,-11.0
22020,1610612765,DET,Detroit Pistons,0022000375,2021-02-09,DET vs. BKN,W,241,122,47,84,0.56,13,29,0.448,15,21,0.714,7,30,37,28,10,6,13,16,11.0
22020,1610612755,PHI,Philadelphia 76ers,0022000381,2021-02-09,PHI @ SAC,W,240,119,41,85,0.482,9,20,0.45,28,35,0.8,12,47,59,24,4,5,17,22,8.0
22020,1610612758,SAC,Sacramento Kings,0022000381,2021-02-09,SAC vs. PHI,L,240,111,43,99,0.434,14,42,0.333,11,19,0.579,8,31,39,24,6,8,11,28,-8.0
22020,1610612745,HOU,Houston Rockets,0022000377,2021-02-09,HOU @ NOP,L,240,101,38,91,0.418,13,43,0.302,12,21,0.571,12,25,37,24,5,4,12,23,-29.0
22020,1610612748,MIA,Miami Heat,0022000376,2021-02-09,MIA vs. NYK,W,239,98,26,70,0.371,14,33,0.424,32,39,0.821,6,32,38,21,5,6,10,14,2.0
22020,1610612744,GSW,Golden State Warriors,0022000378,2021-02-09,GSW @ SAS,W,240,114,42,91,0.462,17,40,0.425,13,19,0.684,10,40,50,26,8,4,10,19,23.0
22020,1610612762,UTA,Utah Jazz,0022000379,2021-02-09,UTA vs. BOS,W,241,122,40,84,0.476,18,48,0.375,24,27,0.889,10,31,41,28,4,7,10,22,14.0
22020,1610612759,SAS,San Antonio Spurs,0022000378,2021-02-09,SAS vs. GSW,L,240,91,32,86,0.372,8,24,0.333,19,21,0.905,8,37,45,20,2,5,14,16,-23.0
22020,1610612740,NOP,New Orleans Pelicans,0022000377,2021-02-09,NOP vs. HOU,W,242,130,47,92,0.511,12,31,0.387,24,28,0.857,15,40,55,31,7,6,9,20,29.0
22020,1610612738,BOS,Boston Celtics,0022000379,2021-02-09,BOS @ UTA,L,241,108,38,86,0.442,13,29,0.448,19,23,0.826,11,24,35,18,2,2,8,25,-14.0
22020,1610612753,ORL,Orlando Magic,0022000380,2021-02-09,ORL @ POR,L,240,97,37,88,0.42,11,35,0.314,12,22,0.545,10,43,53,22,7,3,10,11,-9.0
22020,1610612752,NYK,New York Knicks,0022000376,2021-02-09,NYK @ MIA,L,240,96,37,87,0.425,10,28,0.357,12,16,0.75,11,35,46,22,8,5,14,25,-2.0
22020,1610612757,POR,Portland Trail Blazers,0022000380,2021-02-09,POR vs. ORL,W,240,106,35,90,0.389,18,46,0.391,18,19,0.947,9,45,54,18,6,6,8,17,9.0
22020,1610612756,PHX,Phoenix Suns,0022000372,2021-02-08,PHX vs. CLE,W,242,119,47,90,0.522,11,24,0.458,14,19,0.737,14,27,41,29,7,6,10,20,6.0
22020,1610612744,GSW,Golden State Warriors,0022000371,2021-02-08,GSW @ SAS,L,241,100,38,86,0.442,13,37,0.351,11,15,0.733,6,43,49,29,4,6,20,19,-5.0
22020,1610612761,TOR,Toronto Raptors,0022000369,2021-02-08,TOR @ MEM,W,241,128,42,77,0.545,20,37,0.541,24,26,0.923,7,30,37,28,11,2,14,24,15.0
22020,1610612749,MIL,Milwaukee Bucks,0022000373,2021-02-08,MIL @ DEN,W,241,125,45,89,0.506,16,40,0.4,19,22,0.864,11,39,50,24,7,7,10,19,13.0
22020,1610612742,DAL,Dallas Mavericks,0022000370,2021-02-08,DAL vs. MIN,W,240,127,45,87,0.517,12,34,0.353,25,30,0.833,10,38,48,30,4,6,14,22,5.0
22020,1610612763,MEM,Memphis Grizzlies,0022000369,2021-02-08,MEM vs. TOR,L,240,113,37,87,0.425,13,39,0.333,26,29,0.897,19,23,42,27,7,4,15,18,-15.0
22020,1610612745,HOU,Houston Rockets,0022000367,2021-02-08,HOU @ CHA,L,239,94,35,86,0.407,13,47,0.277,11,16,0.688,8,31,39,20,9,4,11,18,-25.0
22020,1610612741,CHI,Chicago Bulls,0022000368,2021-02-08,CHI vs. WAS,L,240,101,36,85,0.424,9,30,0.3,20,24,0.833,10,40,50,23,6,3,16,26,-4.0
22020,1610612743,DEN,Denver Nuggets,0022000373,2021-02-08,DEN vs. MIL,L,242,112,41,94,0.436,15,36,0.417,15,16,0.938,8,30,38,22,5,4,9,15,-13.0
22020,1610612766,CHA,Charlotte Hornets,0022000367,2021-02-08,CHA vs. HOU,W,239,119,44,90,0.489,19,41,0.463,12,13,0.923,11,40,51,28,5,6,14,15,25.0
22020,1610612760,OKC,Oklahoma City Thunder,0022000374,2021-02-08,OKC @ LAL,L,266,112,43,110,0.391,12,38,0.316,14,19,0.737,15,40,55,23,6,4,12,23,-7.0
22020,1610612747,LAL,Los Angeles Lakers,0022000374,2021-02-08,LAL vs. OKC,W,266,119,44,95,0.463,9,38,0.237,22,29,0.759,10,49,59,28,7,12,15,19,7.0
22020,1610612759,SAS,San Antonio Spurs,0022000371,2021-02-08,SAS vs. GSW,W,241,105,39,96,0.406,11,31,0.355,16,19,0.842,10,36,46,24,12,6,10,16,5.0
22020,1610612764,WAS,Washington Wizards,0022000368,2021-02-08,WAS @ CHI,W,239,105,36,86,0.419,6,26,0.231,27,36,0.75,10,37,47,23,8,4,13,21,4.0
22020,1610612750,MIN,Minnesota Timberwolves,0022000370,2021-02-08,MIN @ DAL,L,241,122,42,91,0.462,18,42,0.429,20,28,0.714,7,34,41,27,9,5,9,27,-5.0
22020,1610612739,CLE,Cleveland Cavaliers,0022000372,2021-02-08,CLE @ PHX,L,239,113,44,86,0.512,8,24,0.333,17,25,0.68,9,30,39,23,5,5,10,20,-6.0
22020,1610612762,UTA,Utah Jazz,0022000363,2021-02-07,UTA @ IND,W,240,103,38,92,0.413,13,42,0.31,14,21,0.667,16,44,60,22,2,4,14,17,8.0
22020,1610612746,LAC,LA Clippers,0022000366,2021-02-07,LAC vs. SAC,L,239,110,41,99,0.414,8,28,0.286,20,23,0.87,16,37,53,19,8,5,9,16,-3.0
22020,1610612752,NYK,New York Knicks,0022000364,2021-02-07,NYK vs. MIA,L,240,103,38,85,0.447,16,42,0.381,11,15,0.733,10,34,44,23,8,2,12,20,-6.0
22020,1610612754,IND,Indiana Pacers,0022000363,2021-02-07,IND vs. UTA,L,241,95,37,93,0.398,8,29,0.276,13,18,0.722,8,37,45,23,9,6,9,22,-8.0
22020,1610612748,MIA,Miami Heat,0022000364,2021-02-07,MIA @ NYK,W,239,109,40,83,0.482,13,35,0.371,16,20,0.8,6,38,44,25,6,1,11,15,6.0
22020,1610612758,SAC,Sacramento Kings,0022000366,2021-02-07,SAC @ LAC,W,239,113,46,94,0.489,10,29,0.345,11,15,0.733,11,41,52,25,5,4,12,18,3.0
22020,1610612766,CHA,Charlotte Hornets,0022000215,2021-02-07,CHA vs. WAS,W,240,119,42,99,0.424,15,36,0.417,20,26,0.769,18,41,59,21,6,6,11,25,22.0
22020,1610612764,WAS,Washington Wizards,0022000215,2021-02-07,WAS @ CHA,L,239,97,34,90,0.378,9,40,0.225,20,28,0.714,12,36,48,22,6,5,14,18,-22.0
22020,1610612756,PHX,Phoenix Suns,0022000365,2021-02-07,PHX vs. BOS,W,240,100,40,82,0.488,8,29,0.276,12,12,1.0,9,41,50,25,4,5,10,15,9.0
22020,1610612738,BOS,Boston Celtics,0022000365,2021-02-07,BOS @ PHX,L,241,91,33,93,0.355,17,44,0.386,8,12,0.667,13,28,41,19,6,2,5,11,-9.0
22020,1610612760,OKC,Oklahoma City Thunder,0022000359,2021-02-06,OKC vs. MIN,W,239,120,46,90,0.511,12,33,0.364,16,20,0.8,8,35,43,25,8,1,15,19,2.0
22020,1610612755,PHI,Philadelphia 76ers,0022000354,2021-02-06,PHI vs. BKN,W,240,124,48,94,0.511,10,27,0.37,18,22,0.818,13,38,51,27,12,4,15,15,16.0
22020,1610612737,ATL,Atlanta Hawks,0022000356,2021-02-06,ATL vs. TOR,W,241,132,42,74,0.568,19,36,0.528,29,33,0.879,4,39,43,31,1,10,18,25,11.0
22020,1610612744,GSW,Golden State Warriors,0022000360,2021-02-06,GSW @ DAL,L,241,132,46,86,0.535,20,45,0.444,20,23,0.87,6,34,40,27,11,4,16,24,-2.0
22020,1610612749,MIL,Milwaukee Bucks,0022000357,2021-02-06,MIL @ CLE,W,240,124,47,86,0.547,16,34,0.471,14,23,0.609,6,37,43,25,10,2,8,20,25.0
22020,1610612753,ORL,Orlando Magic,0022000353,2021-02-06,ORL vs. CHI,L,239,92,37,95,0.389,6,27,0.222,12,12,1.0,15,32,47,17,5,10,11,10,-26.0
22020,1610612739,CLE,Cleveland Cavaliers,0022000357,2021-02-06,CLE vs. MIL,L,239,99,39,86,0.453,6,28,0.214,15,21,0.714,8,32,40,21,4,1,13,19,-25.0
22020,1610612763,MEM,Memphis Grizzlies,0022000355,2021-02-06,MEM @ NOP,L,239,109,40,90,0.444,13,39,0.333,16,19,0.842,11,34,45,27,5,5,9,17,-9.0
22020,1610612743,DEN,Denver Nuggets,0022000352,2021-02-06,DEN @ SAC,L,239,114,45,97,0.464,13,35,0.371,11,14,0.786,13,34,47,30,3,9,9,18,-5.0
22020,1610612761,TOR,Toronto Raptors,0022000356,2021-02-06,TOR @ ATL,L,241,121,41,97,0.423,13,38,0.342,26,34,0.765,14,24,38,24,9,5,6,27,-11.0
22020,1610612751,BKN,Brooklyn Nets,0022000354,2021-02-06,BKN @ PHI,L,240,108,39,88,0.443,15,41,0.366,15,17,0.882,8,26,34,21,6,3,17,18,-16.0
22020,1610612740,NOP,New Orleans Pelicans,0022000355,2021-02-06,NOP vs. MEM,W,239,118,45,87,0.517,15,33,0.455,13,21,0.619,8,34,42,27,3,9,7,15,9.0
22020,1610612747,LAL,Los Angeles Lakers,0022000361,2021-02-06,LAL vs. DET,W,290,135,51,91,0.56,9,19,0.474,24,28,0.857,9,32,41,32,12,5,23,24,6.0
22020,1610612757,POR,Portland Trail Blazers,0022000351,2021-02-06,POR @ NYK,L,240,99,37,89,0.416,17,47,0.362,8,16,0.5,11,30,41,15,7,7,11,15,-11.0
22020,1610612750,MIN,Minnesota Timberwolves,0022000359,2021-02-06,MIN @ OKC,L,239,118,47,93,0.505,12,36,0.333,12,22,0.545,13,27,40,27,12,3,13,15,-2.0
22020,1610612758,SAC,Sacramento Kings,0022000352,2021-02-06,SAC vs. DEN,W,240,119,44,91,0.484,14,35,0.4,17,24,0.708,10,35,45,30,5,7,7,11,5.0
22020,1610612752,NYK,New York Knicks,0022000351,2021-02-06,NYK vs. POR,W,240,110,44,88,0.5,13,30,0.433,9,13,0.692,8,43,51,20,5,5,14,19,11.0
22020,1610612742,DAL,Dallas Mavericks,0022000360,2021-02-06,DAL vs. GSW,W,239,134,44,96,0.458,21,47,0.447,25,30,0.833,15,32,47,27,5,0,14,19,2.0
22020,1610612745,HOU,Houston Rockets,0022000358,2021-02-06,HOU vs. SAS,L,239,106,38,88,0.432,12,38,0.316,18,25,0.72,6,40,46,21,5,6,12,25,-5.0
22020,1610612765,DET,Detroit Pistons,0022000361,2021-02-06,DET @ LAL,L,291,129,45,94,0.479,16,42,0.381,23,28,0.821,9,26,35,31,13,4,20,31,-6.0
22020,1610612741,CHI,Chicago Bulls,0022000353,2021-02-06,CHI @ ORL,W,239,118,47,91,0.516,15,30,0.5,9,13,0.692,11,36,47,28,6,10,10,12,26.0
22020,1610612759,SAS,San Antonio Spurs,0022000358,2021-02-06,SAS @ HOU,W,239,111,37,87,0.425,8,25,0.32,29,36,0.806,7,37,44,22,6,7,10,18,5.0
22020,1610612761,TOR,Toronto Raptors,0022000345,2021-02-05,TOR @ BKN,W,241,123,49,97,0.505,13,32,0.406,12,14,0.857,12,29,41,22,10,6,10,25,6.0
22020,1610612764,WAS,Washington Wizards,0022000347,2021-02-05,WAS @ MIA,L,240,95,33,89,0.371,8,33,0.242,21,24,0.875,12,28,40,19,7,9,17,20,-27.0
22020,1610612762,UTA,Utah Jazz,0022000342,2021-02-05,UTA @ CHA,W,239,138,48,87,0.552,26,50,0.52,16,18,0.889,6,38,44,32,5,9,16,19,17.0
22020,1610612754,IND,Indiana Pacers,0022000343,2021-02-05,IND vs. NOP,L,239,113,41,93,0.441,20,42,0.476,11,16,0.688,10,27,37,31,9,6,10,21,-1.0
22020,1610612756,PHX,Phoenix Suns,0022000349,2021-02-05,PHX vs. DET,W,242,109,42,85,0.494,12,32,0.375,13,16,0.813,10,40,50,26,7,3,21,26,17.0
22020,1610612760,OKC,Oklahoma City Thunder,0022000348,2021-02-05,OKC vs. MIN,L,240,103,39,85,0.459,13,34,0.382,12,17,0.706,8,36,44,28,10,7,17,7,-3.0
22020,1610612746,LAC,LA Clippers,0022000350,2021-02-05,LAC vs. BOS,L,240,115,42,81,0.519,14,32,0.438,17,21,0.81,10,37,47,26,5,4,16,17,-4.0
22020,1610612766,CHA,Charlotte Hornets,0022000342,2021-02-05,CHA vs. UTA,L,240,121,48,104,0.462,11,35,0.314,14,17,0.824,14,26,40,26,9,2,7,17,-17.0
22020,1610612740,NOP,New Orleans Pelicans,0022000343,2021-02-05,NOP @ IND,W,240,114,41,76,0.539,13,25,0.52,19,26,0.731,11,39,50,23,5,6,19,17,1.0
22020,1610612748,MIA,Miami Heat,0022000347,2021-02-05,MIA vs. WAS,W,240,122,43,86,0.5,16,36,0.444,20,23,0.87,9,39,48,27,9,7,16,20,27.0
22020,1610612738,BOS,Boston Celtics,0022000350,2021-02-05,BOS @ LAC,W,240,119,43,90,0.478,16,38,0.421,17,21,0.81,9,25,34,21,8,1,6,16,4.0
22020,1610612753,ORL,Orlando Magic,0022000344,2021-02-05,ORL vs. CHI,W,240,123,42,81,0.519,11,27,0.407,28,37,0.757,10,39,49,27,5,2,15,22,4.0
22020,1610612750,MIN,Minnesota Timberwolves,0022000348,2021-02-05,MIN @ OKC,W,240,106,41,94,0.436,16,40,0.4,8,9,0.889,10,33,43,27,10,4,15,15,3.0
22020,1610612741,CHI,Chicago Bulls,0022000344,2021-02-05,CHI @ ORL,L,239,119,46,96,0.479,9,30,0.3,18,20,0.9,10,30,40,27,9,5,8,22,-4.0
22020,1610612765,DET,Detroit Pistons,0022000349,2021-02-05,DET @ PHX,L,241,92,34,91,0.374,7,36,0.194,17,28,0.607,17,28,45,20,8,6,13,16,-17.0
22020,1610612751,BKN,Brooklyn Nets,0022000345,2021-02-05,BKN vs. TOR,L,240,117,39,80,0.488,17,42,0.405,22,29,0.759,8,32,40,29,5,6,18,19,-6.0
22020,1610612749,MIL,Milwaukee Bucks,0022000346,2021-02-05,MIL @ CLE,W,239,123,50,97,0.515,7,22,0.318,16,22,0.727,13,41,54,28,6,7,11,18,18.0
22020,1610612739,CLE,Cleveland Cavaliers,0022000346,2021-02-05,CLE vs. MIL,L,242,105,41,92,0.446,11,32,0.344,12,16,0.75,6,30,36,23,7,9,11,19,-18.0
22020,1610612762,UTA,Utah Jazz,0022000338,2021-02-04,UTA @ ATL,W,239,112,44,91,0.484,13,27,0.481,11,13,0.846,12,40,52,19,7,4,14,20,18.6
22020,1610612745,HOU,Houston Rockets,0022000340,2021-02-04,HOU @ MEM,W,241,115,41,87,0.471,19,45,0.422,14,17,0.824,8,36,44,26,8,3,14,19,12.6
22020,1610612744,GSW,Golden State Warriors,0022000339,2021-02-04,GSW @ DAL,W,240,147,51,89,0.573,22,43,0.512,23,27,0.852,4,41,45,37,6,6,8,19,31.0
22020,1610612743,DEN,Denver Nuggets,0022000341,2021-02-04,DEN @ LAL,L,241,93,36,92,0.391,8,28,0.286,13,15,0.867,16,26,42,19,9,2,15,23,-21.0
22020,1610612737,ATL,Atlanta Hawks,0022000338,2021-02-04,ATL vs. UTA,L,242,91,32,98,0.327,9,31,0.29,18,19,0.947,18,31,49,19,8,1,11,15,-17.8
22020,1610612757,POR,Portland Trail Blazers,0022000337,2021-02-04,POR @ PHI,W,240,121,45,98,0.459,13,31,0.419,18,23,0.783,19,34,53,17,8,5,11,18,11.6
22020,1610612742,DAL,Dallas Mavericks,0022000339,2021-02-04,DAL vs. GSW,L,242,116,38,92,0.413,20,50,0.4,20,23,0.87,10,32,42,26,2,3,10,24,-31.0
22020,1610612763,MEM,Memphis Grizzlies,0022000340,2021-02-04,MEM vs. HOU,L,239,103,37,87,0.425,12,35,0.343,17,24,0.708,11,32,43,28,10,6,13,15,-9.2
22020,1610612755,PHI,Philadelphia 76ers,0022000337,2021-02-04,PHI vs. POR,L,241,105,39,81,0.481,7,27,0.259,20,24,0.833,8,29,37,19,6,3,18,15,-14.4
22020,1610612747,LAL,Los Angeles Lakers,0022000341,2021-02-04,LAL vs. DEN,W,240,114,46,81,0.568,8,24,0.333,14,22,0.636,8,32,40,29,10,7,16,19,21.0
22020,1610612756,PHX,Phoenix Suns,0022000335,2021-02-03,PHX @ NOP,L,239,101,38,82,0.463,8,35,0.229,17,20,0.85,11,28,39,26,3,6,14,18,-22.0
22020,1610612752,NYK,New York Knicks,0022000332,2021-02-03,NYK @ CHI,W,240,107,43,89,0.483,11,22,0.5,10,15,0.667,11,36,47,19,5,4,17,18,4.0
22020,1610612739,CLE,Cleveland Cavaliers,0022000328,2021-02-03,CLE vs. LAC,L,240,99,41,92,0.446,4,10,0.4,13,17,0.765,11,26,37,21,8,6,8,14,-22.0
22020,1610612745,HOU,Houston Rockets,0022000333,2021-02-03,HOU @ OKC,L,240,87,33,86,0.384,12,46,0.261,9,13,0.692,5,36,41,21,11,4,20,18,-17.0
22020,1610612737,ATL,Atlanta Hawks,0022000330,2021-02-03,ATL vs. DAL,L,241,116,45,90,0.5,14,38,0.368,12,17,0.706,13,33,46,31,6,4,16,20,-6.0
22020,1610612748,MIA,Miami Heat,0022000331,2021-02-03,MIA vs. WAS,L,239,100,36,83,0.434,12,35,0.343,16,22,0.727,9,35,44,24,11,2,13,21,-3.0
22020,1610612758,SAC,Sacramento Kings,0022000336,2021-02-03,SAC vs. BOS,W,239,116,42,92,0.457,13,37,0.351,19,23,0.826,12,32,44,23,7,2,10,19,5.0
22020,1610612742,DAL,Dallas Mavericks,0022000330,2021-02-03,DAL @ ATL,W,240,122,43,93,0.462,13,40,0.325,23,25,0.92,13,32,45,27,8,7,10,19,6.0
22020,1610612749,MIL,Milwaukee Bucks,0022000329,2021-02-03,MIL vs. IND,W,239,130,48,102,0.471,21,48,0.438,13,14,0.929,11,42,53,33,13,7,12,11,20.0
22020,1610612746,LAC,LA Clippers,0022000328,2021-02-03,LAC @ CLE,W,241,121,44,79,0.557,20,34,0.588,13,17,0.765,8,38,46,22,4,6,14,20,22.0
22020,1610612759,SAS,San Antonio Spurs,0022000334,2021-02-03,SAS vs. MIN,W,239,111,43,96,0.448,7,26,0.269,18,24,0.75,7,38,45,28,5,6,7,13,3.0
22020,1610612764,WAS,Washington Wizards,0022000331,2021-02-03,WAS @ MIA,W,239,103,35,84,0.417,15,37,0.405,18,25,0.72,14,35,49,20,6,5,17,17,3.0
22020,1610612750,MIN,Minnesota Timberwolves,0022000334,2021-02-03,MIN @ SAS,L,240,108,43,94,0.457,13,33,0.394,9,11,0.818,9,40,49,22,6,9,10,21,-3.0
22020,1610612738,BOS,Boston Celtics,0022000336,2021-02-03,BOS @ SAC,L,240,111,39,86,0.453,11,33,0.333,22,29,0.759,11,34,45,28,9,3,13,21,-5.0
22020,1610612755,PHI,Philadelphia 76ers,0022000327,2021-02-03,PHI @ CHA,W,241,118,41,79,0.519,10,24,0.417,26,32,0.813,10,30,40,23,9,6,18,21,7.0
22020,1610612740,NOP,New Orleans Pelicans,0022000335,2021-02-03,NOP vs. PHX,W,241,123,46,90,0.511,14,33,0.424,17,21,0.81,12,32,44,30,7,3,7,20,22.0
22020,1610612754,IND,Indiana Pacers,0022000329,2021-02-03,IND @ MIL,L,242,110,43,95,0.453,11,34,0.324,13,15,0.867,8,38,46,28,7,6,14,13,-20.0
22020,1610612741,CHI,Chicago Bulls,0022000332,2021-02-03,CHI vs. NYK,L,241,103,43,88,0.489,6,36,0.167,11,16,0.688,6,32,38,25,11,3,9,14,-4.0
22020,1610612760,OKC,Oklahoma City Thunder,0022000333,2021-02-03,OKC vs. HOU,W,240,104,36,83,0.434,10,33,0.303,22,26,0.846,5,46,51,19,13,5,21,14,17.0
22020,1610612766,CHA,Charlotte Hornets,0022000327,2021-02-03,CHA vs. PHI,L,241,111,39,87,0.448,14,37,0.378,19,23,0.826,10,27,37,28,5,4,16,22,-7.0
22020,1610612738,BOS,Boston Celtics,0022000326,2021-02-02,BOS @ GSW,W,239,111,39,84,0.464,13,34,0.382,20,27,0.741,12,39,51,16,3,4,15,20,4.0
22020,1610612764,WAS,Washington Wizards,0022000559,2021-02-02,WAS vs. POR,L,239,121,46,83,0.554,16,40,0.4,13,17,0.765,6,33,39,32,2,5,13,21,-11.0
22020,1610612754,IND,Indiana Pacers,0022000322,2021-02-02,IND vs. MEM,W,241,134,49,82,0.598,16,29,0.552,20,29,0.69,9,33,42,30,8,8,18,19,18.0
22020,1610612744,GSW,Golden State Warriors,0022000326,2021-02-02,GSW vs. BOS,L,240,107,38,83,0.458,15,37,0.405,16,23,0.696,6,30,36,30,9,4,11,23,-4.6
22020,1610612753,ORL,Orlando Magic,0022000323,2021-02-02,ORL vs. TOR,L,239,108,41,89,0.461,14,38,0.368,12,14,0.857,9,37,46,24,4,4,16,22,-15.0
22020,1610612763,MEM,Memphis Grizzlies,0022000322,2021-02-02,MEM @ IND,L,240,116,42,93,0.452,9,25,0.36,23,24,0.958,10,26,36,27,11,7,16,22,-18.0
22020,1610612762,UTA,Utah Jazz,0022000325,2021-02-02,UTA vs. DET,W,240,117,38,82,0.463,16,42,0.381,25,29,0.862,8,36,44,23,9,6,13,17,12.2
22020,1610612757,POR,Portland Trail Blazers,0022000559,2021-02-02,POR @ WAS,W,241,132,44,95,0.463,21,46,0.457,23,23,1.0,14,30,44,19,6,1,9,19,11.0
22020,1610612746,LAC,LA Clippers,0022000324,2021-02-02,LAC @ BKN,L,240,120,45,99,0.455,15,36,0.417,15,17,0.882,11,28,39,21,12,5,8,18,-4.0
22020,1610612765,DET,Detroit Pistons,0022000325,2021-02-02,DET @ UTA,L,239,105,39,93,0.419,9,27,0.333,18,20,0.9,12,34,46,18,7,5,15,21,-12.0
22020,1610612751,BKN,Brooklyn Nets,0022000324,2021-02-02,BKN vs. LAC,W,240,124,45,79,0.57,13,31,0.419,21,26,0.808,6,38,44,25,6,4,16,17,4.0
22020,1610612761,TOR,Toronto Raptors,0022000323,2021-02-02,TOR @ ORL,W,240,123,40,83,0.482,20,45,0.444,23,25,0.92,6,34,40,32,14,4,11,18,15.0
22020,1610612758,SAC,Sacramento Kings,0022000317,2021-02-01,SAC @ NOP,W,239,118,42,88,0.477,14,43,0.326,20,26,0.769,13,39,52,31,3,8,20,18,9.0
22020,1610612756,PHX,Phoenix Suns,0022000319,2021-02-01,PHX @ DAL,W,239,109,43,92,0.467,13,35,0.371,10,12,0.833,11,34,45,19,7,3,16,24,1.0
22020,1610612745,HOU,Houston Rockets,0022000318,2021-02-01,HOU @ OKC,W,241,136,49,102,0.48,28,52,0.538,10,11,0.909,10,40,50,30,8,6,11,20,30.0
22020,1610612741,CHI,Chicago Bulls,0022000315,2021-02-01,CHI vs. NYK,W,240,110,42,88,0.477,11,34,0.324,15,20,0.75,7,33,40,30,3,1,12,19,8.0
22020,1610612757,POR,Portland Trail Blazers,0022000316,2021-02-01,POR @ MIL,L,239,106,39,104,0.375,15,42,0.357,13,13,1.0,14,31,45,19,8,6,11,10,-28.0
22020,1610612752,NYK,New York Knicks,0022000315,2021-02-01,NYK @ CHI,L,240,102,37,87,0.425,6,29,0.207,22,26,0.846,11,34,45,21,6,6,11,19,-8.0
22020,1610612759,SAS,San Antonio Spurs,0022000320,2021-02-01,SAS vs. MEM,L,239,102,37,89,0.416,13,37,0.351,15,22,0.682,10,32,42,28,8,7,14,13,-31.0
22020,1610612749,MIL,Milwaukee Bucks,0022000316,2021-02-01,MIL vs. POR,W,241,134,53,96,0.552,21,42,0.5,7,12,0.583,9,44,53,38,10,7,12,13,28.0
22020,1610612760,OKC,Oklahoma City Thunder,0022000318,2021-02-01,OKC vs. HOU,L,240,106,39,89,0.438,13,34,0.382,15,19,0.789,8,37,45,21,8,8,16,13,-30.0
22020,1610612766,CHA,Charlotte Hornets,0022000314,2021-02-01,CHA @ MIA,W,264,129,43,95,0.453,21,41,0.512,22,26,0.846,13,31,44,31,6,4,11,22,8.0
22020,1610612739,CLE,Cleveland Cavaliers,0022000312,2021-02-01,CLE vs. MIN,W,240,100,35,84,0.417,7,22,0.318,23,31,0.742,15,37,52,26,4,12,13,12,2.0
22020,1610612742,DAL,Dallas Mavericks,0022000319,2021-02-01,DAL vs. PHX,L,239,108,37,86,0.43,10,32,0.313,24,25,0.96,7,35,42,16,9,7,14,17,-1.0
22020,1610612747,LAL,Los Angeles Lakers,0022000313,2021-02-01,LAL @ ATL,W,240,107,40,77,0.519,7,23,0.304,20,24,0.833,4,27,31,24,10,7,11,20,8.0
22020,1610612750,MIN,Minnesota Timberwolves,0022000312,2021-02-01,MIN @ CLE,L,239,98,40,102,0.392,11,38,0.289,7,11,0.636,15,30,45,20,4,1,8,21,-2.0
22020,1610612748,MIA,Miami Heat,0022000314,2021-02-01,MIA vs. CHA,L,265,121,43,91,0.473,19,46,0.413,16,25,0.64,10,38,48,28,8,7,15,26,-8.0
22020,1610612740,NOP,New Orleans Pelicans,0022000317,2021-02-01,NOP vs. SAC,L,241,109,40,101,0.396,9,30,0.3,20,24,0.833,17,29,46,22,11,5,10,22,-9.0
22020,1610612763,MEM,Memphis Grizzlies,0022000320,2021-02-01,MEM @ SAS,W,241,133,52,93,0.559,15,30,0.5,14,18,0.778,10,43,53,37,11,11,9,16,31.0
22020,1610612737,ATL,Atlanta Hawks,0022000313,2021-02-01,ATL vs. LAL,L,240,99,37,78,0.474,11,29,0.379,14,17,0.824,6,30,36,27,8,3,17,21,-8.0
22020,1610612755,PHI,Philadelphia 76ers,0022000307,2021-01-31,PHI @ IND,W,240,119,45,92,0.489,8,26,0.308,21,31,0.677,14,30,44,20,9,8,12,21,9.0
22020,1610612739,CLE,Cleveland Cavaliers,0022000311,2021-01-31,CLE @ MIN,L,239,104,41,84,0.488,4,16,0.25,18,23,0.783,10,45,55,20,3,3,19,14,-5.0
22020,1610612750,MIN,Minnesota Timberwolves,0022000311,2021-01-31,MIN vs. CLE,W,239,109,41,91,0.451,16,40,0.4,11,15,0.733,7,27,34,24,10,11,8,25,5.0
22020,1610612764,WAS,Washington Wizards,0022000310,2021-01-31,WAS vs. BKN,W,241,149,56,108,0.519,12,39,0.308,25,32,0.781,11,28,39,24,10,2,7,22,3.0
22020,1610612751,BKN,Brooklyn Nets,0022000310,2021-01-31,BKN @ WAS,L,239,146,50,88,0.568,19,36,0.528,27,33,0.818,7,38,45,33,6,5,17,24,-3.0
22020,1610612746,LAC,LA Clippers,0022000308,2021-01-31,LAC @ NYK,W,242,129,44,81,0.543,17,38,0.447,24,28,0.857,7,31,38,26,2,4,7,14,14.0
22020,1610612761,TOR,Toronto Raptors,0022000309,2021-01-31,TOR vs. ORL,W,240,115,41,90,0.456,12,39,0.308,21,22,0.955,9,39,48,27,8,5,11,22,13.0
22020,1610612753,ORL,Orlando Magic,0022000309,2021-01-31,ORL @ TOR,L,239,102,33,82,0.402,13,36,0.361,23,28,0.821,6,36,42,22,8,5,10,18,-13.0
22020,1610612752,NYK,New York Knicks,0022000308,2021-01-31,NYK vs. LAC,L,240,115,41,85,0.482,10,27,0.37,23,28,0.821,10,26,36,21,5,5,7,20,-14.0
22020,1610612754,IND,Indiana Pacers,0022000307,2021-01-31,IND vs. PHI,L,240,110,41,84,0.488,10,28,0.357,18,22,0.818,9,32,41,21,6,7,17,25,-9.0
22020,1610612743,DEN,Denver Nuggets,0022000306,2021-01-31,DEN vs. UTA,W,241,128,47,87,0.54,18,28,0.643,16,19,0.842,7,32,39,28,8,2,8,27,11.0
22020,1610612762,UTA,Utah Jazz,0022000306,2021-01-31,UTA @ DEN,L,238,117,32,75,0.427,20,47,0.426,33,39,0.846,10,28,38,28,3,4,14,21,-11.0
22020,1610612738,BOS,Boston Celtics,0022000302,2021-01-30,BOS vs. LAL,L,239,95,40,82,0.488,6,21,0.286,9,14,0.643,9,33,42,24,10,6,15,16,-1.0
22020,1610612748,MIA,Miami Heat,0022000301,2021-01-30,MIA vs. SAC,W,240,105,36,77,0.468,11,32,0.344,22,26,0.846,9,30,39,25,5,4,15,14,1.0
22020,1610612745,HOU,Houston Rockets,0022000300,2021-01-30,HOU @ NOP,W,241,126,45,92,0.489,20,46,0.435,16,20,0.8,7,38,45,32,8,5,14,24,14.0
22020,1610612763,MEM,Memphis Grizzlies,0022000304,2021-01-30,MEM @ SAS,W,241,129,51,91,0.56,17,35,0.486,10,15,0.667,10,35,45,34,7,7,14,23,17.0
22020,1610612759,SAS,San Antonio Spurs,0022000304,2021-01-30,SAS vs. MEM,L,242,112,39,83,0.47,13,29,0.448,21,26,0.808,8,30,38,25,7,5,13,16,-17.0
22020,1610612766,CHA,Charlotte Hornets,0022000299,2021-01-30,CHA vs. MIL,W,240,126,44,92,0.478,21,44,0.477,17,20,0.85,7,34,41,32,8,5,9,20,12.0
22020,1610612765,DET,Detroit Pistons,0022000305,2021-01-30,DET @ GSW,L,238,91,29,77,0.377,9,36,0.25,24,32,0.75,7,31,38,17,7,4,14,14,-27.0
22020,1610612744,GSW,Golden State Warriors,0022000305,2021-01-30,GSW vs. DET,W,240,118,47,89,0.528,17,36,0.472,7,10,0.7,8,39,47,34,6,5,14,23,27.0
22020,1610612747,LAL,Los Angeles Lakers,0022000302,2021-01-30,LAL @ BOS,W,240,96,37,84,0.44,9,31,0.29,13,19,0.684,13,32,45,20,8,4,14,15,1.0
22020,1610612757,POR,Portland Trail Blazers,0022000298,2021-01-30,POR @ CHI,W,239,123,45,88,0.511,17,42,0.405,16,19,0.842,9,26,35,20,11,1,8,17,1.0
22020,1610612749,MIL,Milwaukee Bucks,0022000299,2021-01-30,MIL @ CHA,L,240,114,40,82,0.488,18,45,0.4,16,24,0.667,8,38,46,22,6,6,15,17,-12.0
22020,1610612742,DAL,Dallas Mavericks,0022000303,2021-01-30,DAL vs. PHX,L,240,105,44,83,0.53,9,29,0.31,8,14,0.571,5,32,37,22,5,4,15,26,-6.0
22020,1610612740,NOP,New Orleans Pelicans,0022000300,2021-01-30,NOP vs. HOU,L,242,112,41,91,0.451,12,41,0.293,18,29,0.621,10,38,48,27,11,7,14,14,-14.0
22020,1610612756,PHX,Phoenix Suns,0022000303,2021-01-30,PHX @ DAL,W,241,111,37,81,0.457,10,22,0.455,27,31,0.871,9,33,42,22,9,0,13,19,6.0
22020,1610612741,CHI,Chicago Bulls,0022000298,2021-01-30,CHI vs. POR,L,240,122,43,85,0.506,21,45,0.467,15,15,1.0,11,32,43,31,5,2,15,14,-1.0
22020,1610612758,SAC,Sacramento Kings,0022000301,2021-01-30,SAC @ MIA,L,242,104,41,85,0.482,17,45,0.378,5,11,0.455,12,29,41,22,12,3,17,21,-1.0
22020,1610612766,CHA,Charlotte Hornets,0022000288,2021-01-29,CHA vs. IND,W,241,108,43,85,0.506,16,37,0.432,6,9,0.667,9,33,42,35,7,5,17,13,3.0
22020,1610612758,SAC,Sacramento Kings,0022000292,2021-01-29,SAC @ TOR,W,239,126,43,78,0.551,16,36,0.444,24,31,0.774,11,27,38,31,7,5,22,25,2.0
22020,1610612754,IND,Indiana Pacers,0022000288,2021-01-29,IND @ CHA,L,240,105,42,87,0.483,11,35,0.314,10,13,0.769,9,30,39,30,7,4,16,13,-3.0
22020,1610612746,LAC,LA Clippers,0022000289,2021-01-29,LAC @ ORL,W,242,116,46,94,0.489,13,37,0.351,11,11,1.0,9,40,49,25,8,5,11,15,26.0
22020,1610612752,NYK,New York Knicks,0022000291,2021-01-29,NYK vs. CLE,W,240,102,39,80,0.488,10,27,0.37,14,16,0.875,8,33,41,20,8,6,13,24,18.0
22020,1610612755,PHI,Philadelphia 76ers,0022000294,2021-01-29,PHI @ MIN,W,240,118,39,87,0.448,8,16,0.5,32,38,0.842,12,39,51,20,11,6,10,17,24.0
22020,1610612761,TOR,Toronto Raptors,0022000292,2021-01-29,TOR vs. SAC,L,239,124,42,86,0.488,13,32,0.406,27,33,0.818,12,23,35,20,14,2,15,27,-2.0
22020,1610612750,MIN,Minnesota Timberwolves,0022000294,2021-01-29,MIN vs. PHI,L,239,94,35,82,0.427,10,33,0.303,14,18,0.778,4,34,38,20,3,4,18,29,-24.0
22020,1610612742,DAL,Dallas Mavericks,0022000297,2021-01-29,DAL @ UTA,L,241,101,37,86,0.43,9,33,0.273,18,27,0.667,8,32,40,20,6,4,11,27,-19.0
22020,1610612759,SAS,San Antonio Spurs,0022000296,2021-01-29,SAS vs. DEN,W,241,119,44,81,0.543,10,23,0.435,21,26,0.808,9,32,41,29,8,1,12,18,10.0
22020,1610612737,ATL,Atlanta Hawks,0022000290,2021-01-29,ATL @ WAS,W,240,116,39,87,0.448,12,37,0.324,26,34,0.765,12,35,47,16,5,4,13,30,16.0
22020,1610612753,ORL,Orlando Magic,0022000289,2021-01-29,ORL vs. LAC,L,240,90,32,89,0.36,10,33,0.303,16,18,0.889,12,37,49,20,6,2,17,12,-26.0
22020,1610612760,OKC,Oklahoma City Thunder,0022000295,2021-01-29,OKC vs. BKN,L,241,125,40,86,0.465,16,38,0.421,29,34,0.853,6,30,36,23,4,4,12,12,-22.0
22020,1610612762,UTA,Utah Jazz,0022000297,2021-01-29,UTA vs. DAL,W,242,120,38,87,0.437,20,48,0.417,24,26,0.923,17,39,56,21,8,5,15,25,19.0
22020,1610612764,WAS,Washington Wizards,0022000290,2021-01-29,WAS vs. ATL,L,240,100,31,85,0.365,7,28,0.25,31,38,0.816,13,34,47,13,6,4,12,27,-16.0
22020,1610612749,MIL,Milwaukee Bucks,0022000293,2021-01-29,MIL @ NOP,L,239,126,48,96,0.5,13,35,0.371,17,22,0.773,12,37,49,29,5,5,12,19,-5.0
22020,1610612751,BKN,Brooklyn Nets,0022000295,2021-01-29,BKN @ OKC,W,239,147,57,100,0.57,19,45,0.422,14,16,0.875,10,40,50,33,7,4,11,25,22.0
22020,1610612739,CLE,Cleveland Cavaliers,0022000291,2021-01-29,CLE @ NYK,L,240,81,29,84,0.345,8,26,0.308,15,18,0.833,14,29,43,15,8,5,14,20,-18.0
22020,1610612743,DEN,Denver Nuggets,0022000296,2021-01-29,DEN @ SAS,L,242,109,41,78,0.526,14,31,0.452,13,20,0.65,7,30,37,25,8,5,15,15,-10.0
22020,1610612740,NOP,New Orleans Pelicans,0022000293,2021-01-29,NOP vs. MIL,W,239,131,45,96,0.469,21,48,0.438,20,28,0.714,12,33,45,32,7,3,9,16,5.0
22020,1610612765,DET,Detroit Pistons,0022000284,2021-01-28,DET vs. LAL,W,240,107,40,87,0.46,14,36,0.389,13,13,1.0,5,33,38,27,4,2,8,18,15.0
22020,1610612757,POR,Portland Trail Blazers,0022000287,2021-01-28,POR @ HOU,L,241,101,39,93,0.419,17,41,0.415,6,8,0.75,10,39,49,16,6,7,15,16,-3.0
22020,1610612747,LAL,Los Angeles Lakers,0022000284,2021-01-28,LAL @ DET,L,241,92,36,88,0.409,12,28,0.429,8,12,0.667,12,32,44,25,2,3,11,16,-15.0
22020,1610612756,PHX,Phoenix Suns,0022000286,2021-01-28,PHX vs. GSW,W,239,114,41,88,0.466,11,32,0.344,21,23,0.913,9,48,57,34,7,1,14,14,21.0
22020,1610612748,MIA,Miami Heat,0022000285,2021-01-28,MIA vs. LAC,L,241,105,40,90,0.444,13,33,0.394,12,15,0.8,8,37,45,24,5,1,13,18,-4.0
22020,1610612746,LAC,LA Clippers,0022000285,2021-01-28,LAC @ MIA,W,239,109,36,87,0.414,17,42,0.405,20,22,0.909,13,42,55,22,11,4,12,20,4.0
22020,1610612745,HOU,Houston Rockets,0022000287,2021-01-28,HOU vs. POR,W,240,104,38,90,0.422,13,47,0.277,15,18,0.833,10,37,47,19,8,7,13,12,3.0
22020,1610612744,GSW,Golden State Warriors,0022000286,2021-01-28,GSW @ PHX,L,241,93,38,99,0.384,11,38,0.289,6,8,0.75,12,36,48,21,8,1,13,19,-21.0
22020,1610612761,TOR,Toronto Raptors,0022000277,2021-01-27,TOR vs. MIL,L,239,108,38,94,0.404,22,55,0.4,10,12,0.833,10,36,46,26,8,8,11,20,-7.0
22020,1610612753,ORL,Orlando Magic,0022000273,2021-01-27,ORL vs. SAC,L,239,107,40,96,0.417,10,26,0.385,17,18,0.944,17,30,47,25,8,8,14,23,-14.0
22020,1610612760,OKC,Oklahoma City Thunder,0022000281,2021-01-27,OKC @ PHX,W,241,102,38,85,0.447,16,40,0.4,10,14,0.714,5,43,48,21,7,8,14,19,5.0
22020,1610612748,MIA,Miami Heat,0022000275,2021-01-27,MIA vs. DEN,L,240,82,30,80,0.375,13,45,0.289,9,11,0.818,6,32,38,24,6,3,16,13,-27.0
22020,1610612742,DAL,Dallas Mavericks,0022000282,2021-01-27,DAL @ UTA,L,241,104,42,91,0.462,12,35,0.343,8,9,0.889,4,32,36,22,4,7,8,12,-12.0
22020,1610612766,CHA,Charlotte Hornets,0022000271,2021-01-27,CHA vs. IND,L,241,106,37,90,0.411,13,38,0.342,19,21,0.905,11,28,39,28,3,3,11,14,-10.0
22020,1610612751,BKN,Brooklyn Nets,0022000274,2021-01-27,BKN @ ATL,W,265,132,52,98,0.531,11,32,0.344,17,20,0.85,11,25,36,29,7,10,9,25,4.0
22020,1610612764,WAS,Washington Wizards,0022000279,2021-01-27,WAS @ NOP,L,239,106,37,92,0.402,13,38,0.342,19,21,0.905,11,28,39,29,11,2,11,20,-18.0
22020,1610612744,GSW,Golden State Warriors,0022000283,2021-01-27,GSW vs. MIN,W,240,123,45,85,0.529,15,34,0.441,18,23,0.783,11,35,46,32,11,5,21,28,12.0
22020,1610612738,BOS,Boston Celtics,0022000280,2021-01-27,BOS @ SAS,L,239,106,42,98,0.429,10,30,0.333,12,14,0.857,13,26,39,15,10,4,10,14,-4.0
22020,1610612754,IND,Indiana Pacers,0022000271,2021-01-27,IND @ CHA,W,240,116,45,88,0.511,16,40,0.4,10,12,0.833,11,36,47,34,1,9,12,19,10.0
22020,1610612755,PHI,Philadelphia 76ers,0022000276,2021-01-27,PHI vs. LAL,W,241,107,41,85,0.482,9,25,0.36,16,26,0.615,7,31,38,24,10,7,11,24,1.0
22020,1610612756,PHX,Phoenix Suns,0022000281,2021-01-27,PHX vs. OKC,L,241,97,36,95,0.379,15,43,0.349,10,12,0.833,9,40,49,19,7,3,13,16,-5.0
22020,1610612758,SAC,Sacramento Kings,0022000273,2021-01-27,SAC @ ORL,W,243,121,45,92,0.489,14,33,0.424,17,26,0.654,17,33,50,30,8,3,15,18,14.0
22020,1610612737,ATL,Atlanta Hawks,0022000274,2021-01-27,ATL vs. BKN,L,265,128,45,94,0.479,13,33,0.394,25,28,0.893,12,25,37,29,3,7,9,18,-4.0
22020,1610612743,DEN,Denver Nuggets,0022000275,2021-01-27,DEN @ MIA,W,239,109,42,92,0.457,14,43,0.326,11,11,1.0,12,37,49,29,14,4,13,12,27.0
22020,1610612750,MIN,Minnesota Timberwolves,0022000283,2021-01-27,MIN @ GSW,L,239,111,37,87,0.425,14,36,0.389,23,33,0.697,11,28,39,23,12,7,17,22,-12.0
22020,1610612762,UTA,Utah Jazz,0022000282,2021-01-27,UTA vs. DAL,W,242,116,42,91,0.462,16,41,0.39,16,21,0.762,11,39,50,20,7,7,9,18,12.0
22020,1610612740,NOP,New Orleans Pelicans,0022000279,2021-01-27,NOP vs. WAS,W,241,124,46,89,0.517,17,43,0.395,15,24,0.625,12,38,50,27,7,4,14,17,18.0
22020,1610612759,SAS,San Antonio Spurs,0022000280,2021-01-27,SAS vs. BOS,W,238,110,46,82,0.561,8,28,0.286,10,16,0.625,9,37,46,22,5,4,19,16,4.0
22020,1610612739,CLE,Cleveland Cavaliers,0022000272,2021-01-27,CLE vs. DET,W,240,122,47,87,0.54,11,21,0.524,17,23,0.739,8,29,37,24,14,7,16,22,15.0
22020,1610612765,DET,Detroit Pistons,0022000272,2021-01-27,DET @ CLE,L,241,107,37,82,0.451,11,27,0.407,22,29,0.759,13,27,40,29,7,5,22,21,-15.0
22020,1610612747,LAL,Los Angeles Lakers,0022000276,2021-01-27,LAL @ PHI,L,241,106,41,86,0.477,8,24,0.333,16,25,0.64,6,31,37,20,5,2,11,20,-1.0
22020,1610612749,MIL,Milwaukee Bucks,0022000277,2021-01-27,MIL @ TOR,W,241,115,40,93,0.43,16,44,0.364,19,26,0.731,14,45,59,30,9,3,14,14,7.0
22020,1610612746,LAC,LA Clippers,0022000268,2021-01-26,LAC @ ATL,L,239,99,36,89,0.404,8,26,0.308,19,22,0.864,13,33,46,23,11,4,12,19,-9.0
22020,1610612764,WAS,Washington Wizards,0022000269,2021-01-26,WAS @ HOU,L,239,88,33,85,0.388,5,26,0.192,17,23,0.739,12,38,50,19,7,3,20,22,-19.0
22020,1610612762,UTA,Utah Jazz,0022000270,2021-01-26,UTA vs. NYK,W,240,108,37,92,0.402,15,48,0.313,19,22,0.864,17,36,53,24,6,5,6,14,14.0
22020,1610612745,HOU,Houston Rockets,0022000269,2021-01-26,HOU vs. WAS,W,240,107,37,88,0.42,12,37,0.324,21,29,0.724,8,36,44,16,13,4,13,17,19.0
22020,1610612737,ATL,Atlanta Hawks,0022000268,2021-01-26,ATL vs. LAC,W,239,108,37,80,0.463,10,26,0.385,24,25,0.96,9,37,46,20,7,9,14,17,9.0
22020,1610612752,NYK,New York Knicks,0022000270,2021-01-26,NYK @ UTA,L,239,94,36,83,0.434,10,27,0.37,12,17,0.706,9,35,44,15,6,4,11,21,-14.0
22020,1610612743,DEN,Denver Nuggets,0022000265,2021-01-25,DEN @ DAL,W,240,117,40,79,0.506,15,35,0.429,22,28,0.786,14,35,49,25,9,4,16,20,4.0
22020,1610612751,BKN,Brooklyn Nets,0022000260,2021-01-25,BKN vs. MIA,W,240,98,34,85,0.4,11,38,0.289,19,22,0.864,6,43,49,24,6,5,7,18,13.0
22020,1610612741,CHI,Chicago Bulls,0022000262,2021-01-25,CHI vs. BOS,L,240,103,41,88,0.466,17,39,0.436,4,10,0.4,9,32,41,28,4,7,18,16,-16.0
22020,1610612739,CLE,Cleveland Cavaliers,0022000261,2021-01-25,CLE vs. LAL,L,241,108,40,86,0.465,9,21,0.429,19,22,0.864,15,29,44,19,8,3,17,25,-7.0
22020,1610612766,CHA,Charlotte Hornets,0022000259,2021-01-25,CHA @ ORL,L,240,108,39,89,0.438,11,38,0.289,19,27,0.704,11,30,41,22,5,6,14,20,-9.0
22020,1610612765,DET,Detroit Pistons,0022000257,2021-01-25,DET vs. PHI,W,241,119,35,70,0.5,17,38,0.447,32,38,0.842,11,36,47,22,6,6,18,20,15.0
22020,1610612744,GSW,Golden State Warriors,0022000266,2021-01-25,GSW vs. MIN,W,240,130,44,89,0.494,14,30,0.467,28,37,0.757,15,31,46,21,13,10,15,19,22.0
22020,1610612750,MIN,Minnesota Timberwolves,0022000266,2021-01-25,MIN @ GSW,L,241,108,39,94,0.415,8,24,0.333,22,25,0.88,16,31,47,26,8,5,18,28,-22.0
22020,1610612754,IND,Indiana Pacers,0022000258,2021-01-25,IND vs. TOR,W,240,129,40,78,0.513,12,29,0.414,37,45,0.822,7,38,45,26,5,8,13,25,15.0
22020,1610612757,POR,Portland Trail Blazers,0022000267,2021-01-25,POR vs. OKC,L,241,122,46,98,0.469,14,41,0.341,16,21,0.762,15,35,50,17,6,3,8,23,-3.0
22020,1610612761,TOR,Toronto Raptors,0022000258,2021-01-25,TOR @ IND,L,241,114,38,93,0.409,14,38,0.368,24,27,0.889,13,26,39,24,9,6,10,25,-15.0
22020,1610612747,LAL,Los Angeles Lakers,0022000261,2021-01-25,LAL @ CLE,W,241,115,42,87,0.483,10,32,0.313,21,28,0.75,15,25,40,21,7,7,13,23,7.0
22020,1610612755,PHI,Philadelphia 76ers,0022000257,2021-01-25,PHI @ DET,L,240,104,40,94,0.426,9,28,0.321,15,20,0.75,13,23,36,15,12,3,9,26,-15.0
22020,1610612738,BOS,Boston Celtics,0022000262,2021-01-25,BOS @ CHI,W,239,119,44,87,0.506,15,29,0.517,16,20,0.8,6,38,44,28,9,6,12,18,16.0
22020,1610612748,MIA,Miami Heat,0022000260,2021-01-25,MIA @ BKN,L,241,85,31,84,0.369,11,43,0.256,12,17,0.706,8,37,45,20,3,7,12,21,-13.0
22020,1610612753,ORL,Orlando Magic,0022000259,2021-01-25,ORL vs. CHA,W,240,117,42,88,0.477,19,37,0.514,14,22,0.636,10,39,49,31,10,3,15,21,9.0
22020,1610612760,OKC,Oklahoma City Thunder,0022000267,2021-01-25,OKC @ POR,W,240,125,43,84,0.512,18,40,0.45,21,35,0.6,9,34,43,25,5,6,8,19,3.0
22020,1610612742,DAL,Dallas Mavericks,0022000265,2021-01-25,DAL vs. DEN,L,241,113,41,84,0.488,11,32,0.344,20,24,0.833,8,26,34,26,11,4,11,22,-4.0
22020,1610612749,MIL,Milwaukee Bucks,0022000254,2021-01-24,MIL vs. ATL,W,240,129,50,91,0.549,10,31,0.323,19,27,0.704,16,36,52,32,4,2,16,16,14.0
22020,1610612766,CHA,Charlotte Hornets,0022000252,2021-01-24,CHA @ ORL,W,241,107,42,88,0.477,14,36,0.389,9,16,0.563,9,34,43,28,10,5,12,17,3.0
22020,1610612752,NYK,New York Knicks,0022000256,2021-01-24,NYK @ POR,L,241,113,39,86,0.453,12,29,0.414,23,25,0.92,13,34,47,20,9,0,12,20,-3.0
22020,1610612761,TOR,Toronto Raptors,0022000249,2021-01-24,TOR @ IND,W,240,107,37,90,0.411,15,35,0.429,18,26,0.692,12,33,45,24,12,8,16,18,5.0
22020,1610612753,ORL,Orlando Magic,0022000252,2021-01-24,ORL vs. CHA,L,240,104,39,87,0.448,17,38,0.447,9,13,0.692,11,32,43,27,4,4,15,18,-3.0
22020,1610612754,IND,Indiana Pacers,0022000249,2021-01-24,IND vs. TOR,L,240,102,35,87,0.402,13,39,0.333,19,22,0.864,12,35,47,23,10,8,18,23,-5.0
22020,1610612764,WAS,Washington Wizards,0022000253,2021-01-24,WAS @ SAS,L,240,101,39,92,0.424,14,42,0.333,9,14,0.643,12,38,50,23,5,5,14,14,-20.0
22020,1610612760,OKC,Oklahoma City Thunder,0022000251,2021-01-24,OKC @ LAC,L,241,100,42,95,0.442,7,35,0.2,9,14,0.643,12,39,51,22,7,2,10,19,-8.0
22020,1610612759,SAS,San Antonio Spurs,0022000253,2021-01-24,SAS vs. WAS,W,239,121,48,96,0.5,15,31,0.484,10,11,0.909,5,39,44,27,11,5,8,14,20.0
22020,1610612737,ATL,Atlanta Hawks,0022000254,2021-01-24,ATL @ MIL,L,240,115,42,83,0.506,14,39,0.359,17,22,0.773,5,22,27,27,8,4,9,23,-14.0
22020,1610612738,BOS,Boston Celtics,0022000250,2021-01-24,BOS vs. CLE,W,239,141,52,93,0.559,14,28,0.5,23,27,0.852,13,42,55,26,14,8,15,23,38.0
22020,1610612739,CLE,Cleveland Cavaliers,0022000250,2021-01-24,CLE @ BOS,L,241,103,34,85,0.4,10,33,0.303,25,34,0.735,11,23,34,24,10,8,17,23,-38.0
22020,1610612757,POR,Portland Trail Blazers,0022000256,2021-01-24,POR vs. NYK,W,240,116,39,83,0.47,17,46,0.37,21,23,0.913,9,30,39,19,5,8,11,16,3.0
22020,1610612746,LAC,LA Clippers,0022000251,2021-01-24,LAC vs. OKC,W,238,108,41,92,0.446,14,46,0.304,12,16,0.75,8,38,46,26,4,2,10,10,8.0
22020,1610612765,DET,Detroit Pistons,0022000243,2021-01-23,DET vs. PHI,L,238,110,37,86,0.43,14,33,0.424,22,30,0.733,8,35,43,25,9,8,15,28,-4.0
22020,1610612744,GSW,Golden State Warriors,0022000242,2021-01-23,GSW @ UTA,L,241,108,42,93,0.452,14,39,0.359,10,15,0.667,4,31,35,30,6,8,11,21,-19.0
22020,1610612743,DEN,Denver Nuggets,0022000248,2021-01-23,DEN @ PHX,W,291,120,40,97,0.412,15,36,0.417,25,32,0.781,12,53,65,22,4,3,16,20,8.0
22020,1610612750,MIN,Minnesota Timberwolves,0022000246,2021-01-23,MIN vs. NOP,W,238,120,39,91,0.429,12,34,0.353,30,37,0.811,14,36,50,23,14,4,11,22,10.0
22020,1610612762,UTA,Utah Jazz,0022000242,2021-01-23,UTA vs. GSW,W,240,127,45,94,0.479,20,50,0.4,17,22,0.773,14,43,57,28,6,4,16,20,19.0
22020,1610612740,NOP,New Orleans Pelicans,0022000246,2021-01-23,NOP @ MIN,L,240,110,40,87,0.46,10,33,0.303,20,28,0.714,10,32,42,21,5,4,20,24,-10.0
22020,1610612756,PHX,Phoenix Suns,0022000248,2021-01-23,PHX vs. DEN,L,290,112,41,102,0.402,16,53,0.302,14,18,0.778,7,43,50,26,8,4,9,31,-8.0
22020,1610612748,MIA,Miami Heat,0022000244,2021-01-23,MIA @ BKN,L,241,124,42,89,0.472,13,46,0.283,27,32,0.844,2,29,31,29,7,1,8,23,-4.0
22020,1610612742,DAL,Dallas Mavericks,0022000247,2021-01-23,DAL vs. HOU,L,239,108,37,83,0.446,5,25,0.2,29,40,0.725,10,26,36,15,7,4,10,23,-25.0
22020,1610612755,PHI,Philadelphia 76ers,0022000243,2021-01-23,PHI @ DET,W,241,114,38,83,0.458,8,23,0.348,30,38,0.789,12,37,49,14,10,7,15,24,4.0
22020,1610612741,CHI,Chicago Bulls,0022000245,2021-01-23,CHI vs. LAL,L,240,90,33,84,0.393,8,25,0.32,16,22,0.727,10,35,45,18,8,1,18,28,-11.0
22020,1610612745,HOU,Houston Rockets,0022000247,2021-01-23,HOU @ DAL,W,240,133,47,86,0.547,16,37,0.432,23,29,0.793,13,39,52,28,5,5,14,28,25.0
22020,1610612751,BKN,Brooklyn Nets,0022000244,2021-01-23,BKN vs. MIA,W,240,128,44,83,0.53,19,37,0.514,21,26,0.808,9,38,47,34,0,6,16,26,4.0
22020,1610612747,LAL,Los Angeles Lakers,0022000245,2021-01-23,LAL @ CHI,W,241,101,36,79,0.456,4,19,0.211,25,31,0.806,5,37,42,20,7,4,18,18,11.0
22020,1610612745,HOU,Houston Rockets,0022000230,2021-01-22,HOU @ DET,W,239,103,37,95,0.389,14,41,0.341,15,20,0.75,14,37,51,24,7,11,14,28,1.0
22020,1610612738,BOS,Boston Celtics,0022000233,2021-01-22,BOS @ PHI,L,239,110,41,90,0.456,12,30,0.4,16,20,0.8,10,22,32,23,10,5,11,21,-12.0
22020,1610612737,ATL,Atlanta Hawks,0022000236,2021-01-22,ATL @ MIN,W,240,116,38,83,0.458,15,35,0.429,25,30,0.833,13,42,55,21,9,12,16,16,18.0
22020,1610612756,PHX,Phoenix Suns,0022000238,2021-01-22,PHX vs. DEN,L,266,126,47,94,0.5,17,44,0.386,15,15,1.0,9,36,45,30,7,4,16,23,-4.0
22020,1610612760,OKC,Oklahoma City Thunder,0022000239,2021-01-22,OKC @ LAC,L,240,106,41,87,0.471,14,42,0.333,10,13,0.769,4,25,29,24,8,1,11,21,-14.0
22020,1610612758,SAC,Sacramento Kings,0022000241,2021-01-22,SAC vs. NYK,W,240,103,38,91,0.418,12,34,0.353,15,21,0.714,12,43,55,21,6,14,6,25,9.0
22020,1610612739,CLE,Cleveland Cavaliers,0022000232,2021-01-22,CLE vs. BKN,W,239,125,45,87,0.517,8,25,0.32,27,32,0.844,13,37,50,24,7,3,12,18,12.0
22020,1610612759,SAS,San Antonio Spurs,0022000237,2021-01-22,SAS vs. DAL,L,240,117,41,89,0.461,12,28,0.429,23,30,0.767,9,40,49,21,3,5,7,18,-5.0
22020,1610612761,TOR,Toronto Raptors,0022000234,2021-01-22,TOR vs. MIA,W,241,101,39,84,0.464,17,40,0.425,6,9,0.667,12,33,45,22,11,3,21,16,20.0
22020,1610612750,MIN,Minnesota Timberwolves,0022000236,2021-01-22,MIN vs. ATL,L,242,98,40,93,0.43,8,32,0.25,10,12,0.833,10,30,40,30,14,8,13,21,-18.0
22020,1610612748,MIA,Miami Heat,0022000234,2021-01-22,MIA @ TOR,L,240,81,33,77,0.429,7,31,0.226,8,10,0.8,4,28,32,19,13,4,19,14,-20.0
22020,1610612751,BKN,Brooklyn Nets,0022000232,2021-01-22,BKN @ CLE,L,240,113,42,87,0.483,14,43,0.326,15,17,0.882,6,23,29,23,5,8,11,25,-12.0
22020,1610612741,CHI,Chicago Bulls,0022000229,2021-01-22,CHI @ CHA,W,241,123,49,96,0.51,15,43,0.349,10,12,0.833,15,28,43,33,11,4,14,21,13.0
22020,1610612765,DET,Detroit Pistons,0022000230,2021-01-22,DET vs. HOU,L,241,102,31,82,0.378,15,32,0.469,25,37,0.676,14,41,55,17,5,8,19,21,-1.0
22020,1610612755,PHI,Philadelphia 76ers,0022000233,2021-01-22,PHI vs. BOS,W,240,122,45,81,0.556,12,28,0.429,20,24,0.833,10,35,45,23,9,7,19,23,12.0
22020,1610612766,CHA,Charlotte Hornets,0022000229,2021-01-22,CHA vs. CHI,L,241,110,42,85,0.494,7,32,0.219,19,25,0.76,12,34,46,22,8,1,21,12,-13.0
22020,1610612743,DEN,Denver Nuggets,0022000238,2021-01-22,DEN @ PHX,W,264,130,53,103,0.515,6,26,0.231,18,19,0.947,10,33,43,32,12,1,9,15,4.0
22020,1610612746,LAC,LA Clippers,0022000239,2021-01-22,LAC vs. OKC,W,241,120,43,84,0.512,10,33,0.303,24,25,0.96,9,39,48,21,8,7,13,19,14.0
22020,1610612754,IND,Indiana Pacers,0022000231,2021-01-22,IND vs. ORL,W,264,120,46,93,0.495,12,34,0.353,16,18,0.889,8,36,44,28,9,5,10,19,2.0
22020,1610612753,ORL,Orlando Magic,0022000231,2021-01-22,ORL @ IND,L,265,118,43,94,0.457,17,37,0.459,15,24,0.625,13,36,49,29,7,3,14,14,-2.0
22020,1610612742,DAL,Dallas Mavericks,0022000237,2021-01-22,DAL @ SAS,W,239,122,45,93,0.484,14,39,0.359,18,20,0.9,7,35,42,23,3,2,5,21,5.0
22020,1610612752,NYK,New York Knicks,0022000241,2021-01-22,NYK @ SAC,L,240,94,36,94,0.383,5,22,0.227,17,25,0.68,16,41,57,19,2,6,11,21,-9.0
22020,1610612752,NYK,New York Knicks,0022000228,2021-01-21,NYK @ GSW,W,239,119,38,82,0.463,11,24,0.458,32,41,0.78,11,44,55,24,5,9,11,29,15.0
22020,1610612762,UTA,Utah Jazz,0022000227,2021-01-21,UTA vs. NOP,W,240,129,44,88,0.5,17,39,0.436,24,25,0.96,8,31,39,27,8,8,15,27,11.0
22020,1610612747,LAL,Los Angeles Lakers,0022000226,2021-01-21,LAL @ MIL,W,240,113,41,88,0.466,19,37,0.514,12,15,0.8,6,32,38,25,8,8,10,14,7.0
22020,1610612749,MIL,Milwaukee Bucks,0022000226,2021-01-21,MIL vs. LAL,L,240,106,44,87,0.506,9,28,0.321,9,12,0.75,5,41,46,27,5,5,14,18,-7.0
22020,1610612744,GSW,Golden State Warriors,0022000228,2021-01-21,GSW vs. NYK,L,241,104,33,86,0.384,9,38,0.237,29,39,0.744,9,37,46,27,5,3,10,26,-15.0
22020,1610612740,NOP,New Orleans Pelicans,0022000227,2021-01-21,NOP @ UTA,L,240,118,42,85,0.494,11,25,0.44,23,30,0.767,10,31,41,27,9,2,17,19,-11.0
22020,1610612753,ORL,Orlando Magic,0022000221,2021-01-20,ORL @ MIN,W,241,97,36,92,0.391,10,31,0.323,15,21,0.714,13,35,48,26,5,8,11,17,1.0
22020,1610612758,SAC,Sacramento Kings,0022000224,2021-01-20,SAC @ LAC,L,240,96,39,86,0.453,13,28,0.464,5,12,0.417,4,35,39,25,11,4,18,15,-19.0
22020,1610612765,DET,Detroit Pistons,0022000219,2021-01-20,DET @ ATL,L,264,115,44,97,0.454,10,31,0.323,17,19,0.895,7,35,42,22,9,3,13,28,-8.0
22020,1610612754,IND,Indiana Pacers,0022000217,2021-01-20,IND vs. DAL,L,241,112,41,92,0.446,16,39,0.41,14,21,0.667,8,30,38,21,6,3,10,20,-12.0
22020,1610612756,PHX,Phoenix Suns,0022000222,2021-01-20,PHX @ HOU,W,240,109,42,89,0.472,8,34,0.235,17,19,0.895,8,37,45,25,6,11,17,21,6.0
22020,1610612761,TOR,Toronto Raptors,0022000220,2021-01-20,TOR vs. MIA,L,240,102,35,88,0.398,16,49,0.327,16,18,0.889,12,29,41,27,8,3,12,21,-9.0
22020,1610612737,ATL,Atlanta Hawks,0022000219,2021-01-20,ATL vs. DET,W,264,123,44,100,0.44,9,23,0.391,26,38,0.684,23,40,63,21,6,10,13,15,8.0
22020,1610612748,MIA,Miami Heat,0022000220,2021-01-20,MIA @ TOR,W,240,111,39,80,0.488,18,40,0.45,15,17,0.882,8,38,46,29,4,5,18,19,9.0
22020,1610612745,HOU,Houston Rockets,0022000222,2021-01-20,HOU vs. PHX,L,239,103,37,88,0.42,10,31,0.323,19,22,0.864,7,32,39,17,11,5,16,19,-6.0
22020,1610612750,MIN,Minnesota Timberwolves,0022000221,2021-01-20,MIN vs. ORL,L,241,96,36,85,0.424,15,35,0.429,9,14,0.643,8,35,43,25,5,12,13,20,-1.0
22020,1610612744,GSW,Golden State Warriors,0022000223,2021-01-20,GSW vs. SAS,W,241,121,46,91,0.505,15,38,0.395,14,20,0.7,10,44,54,31,6,2,14,22,22.0
22020,1610612739,CLE,Cleveland Cavaliers,0022000216,2021-01-20,CLE vs. BKN,W,290,147,56,109,0.514,20,40,0.5,15,21,0.714,12,38,50,29,10,6,14,21,12.0
22020,1610612755,PHI,Philadelphia 76ers,0022000218,2021-01-20,PHI vs. BOS,W,241,117,36,78,0.462,9,27,0.333,36,45,0.8,11,30,41,20,12,3,9,20,8.0
22020,1610612742,DAL,Dallas Mavericks,0022000217,2021-01-20,DAL @ IND,W,240,124,51,97,0.526,8,27,0.296,14,17,0.824,9,40,49,32,5,6,8,17,12.0
22020,1610612759,SAS,San Antonio Spurs,0022000223,2021-01-20,SAS @ GSW,L,242,99,35,94,0.372,4,33,0.121,25,31,0.806,12,31,43,17,7,2,10,15,-22.0
22020,1610612738,BOS,Boston Celtics,0022000218,2021-01-20,BOS @ PHI,L,240,109,42,89,0.472,12,33,0.364,13,20,0.65,10,35,45,22,3,0,16,29,-8.0
22020,1610612751,BKN,Brooklyn Nets,0022000216,2021-01-20,BKN @ CLE,L,290,135,48,106,0.453,15,41,0.366,24,27,0.889,13,39,52,30,8,11,16,24,-12.0
22020,1610612746,LAC,LA Clippers,0022000224,2021-01-20,LAC vs. SAC,W,239,115,41,86,0.477,16,35,0.457,17,18,0.944,6,42,48,24,14,6,16,15,19.0
22020,1610612740,NOP,New Orleans Pelicans,0022000214,2021-01-19,NOP @ UTA,L,240,102,43,95,0.453,6,26,0.231,10,15,0.667,10,28,38,17,8,3,8,15,-16.0
22020,1610612762,UTA,Utah Jazz,0022000214,2021-01-19,UTA vs. NOP,W,240,118,43,85,0.506,21,47,0.447,11,17,0.647,11,43,54,28,4,7,14,17,16.0
22020,1610612743,DEN,Denver Nuggets,0022000213,2021-01-19,DEN vs. OKC,W,241,119,46,105,0.438,14,42,0.333,13,14,0.929,18,40,58,29,11,3,14,22,18.0
22020,1610612760,OKC,Oklahoma City Thunder,0022000213,2021-01-19,OKC @ DEN,L,241,101,36,86,0.419,14,43,0.326,15,23,0.652,9,32,41,22,8,4,19,15,-18.0
22020,1610612752,NYK,New York Knicks,0022000203,2021-01-18,NYK vs. ORL,W,240,91,31,87,0.356,5,27,0.185,24,34,0.706,13,40,53,15,6,4,6,16,7.0
22020,1610612737,ATL,Atlanta Hawks,0022000205,2021-01-18,ATL vs. MIN,W,241,108,37,79,0.468,11,28,0.393,23,25,0.92,7,41,48,32,15,8,24,17,11.0
22020,1610612750,MIN,Minnesota Timberwolves,0022000205,2021-01-18,MIN @ ATL,L,239,97,36,91,0.396,14,37,0.378,11,16,0.688,9,30,39,22,16,6,18,21,-11.0
22020,1610612751,BKN,Brooklyn Nets,0022000209,2021-01-18,BKN vs. MIL,W,241,125,46,84,0.548,15,31,0.484,18,21,0.857,7,42,49,26,2,5,17,19,2.0
22020,1610612763,MEM,Memphis Grizzlies,0022000208,2021-01-18,MEM vs. PHX,W,240,108,41,83,0.494,11,26,0.423,15,20,0.75,9,31,40,31,13,3,15,15,4.0
22020,1610612756,PHX,Phoenix Suns,0022000208,2021-01-18,PHX @ MEM,L,240,104,40,88,0.455,15,36,0.417,9,16,0.563,12,32,44,30,8,4,18,20,-4.0
22020,1610612757,POR,Portland Trail Blazers,0022000207,2021-01-18,POR vs. SAS,L,240,104,39,90,0.433,10,35,0.286,16,19,0.842,8,26,34,20,9,6,13,15,-21.0
22020,1610612753,ORL,Orlando Magic,0022000203,2021-01-18,ORL @ NYK,L,240,84,29,86,0.337,12,38,0.316,14,16,0.875,10,41,51,18,4,9,11,24,-7.0
22020,1610612748,MIA,Miami Heat,0022000206,2021-01-18,MIA vs. DET,W,240,113,43,75,0.573,12,30,0.4,15,19,0.789,5,31,36,23,8,6,18,27,6.0
22020,1610612759,SAS,San Antonio Spurs,0022000207,2021-01-18,SAS @ POR,W,241,125,48,90,0.533,15,33,0.455,14,16,0.875,12,36,48,33,6,6,12,17,21.0
22020,1610612741,CHI,Chicago Bulls,0022000211,2021-01-18,CHI vs. HOU,W,240,125,43,92,0.467,20,45,0.444,19,21,0.905,10,37,47,23,10,3,17,19,5.0
22020,1610612742,DAL,Dallas Mavericks,0022000210,2021-01-18,DAL @ TOR,L,239,93,31,82,0.378,9,36,0.25,22,27,0.815,8,30,38,21,6,4,16,16,-23.0
22020,1610612761,TOR,Toronto Raptors,0022000210,2021-01-18,TOR vs. DAL,W,240,116,44,88,0.5,12,33,0.364,16,18,0.889,9,37,46,23,9,6,14,23,23.0
22020,1610612744,GSW,Golden State Warriors,0022000212,2021-01-18,GSW @ LAL,W,240,115,44,87,0.506,12,37,0.324,15,20,0.75,5,27,32,31,8,3,13,27,2.0
22020,1610612745,HOU,Houston Rockets,0022000211,2021-01-18,HOU @ CHI,L,240,120,46,88,0.523,17,40,0.425,11,17,0.647,2,34,36,25,8,1,17,20,-5.0
22020,1610612765,DET,Detroit Pistons,0022000206,2021-01-18,DET @ MIA,L,241,107,38,82,0.463,13,37,0.351,18,24,0.75,10,22,32,24,8,3,16,23,-6.0
22020,1610612749,MIL,Milwaukee Bucks,0022000209,2021-01-18,MIL @ BKN,L,240,123,46,105,0.438,11,38,0.289,20,24,0.833,11,30,41,21,9,2,5,15,-2.0
22020,1610612747,LAL,Los Angeles Lakers,0022000212,2021-01-18,LAL vs. GSW,L,241,113,40,83,0.482,9,29,0.31,24,33,0.727,12,38,50,23,6,5,16,22,-2.0
22020,1610612746,LAC,LA Clippers,0022000202,2021-01-17,LAC vs. IND,W,240,129,48,87,0.552,19,39,0.487,14,20,0.7,9,43,52,27,4,3,16,19,33.0
22020,1610612743,DEN,Denver Nuggets,0022000200,2021-01-17,DEN vs. UTA,L,241,105,40,100,0.4,14,37,0.378,11,15,0.733,23,29,52,25,6,6,9,23,-4.0
22020,1610612762,UTA,Utah Jazz,0022000200,2021-01-17,UTA @ DEN,W,241,109,39,76,0.513,15,37,0.405,16,28,0.571,7,29,36,24,7,6,13,21,4.0
22020,1610612742,DAL,Dallas Mavericks,0022000198,2021-01-17,DAL vs. CHI,L,239,101,41,93,0.441,8,31,0.258,11,19,0.579,12,35,47,18,6,2,16,23,-16.0
22020,1610612741,CHI,Chicago Bulls,0022000198,2021-01-17,CHI @ DAL,W,240,117,43,85,0.506,7,25,0.28,24,33,0.727,5,42,47,32,14,6,13,23,16.0
22020,1610612738,BOS,Boston Celtics,0022000196,2021-01-17,BOS vs. NYK,L,239,75,25,84,0.298,7,46,0.152,18,29,0.621,14,29,43,15,10,2,17,22,-30.0
22020,1610612740,NOP,New Orleans Pelicans,0022000201,2021-01-17,NOP @ SAC,W,239,128,45,85,0.529,11,22,0.5,27,34,0.794,14,34,48,24,5,1,13,15,5.0
22020,1610612754,IND,Indiana Pacers,0022000202,2021-01-17,IND @ LAC,L,240,96,37,89,0.416,11,38,0.289,11,16,0.688,6,27,33,28,13,2,16,19,-33.0
22020,1610612752,NYK,New York Knicks,0022000196,2021-01-17,NYK @ BOS,W,239,105,38,80,0.475,12,31,0.387,17,21,0.81,10,43,53,22,11,7,16,28,30.0
22020,1610612758,SAC,Sacramento Kings,0022000201,2021-01-17,SAC vs. NOP,L,239,123,47,91,0.516,13,39,0.333,16,18,0.889,8,25,33,23,7,7,10,24,-5.0
22020,1610612753,ORL,Orlando Magic,0022000190,2021-01-16,ORL @ BKN,L,241,115,44,95,0.463,14,46,0.304,13,16,0.813,9,29,38,28,13,4,12,19,-7.0
22020,1610612759,SAS,San Antonio Spurs,0022000189,2021-01-16,SAS vs. HOU,W,241,103,40,100,0.4,5,24,0.208,18,23,0.783,17,41,58,19,10,7,12,21,12.0
22020,1610612761,TOR,Toronto Raptors,0022000191,2021-01-16,TOR vs. CHA,W,240,116,36,86,0.419,21,49,0.429,23,26,0.885,7,36,43,28,5,8,15,22,3.0
22020,1610612765,DET,Detroit Pistons,0022000192,2021-01-16,DET @ MIA,W,241,120,46,91,0.505,18,46,0.391,10,15,0.667,10,29,39,34,9,8,11,28,20.0
22020,1610612766,CHA,Charlotte Hornets,0022000191,2021-01-16,CHA @ TOR,L,240,113,38,87,0.437,15,36,0.417,22,29,0.759,12,36,48,26,6,5,14,20,-3.0
22020,1610612745,HOU,Houston Rockets,0022000189,2021-01-16,HOU @ SAS,L,240,91,31,84,0.369,12,32,0.375,17,27,0.63,12,39,51,20,6,9,22,20,-12.0
22020,1610612763,MEM,Memphis Grizzlies,0022000193,2021-01-16,MEM vs. PHI,W,240,106,43,99,0.434,8,29,0.276,12,18,0.667,11,32,43,27,15,3,11,25,2.0
22020,1610612755,PHI,Philadelphia 76ers,0022000193,2021-01-16,PHI @ MEM,L,242,104,37,84,0.44,7,25,0.28,23,32,0.719,15,38,53,23,5,11,22,17,-2.0
22020,1610612751,BKN,Brooklyn Nets,0022000190,2021-01-16,BKN vs. ORL,W,241,122,42,78,0.538,16,35,0.457,22,25,0.88,4,37,41,24,9,5,19,14,7.0
22020,1610612757,POR,Portland Trail Blazers,0022000195,2021-01-16,POR vs. ATL,W,241,112,40,103,0.388,15,44,0.341,17,20,0.85,17,38,55,18,6,8,7,20,6.0
22020,1610612737,ATL,Atlanta Hawks,0022000195,2021-01-16,ATL @ POR,L,241,106,38,87,0.437,6,30,0.2,24,28,0.857,7,41,48,24,4,6,13,22,-6.0
22020,1610612748,MIA,Miami Heat,0022000192,2021-01-16,MIA vs. DET,L,239,100,32,67,0.478,12,29,0.414,24,27,0.889,5,26,31,25,1,5,22,21,-20.0
22020,1610612749,MIL,Milwaukee Bucks,0022000182,2021-01-15,MIL vs. DAL,W,239,112,43,96,0.448,14,37,0.378,12,25,0.48,16,41,57,22,5,3,10,14,3.0
22020,1610612762,UTA,Utah Jazz,0022000186,2021-01-15,UTA vs. ATL,W,240,116,43,92,0.467,20,44,0.455,10,14,0.714,12,41,53,27,7,6,19,18,24.0
22020,1610612753,ORL,Orlando Magic,0022000180,2021-01-15,ORL @ BOS,L,241,97,38,94,0.404,7,28,0.25,14,22,0.636,15,31,46,14,5,1,11,16,-27.0
22020,1610612741,CHI,Chicago Bulls,0022000184,2021-01-15,CHI @ OKC,L,264,125,43,91,0.473,21,46,0.457,18,25,0.72,9,47,56,27,5,8,24,25,-2.0
22020,1610612760,OKC,Oklahoma City Thunder,0022000184,2021-01-15,OKC vs. CHI,W,266,127,48,105,0.457,15,45,0.333,16,24,0.667,7,37,44,26,12,2,11,23,2.0
22020,1610612739,CLE,Cleveland Cavaliers,0022000181,2021-01-15,CLE vs. NYK,W,242,106,36,79,0.456,9,27,0.333,25,34,0.735,14,34,48,26,9,6,15,18,3.0
22020,1610612740,NOP,New Orleans Pelicans,0022000187,2021-01-15,NOP @ LAL,L,241,95,41,86,0.477,9,29,0.31,4,8,0.5,10,37,47,22,3,5,20,21,-17.0
22020,1610612758,SAC,Sacramento Kings,0022000188,2021-01-15,SAC vs. LAC,L,240,100,40,85,0.471,8,26,0.308,12,17,0.706,9,23,32,23,4,2,14,16,-38.0
22020,1610612738,BOS,Boston Celtics,0022000180,2021-01-15,BOS vs. ORL,W,239,124,45,88,0.511,17,42,0.405,17,19,0.895,6,39,45,25,7,4,10,18,27.0
22020,1610612742,DAL,Dallas Mavericks,0022000182,2021-01-15,DAL @ MIL,L,240,109,45,97,0.464,13,36,0.361,6,13,0.462,11,40,51,22,5,6,9,23,-3.0
22020,1610612746,LAC,LA Clippers,0022000188,2021-01-15,LAC @ SAC,W,241,138,52,89,0.584,18,35,0.514,16,20,0.8,12,35,47,29,10,3,9,19,38.0
22020,1610612737,ATL,Atlanta Hawks,0022000186,2021-01-15,ATL @ UTA,L,240,92,38,92,0.413,5,28,0.179,11,15,0.733,8,33,41,21,6,1,15,16,-24.0
22020,1610612752,NYK,New York Knicks,0022000181,2021-01-15,NYK @ CLE,L,240,103,40,82,0.488,9,25,0.36,14,16,0.875,7,32,39,20,9,10,12,21,-3.0
22020,1610612747,LAL,Los Angeles Lakers,0022000187,2021-01-15,LAL vs. NOP,W,239,112,39,93,0.419,15,37,0.405,19,26,0.731,13,31,44,31,11,6,6,16,17.0
22020,1610612745,HOU,Houston Rockets,0022000176,2021-01-14,HOU @ SAS,W,240,109,42,86,0.488,13,33,0.394,12,19,0.632,10,39,49,25,6,6,18,16,4.0
22020,1610612759,SAS,San Antonio Spurs,0022000176,2021-01-14,SAS vs. HOU,L,238,105,42,92,0.457,9,31,0.29,12,16,0.75,10,31,41,26,10,4,10,17,-4.0
22020,1610612757,POR,Portland Trail Blazers,0022000178,2021-01-14,POR vs. IND,L,240,87,32,87,0.368,13,43,0.302,10,10,1.0,14,29,43,16,8,5,18,22,-24.0
22020,1610612744,GSW,Golden State Warriors,0022000177,2021-01-14,GSW @ DEN,L,240,104,38,81,0.469,11,29,0.379,17,24,0.708,5,38,43,29,9,4,19,25,-10.0
22020,1610612743,DEN,Denver Nuggets,0022000177,2021-01-14,DEN vs. GSW,W,240,114,41,90,0.456,11,37,0.297,21,27,0.778,10,40,50,29,11,5,13,23,10.0
22020,1610612755,PHI,Philadelphia 76ers,0022000174,2021-01-14,PHI vs. MIA,W,239,125,44,82,0.537,17,37,0.459,20,24,0.833,5,30,35,27,15,3,18,22,17.0
22020,1610612748,MIA,Miami Heat,0022000174,2021-01-14,MIA @ PHI,L,241,108,40,81,0.494,12,34,0.353,16,26,0.615,9,32,41,28,4,1,20,19,-17.0
22020,1610612766,CHA,Charlotte Hornets,0022000175,2021-01-14,CHA @ TOR,L,240,108,42,87,0.483,15,35,0.429,9,12,0.75,14,30,44,32,11,5,18,15,-3.0
22020,1610612761,TOR,Toronto Raptors,0022000175,2021-01-14,TOR vs. CHA,W,242,111,40,88,0.455,20,50,0.4,11,13,0.846,13,27,40,33,13,6,17,16,3.0
22020,1610612754,IND,Indiana Pacers,0022000178,2021-01-14,IND @ POR,W,238,111,44,92,0.478,9,30,0.3,14,18,0.778,13,37,50,29,11,5,12,13,24.0
22020,1610612746,LAC,LA Clippers,0022000172,2021-01-13,LAC vs. NOP,W,241,111,35,74,0.473,18,37,0.486,23,27,0.852,3,33,36,26,4,6,10,16,5.0
22020,1610612752,NYK,New York Knicks,0022000168,2021-01-13,NYK vs. BKN,L,240,109,44,92,0.478,11,28,0.393,10,12,0.833,12,31,43,22,4,3,9,16,-7.0
22020,1610612740,NOP,New Orleans Pelicans,0022000172,2021-01-13,NOP @ LAC,L,239,106,42,88,0.477,10,28,0.357,12,16,0.75,12,36,48,18,4,4,9,19,-5.0
22020,1610612747,LAL,Los Angeles Lakers,0022000170,2021-01-13,LAL @ OKC,W,239,128,47,95,0.495,17,37,0.459,17,22,0.773,12,38,50,26,6,6,9,16,29.0
22020,1610612758,SAC,Sacramento Kings,0022000173,2021-01-13,SAC vs. POR,L,239,126,44,84,0.524,19,38,0.5,19,26,0.731,8,34,42,35,4,2,13,18,-6.0
22020,1610612765,DET,Detroit Pistons,0022000165,2021-01-13,DET vs. MIL,L,240,101,36,92,0.391,14,35,0.4,15,22,0.682,13,34,47,25,8,3,16,19,-9.0
22020,1610612742,DAL,Dallas Mavericks,0022000164,2021-01-13,DAL @ CHA,W,239,104,40,96,0.417,15,46,0.326,9,16,0.563,13,41,54,22,8,12,10,15,11.0
22020,1610612766,CHA,Charlotte Hornets,0022000164,2021-01-13,CHA vs. DAL,L,239,93,38,100,0.38,10,38,0.263,7,14,0.5,15,38,53,26,8,7,11,17,-11.0
22020,1610612760,OKC,Oklahoma City Thunder,0022000170,2021-01-13,OKC vs. LAL,L,241,99,37,86,0.43,10,31,0.323,15,19,0.789,9,33,42,23,4,6,11,21,-29.0
22020,1610612750,MIN,Minnesota Timberwolves,0022000169,2021-01-13,MIN vs. MEM,L,240,107,39,90,0.433,9,37,0.243,20,24,0.833,11,37,48,27,3,6,12,18,-11.0
22020,1610612749,MIL,Milwaukee Bucks,0022000165,2021-01-13,MIL @ DET,W,241,110,41,85,0.482,19,43,0.442,9,14,0.643,10,38,48,31,10,9,14,20,9.0
22020,1610612757,POR,Portland Trail Blazers,0022000173,2021-01-13,POR @ SAC,W,239,132,44,90,0.489,23,48,0.479,21,27,0.778,12,26,38,28,9,8,8,24,6.0
22020,1610612763,MEM,Memphis Grizzlies,0022000169,2021-01-13,MEM @ MIN,W,242,118,50,106,0.472,8,25,0.32,10,13,0.769,15,32,47,33,11,5,7,24,11.0
22020,1610612751,BKN,Brooklyn Nets,0022000168,2021-01-13,BKN @ NYK,W,240,116,44,91,0.484,16,40,0.4,12,17,0.706,12,34,46,29,3,5,6,12,7.0
22020,1610612745,HOU,Houston Rockets,0022000161,2021-01-12,HOU vs. LAL,L,240,100,38,97,0.392,12,40,0.3,12,16,0.75,10,32,42,23,14,5,13,19,-17.0
22020,1610612762,UTA,Utah Jazz,0022000159,2021-01-12,UTA @ CLE,W,241,117,42,84,0.5,24,45,0.533,9,12,0.75,10,38,48,26,8,8,16,16,30.0
22020,1610612743,DEN,Denver Nuggets,0022000158,2021-01-12,DEN @ BKN,L,240,116,44,88,0.5,18,37,0.486,10,16,0.625,9,23,32,28,12,5,13,18,-6.0
22020,1610612759,SAS,San Antonio Spurs,0022000162,2021-01-12,SAS @ OKC,W,240,112,41,95,0.432,10,35,0.286,20,22,0.909,7,39,46,26,8,5,4,20,10.0
22020,1610612754,IND,Indiana Pacers,0022000163,2021-01-12,IND @ GSW,W,241,104,39,88,0.443,9,28,0.321,17,25,0.68,10,40,50,26,9,9,14,17,9.0
22020,1610612755,PHI,Philadelphia 76ers,0022000157,2021-01-12,PHI vs. MIA,W,265,137,50,102,0.49,19,55,0.345,18,25,0.72,16,36,52,32,10,6,17,21,3.0
22020,1610612751,BKN,Brooklyn Nets,0022000158,2021-01-12,BKN vs. DEN,W,242,122,48,79,0.608,16,32,0.5,10,15,0.667,8,33,41,31,6,6,18,18,6.0
22020,1610612760,OKC,Oklahoma City Thunder,0022000162,2021-01-12,OKC vs. SAS,L,240,102,36,83,0.434,7,26,0.269,23,29,0.793,7,45,52,18,1,5,13,20,-10.0
22020,1610612744,GSW,Golden State Warriors,0022000163,2021-01-12,GSW vs. IND,L,240,95,34,89,0.382,13,38,0.342,14,22,0.636,10,36,46,25,8,8,15,21,-9.0
22020,1610612748,MIA,Miami Heat,0022000157,2021-01-12,MIA @ PHI,L,265,134,48,104,0.462,19,56,0.339,19,24,0.792,14,32,46,27,6,4,18,21,-3.0
22020,1610612747,LAL,Los Angeles Lakers,0022000161,2021-01-12,LAL @ HOU,W,240,117,42,84,0.5,14,32,0.438,19,27,0.704,11,44,55,26,10,12,20,18,17.0
22020,1610612739,CLE,Cleveland Cavaliers,0022000159,2021-01-12,CLE vs. UTA,L,241,87,35,90,0.389,8,31,0.258,9,14,0.643,12,28,40,23,7,4,12,13,-30.0
22020,1610612764,WAS,Washington Wizards,0022000152,2021-01-11,WAS vs. PHX,W,239,128,48,92,0.522,15,34,0.441,17,28,0.607,14,39,53,29,3,3,7,23,21.0
22020,1610612752,NYK,New York Knicks,0022000149,2021-01-11,NYK @ CHA,L,240,88,34,87,0.391,9,37,0.243,11,17,0.647,17,32,49,20,6,6,16,23,-21.0
22020,1610612756,PHX,Phoenix Suns,0022000152,2021-01-11,PHX @ WAS,L,239,107,39,87,0.448,4,27,0.148,25,30,0.833,8,34,42,21,3,6,6,22,-21.0
22020,1610612763,MEM,Memphis Grizzlies,0022000150,2021-01-11,MEM @ CLE,W,241,101,40,78,0.513,5,20,0.25,16,21,0.762,7,33,40,32,10,6,15,17,10.0
22020,1610612753,ORL,Orlando Magic,0022000151,2021-01-11,ORL vs. MIL,L,239,99,39,91,0.429,11,31,0.355,10,13,0.769,15,29,44,24,5,4,18,13,-22.0
22020,1610612737,ATL,Atlanta Hawks,0022000153,2021-01-11,ATL vs. PHI,W,240,112,37,99,0.374,17,44,0.386,21,27,0.778,14,44,58,20,7,3,8,13,18.0
22020,1610612758,SAC,Sacramento Kings,0022000156,2021-01-11,SAC vs. IND,W,241,127,47,84,0.56,15,32,0.469,18,23,0.783,7,37,44,29,6,9,18,17,5.0
22020,1610612757,POR,Portland Trail Blazers,0022000155,2021-01-11,POR vs. TOR,W,241,112,38,83,0.458,14,42,0.333,22,25,0.88,8,34,42,18,9,6,13,14,1.0
22020,1610612749,MIL,Milwaukee Bucks,0022000151,2021-01-11,MIL @ ORL,W,241,121,46,91,0.505,13,35,0.371,16,20,0.8,11,32,43,25,15,7,14,17,22.0
22020,1610612754,IND,Indiana Pacers,0022000156,2021-01-11,IND @ SAC,L,239,122,47,97,0.485,13,39,0.333,15,18,0.833,10,27,37,26,14,3,12,21,-5.0
22020,1610612739,CLE,Cleveland Cavaliers,0022000150,2021-01-11,CLE vs. MEM,L,241,91,37,82,0.451,11,26,0.423,6,14,0.429,10,30,40,20,11,7,17,21,-10.0
22020,1610612766,CHA,Charlotte Hornets,0022000149,2021-01-11,CHA vs. NYK,W,239,109,38,78,0.487,13,32,0.406,20,23,0.87,5,32,37,28,8,8,10,13,21.0
22020,1610612755,PHI,Philadelphia 76ers,0022000153,2021-01-11,PHI @ ATL,L,241,94,37,92,0.402,8,36,0.222,12,13,0.923,9,41,50,20,2,12,9,17,-18.0
22020,1610612761,TOR,Toronto Raptors,0022000155,2021-01-11,TOR @ POR,L,241,111,40,89,0.449,19,47,0.404,12,12,1.0,7,36,43,27,6,5,15,22,-1.0
22020,1610612741,CHI,Chicago Bulls,0022000142,2021-01-10,CHI @ LAC,L,240,127,47,77,0.61,18,33,0.545,15,17,0.882,3,35,38,30,6,2,22,19,-3.0
22020,1610612761,TOR,Toronto Raptors,0022000148,2021-01-10,TOR @ GSW,L,239,105,39,96,0.406,13,38,0.342,14,22,0.636,13,35,48,20,8,10,10,22,-1.0
22020,1610612765,DET,Detroit Pistons,0022000141,2021-01-10,DET vs. UTA,L,239,86,29,87,0.333,10,42,0.238,18,21,0.857,11,28,39,21,10,7,7,23,-10.0
22020,1610612762,UTA,Utah Jazz,0022000141,2021-01-10,UTA @ DET,W,240,96,35,82,0.427,11,35,0.314,15,22,0.682,16,47,63,17,3,5,13,17,10.0
22020,1610612745,HOU,Houston Rockets,0022000146,2021-01-10,HOU vs. LAL,L,240,102,37,90,0.411,12,41,0.293,16,23,0.696,13,30,43,22,7,8,21,22,-18.0
22020,1610612760,OKC,Oklahoma City Thunder,0022000143,2021-01-10,OKC @ BKN,W,240,129,49,90,0.544,15,39,0.385,16,17,0.941,3,31,34,24,12,4,10,22,13.0
22020,1610612752,NYK,New York Knicks,0022000144,2021-01-10,NYK vs. DEN,L,239,89,32,74,0.432,6,21,0.286,19,25,0.76,8,28,36,19,4,1,16,15,-25.0
22020,1610612759,SAS,San Antonio Spurs,0022000147,2021-01-10,SAS @ MIN,L,240,88,36,94,0.383,8,30,0.267,8,14,0.571,9,36,45,21,4,5,10,16,-8.0
22020,1610612747,LAL,Los Angeles Lakers,0022000146,2021-01-10,LAL @ HOU,W,241,120,46,91,0.505,10,29,0.345,18,24,0.75,10,39,49,28,13,8,16,23,18.0
22020,1610612744,GSW,Golden State Warriors,0022000148,2021-01-10,GSW vs. TOR,W,240,106,38,93,0.409,13,46,0.283,17,19,0.895,12,39,51,30,2,10,15,18,1.0
22020,1610612750,MIN,Minnesota Timberwolves,0022000147,2021-01-10,MIN vs. SAS,W,239,96,34,81,0.42,9,26,0.346,19,23,0.826,9,43,52,19,6,3,13,17,8.0
22020,1610612751,BKN,Brooklyn Nets,0022000143,2021-01-10,BKN vs. OKC,L,241,116,43,85,0.506,10,34,0.294,20,24,0.833,6,37,43,23,3,2,17,18,-13.0
22020,1610612746,LAC,LA Clippers,0022000142,2021-01-10,LAC vs. CHI,W,240,130,45,92,0.489,20,38,0.526,20,25,0.8,12,23,35,28,13,5,10,19,3.0
22020,1610612743,DEN,Denver Nuggets,0022000144,2021-01-10,DEN @ NYK,W,241,114,45,84,0.536,15,35,0.429,9,12,0.75,8,35,43,23,11,4,12,25,25.0
22020,1610612748,MIA,Miami Heat,0022000136,2021-01-09,MIA @ WAS,W,242,128,46,93,0.495,16,43,0.372,20,26,0.769,10,51,61,32,3,5,16,24,4.0
22020,1610612739,CLE,Cleveland Cavaliers,0022000137,2021-01-09,CLE @ MIL,L,241,90,36,87,0.414,7,26,0.269,11,16,0.688,14,33,47,16,6,4,15,18,-10.0
22020,1610612754,IND,Indiana Pacers,0022000135,2021-01-09,IND vs. PHX,L,239,117,44,92,0.478,12,29,0.414,17,24,0.708,13,39,52,23,2,4,10,19,-8.0
22020,1610612758,SAC,Sacramento Kings,0022000140,2021-01-09,SAC vs. POR,L,241,99,33,81,0.407,8,30,0.267,25,35,0.714,6,41,47,21,4,5,15,20,-26.0
22020,1610612753,ORL,Orlando Magic,0022000139,2021-01-09,ORL @ DAL,L,241,98,38,89,0.427,6,31,0.194,16,22,0.727,10,33,43,17,11,2,9,16,-14.0
22020,1610612737,ATL,Atlanta Hawks,0022000134,2021-01-09,ATL @ CHA,L,241,105,34,89,0.382,14,45,0.311,23,28,0.821,17,30,47,25,10,4,14,22,-8.0
22020,1610612764,WAS,Washington Wizards,0022000136,2021-01-09,WAS vs. MIA,L,240,124,44,99,0.444,15,40,0.375,21,28,0.75,7,32,39,25,9,2,6,24,-4.0
22020,1610612750,MIN,Minnesota Timberwolves,0022000138,2021-01-09,MIN vs. SAS,L,266,122,48,96,0.5,15,30,0.5,11,17,0.647,11,42,53,29,1,7,16,20,-3.0
22020,1610612757,POR,Portland Trail Blazers,0022000140,2021-01-09,POR @ SAC,W,243,125,44,100,0.44,17,41,0.415,20,23,0.87,9,41,50,26,10,5,8,27,26.0
22020,1610612766,CHA,Charlotte Hornets,0022000134,2021-01-09,CHA vs. ATL,W,238,113,40,77,0.519,15,33,0.455,18,24,0.75,6,35,41,27,11,7,15,19,8.0
22020,1610612742,DAL,Dallas Mavericks,0022000139,2021-01-09,DAL vs. ORL,W,239,112,39,79,0.494,20,40,0.5,14,18,0.778,6,38,44,25,5,8,17,17,14.0
22020,1610612759,SAS,San Antonio Spurs,0022000138,2021-01-09,SAS @ MIN,W,266,125,44,101,0.436,13,32,0.406,24,29,0.828,12,36,48,22,8,3,6,19,3.0
22020,1610612749,MIL,Milwaukee Bucks,0022000137,2021-01-09,MIL vs. CLE,W,239,100,37,84,0.44,12,36,0.333,14,18,0.778,11,34,45,25,11,4,15,14,10.0
22020,1610612755,PHI,Philadelphia 76ers,0022000133,2021-01-09,PHI vs. DEN,L,240,103,43,103,0.417,11,35,0.314,6,10,0.6,20,28,48,23,8,4,16,19,-12.0
22020,1610612743,DEN,Denver Nuggets,0022000133,2021-01-09,DEN @ PHI,W,239,115,45,90,0.5,12,33,0.364,13,15,0.867,15,30,45,28,11,7,17,12,12.0
22020,1610612756,PHX,Phoenix Suns,0022000135,2021-01-09,PHX @ IND,W,239,125,46,94,0.489,16,41,0.39,17,17,1.0,4,36,40,33,6,2,2,17,8.0
22020,1610612763,MEM,Memphis Grizzlies,0022000128,2021-01-08,MEM vs. BKN,W,241,115,45,98,0.459,13,32,0.406,12,14,0.857,12,34,46,29,14,6,12,18,5.0
22020,1610612764,WAS,Washington Wizards,0022000124,2021-01-08,WAS @ BOS,L,239,107,41,88,0.466,11,29,0.379,14,16,0.875,7,31,38,22,9,4,17,24,-9.0
22020,1610612760,OKC,Oklahoma City Thunder,0022000125,2021-01-08,OKC @ NYK,W,238,101,38,87,0.437,11,34,0.324,14,21,0.667,11,51,62,16,2,7,11,19,12.0
22020,1610612746,LAC,LA Clippers,0022000130,2021-01-08,LAC @ GSW,L,240,105,40,83,0.482,14,31,0.452,11,13,0.846,10,27,37,23,6,5,18,16,-10.0
22020,1610612740,NOP,New Orleans Pelicans,0022000126,2021-01-08,NOP vs. CHA,L,240,110,38,77,0.494,15,38,0.395,19,26,0.731,10,26,36,29,6,4,19,17,-8.0
22020,1610612751,BKN,Brooklyn Nets,0022000128,2021-01-08,BKN @ MEM,L,240,110,38,81,0.469,14,31,0.452,20,21,0.952,4,38,42,26,6,4,20,13,-5.0
22020,1610612745,HOU,Houston Rockets,0022000127,2021-01-08,HOU vs. ORL,W,241,132,51,91,0.56,22,47,0.468,8,11,0.727,7,42,49,34,6,8,8,18,42.0
22020,1610612766,CHA,Charlotte Hornets,0022000126,2021-01-08,CHA @ NOP,W,241,118,41,87,0.471,16,42,0.381,20,25,0.8,16,29,45,33,10,4,14,20,8.0
22020,1610612758,SAC,Sacramento Kings,0022000132,2021-01-08,SAC vs. TOR,L,241,123,46,81,0.568,15,34,0.441,16,28,0.571,3,23,26,36,9,8,11,18,-21.0
22020,1610612765,DET,Detroit Pistons,0022000123,2021-01-08,DET vs. PHX,W,265,110,37,90,0.411,11,34,0.324,25,29,0.862,9,37,46,23,13,4,14,14,5.0
22020,1610612744,GSW,Golden State Warriors,0022000130,2021-01-08,GSW vs. LAC,W,240,115,40,82,0.488,20,41,0.488,15,18,0.833,9,29,38,25,13,3,15,19,10.0
22020,1610612753,ORL,Orlando Magic,0022000127,2021-01-08,ORL @ HOU,L,240,90,34,89,0.382,8,29,0.276,14,16,0.875,9,33,42,17,5,2,12,13,-42.0
22020,1610612738,BOS,Boston Celtics,0022000124,2021-01-08,BOS vs. WAS,W,240,116,41,86,0.477,12,32,0.375,22,30,0.733,11,38,49,21,11,4,21,22,9.0
22020,1610612752,NYK,New York Knicks,0022000125,2021-01-08,NYK vs. OKC,L,239,89,34,96,0.354,9,27,0.333,12,20,0.6,11,38,49,19,8,7,4,19,-12.0
22020,1610612756,PHX,Phoenix Suns,0022000123,2021-01-08,PHX @ DET,L,265,105,41,91,0.451,17,52,0.327,6,13,0.462,9,41,50,24,10,7,21,25,-5.0
22020,1610612749,MIL,Milwaukee Bucks,0022000129,2021-01-08,MIL vs. UTA,L,240,118,44,98,0.449,13,42,0.31,17,21,0.81,9,36,45,18,5,5,12,19,-13.0
22020,1610612761,TOR,Toronto Raptors,0022000132,2021-01-08,TOR @ SAC,W,239,144,53,91,0.582,20,39,0.513,18,22,0.818,12,32,44,30,8,5,12,20,21.0
22020,1610612762,UTA,Utah Jazz,0022000129,2021-01-08,UTA @ MIL,W,238,131,49,97,0.505,25,53,0.472,8,13,0.615,10,40,50,31,6,8,10,18,13.0
22020,1610612747,LAL,Los Angeles Lakers,0022000131,2021-01-08,LAL vs. CHI,W,240,117,41,81,0.506,12,29,0.414,23,27,0.852,10,32,42,21,3,8,15,15,2.0
22020,1610612741,CHI,Chicago Bulls,0022000131,2021-01-08,CHI @ LAL,L,240,115,46,91,0.505,10,26,0.385,13,14,0.929,9,32,41,26,10,3,12,23,-2.0
22020,1610612750,MIN,Minnesota Timberwolves,0022000122,2021-01-07,MIN @ POR,L,242,117,39,93,0.419,14,41,0.341,25,33,0.758,15,33,48,24,11,4,16,19,-18.0
22020,1610612759,SAS,San Antonio Spurs,0022000121,2021-01-07,SAS @ LAL,W,240,118,43,92,0.467,16,35,0.457,16,17,0.941,6,34,40,28,4,3,6,15,9.0
22020,1610612763,MEM,Memphis Grizzlies,0022000119,2021-01-07,MEM vs. CLE,L,240,90,36,83,0.434,11,31,0.355,7,8,0.875,11,37,48,27,13,6,18,17,-4.0
22020,1610612743,DEN,Denver Nuggets,0022000120,2021-01-07,DEN vs. DAL,L,265,117,43,97,0.443,15,44,0.341,16,21,0.762,9,38,47,25,8,1,13,27,-7.0
22020,1610612755,PHI,Philadelphia 76ers,0022000118,2021-01-07,PHI @ BKN,L,239,109,41,87,0.471,9,26,0.346,18,20,0.9,4,43,47,23,6,6,20,25,-13.0
22020,1610612739,CLE,Cleveland Cavaliers,0022000119,2021-01-07,CLE @ MEM,W,239,94,36,79,0.456,13,30,0.433,9,16,0.563,7,30,37,24,11,3,15,14,4.0
22020,1610612742,DAL,Dallas Mavericks,0022000120,2021-01-07,DAL @ DEN,W,265,124,42,87,0.483,16,40,0.4,24,31,0.774,7,37,44,27,12,7,13,21,7.0
22020,1610612757,POR,Portland Trail Blazers,0022000122,2021-01-07,POR vs. MIN,W,240,135,49,90,0.544,18,41,0.439,19,23,0.826,6,38,44,25,10,6,15,23,18.0
22020,1610612751,BKN,Brooklyn Nets,0022000118,2021-01-07,BKN vs. PHI,W,239,122,44,97,0.454,15,37,0.405,19,29,0.655,11,37,48,30,11,7,12,17,13.0
22020,1610612747,LAL,Los Angeles Lakers,0022000121,2021-01-07,LAL vs. SAS,L,240,109,43,86,0.5,10,30,0.333,13,21,0.619,9,39,48,21,2,4,13,20,-9.0
22020,1610612762,UTA,Utah Jazz,0022000112,2021-01-06,UTA @ NYK,L,240,100,40,91,0.44,14,44,0.318,6,11,0.545,10,32,42,20,5,9,14,15,-12.0
22020,1610612755,PHI,Philadelphia 76ers,0022000109,2021-01-06,PHI vs. WAS,W,240,141,50,81,0.617,18,29,0.621,23,33,0.697,1,34,35,33,9,6,16,21,5.0
22020,1610612761,TOR,Toronto Raptors,0022000115,2021-01-06,TOR @ PHX,L,240,115,39,79,0.494,14,35,0.4,23,32,0.719,10,32,42,18,6,5,12,19,-8.0
22020,1610612765,DET,Detroit Pistons,0022000113,2021-01-06,DET @ MIL,L,240,115,38,97,0.392,13,41,0.317,26,30,0.867,15,32,47,20,6,3,9,20,-15.0
22020,1610612766,CHA,Charlotte Hornets,0022000110,2021-01-06,CHA @ ATL,W,240,102,32,85,0.376,11,36,0.306,27,33,0.818,8,41,49,22,11,7,9,14,8.0
22020,1610612738,BOS,Boston Celtics,0022000111,2021-01-06,BOS @ MIA,W,241,107,42,99,0.424,12,35,0.343,11,12,0.917,16,37,53,22,7,5,7,23,2.0
22020,1610612756,PHX,Phoenix Suns,0022000115,2021-01-06,PHX vs. TOR,W,240,123,40,83,0.482,21,40,0.525,22,24,0.917,8,33,41,30,4,3,10,23,8.0
22020,1610612753,ORL,Orlando Magic,0022000108,2021-01-06,ORL vs. CLE,W,240,105,40,81,0.494,12,29,0.414,13,18,0.722,8,35,43,20,4,4,15,22,11.0
22020,1610612740,NOP,New Orleans Pelicans,0022000114,2021-01-06,NOP vs. OKC,L,240,110,44,89,0.494,4,22,0.182,18,23,0.783,9,43,52,25,11,0,15,18,-1.0
22020,1610612739,CLE,Cleveland Cavaliers,0022000108,2021-01-06,CLE @ ORL,L,241,94,36,85,0.424,4,26,0.154,18,26,0.692,13,32,45,24,9,4,10,19,-11.0
22020,1610612744,GSW,Golden State Warriors,0022000116,2021-01-06,GSW vs. LAC,L,239,101,39,86,0.453,8,30,0.267,15,19,0.789,8,27,35,25,10,2,13,21,-7.0
22020,1610612764,WAS,Washington Wizards,0022000109,2021-01-06,WAS @ PHI,L,240,136,47,94,0.5,16,37,0.432,26,35,0.743,9,26,35,27,9,2,13,27,-5.0
22020,1610612754,IND,Indiana Pacers,0022000107,2021-01-06,IND vs. HOU,W,240,114,42,89,0.472,9,23,0.391,21,26,0.808,7,31,38,21,10,9,9,21,7.0
22020,1610612749,MIL,Milwaukee Bucks,0022000113,2021-01-06,MIL vs. DET,W,239,130,49,90,0.544,19,43,0.442,13,21,0.619,9,38,47,35,5,4,14,22,15.0
22020,1610612760,OKC,Oklahoma City Thunder,0022000114,2021-01-06,OKC @ NOP,W,241,111,40,87,0.46,19,46,0.413,12,16,0.75,4,34,38,28,10,5,14,18,1.0
22020,1610612746,LAC,LA Clippers,0022000116,2021-01-06,LAC @ GSW,W,241,108,36,81,0.444,11,34,0.324,25,25,1.0,12,36,48,19,6,3,19,26,7.0
22020,1610612745,HOU,Houston Rockets,0022000107,2021-01-06,HOU @ IND,L,240,107,39,81,0.481,8,30,0.267,21,26,0.808,5,34,39,19,7,12,16,22,-7.0
22020,1610612758,SAC,Sacramento Kings,0022000117,2021-01-06,SAC vs. CHI,W,239,128,47,91,0.516,14,37,0.378,20,27,0.741,12,27,39,30,8,3,7,16,4.0
22020,1610612748,MIA,Miami Heat,0022000111,2021-01-06,MIA vs. BOS,L,240,105,35,81,0.432,13,36,0.361,22,26,0.846,6,36,42,26,2,7,8,15,-2.0
22020,1610612741,CHI,Chicago Bulls,0022000117,2021-01-06,CHI @ SAC,L,240,124,49,93,0.527,14,40,0.35,12,15,0.8,10,33,43,27,3,2,14,21,-4.0
22020,1610612737,ATL,Atlanta Hawks,0022000110,2021-01-06,ATL vs. CHA,L,239,94,36,96,0.375,7,40,0.175,15,18,0.833,12,45,57,25,6,1,13,25,-8.0
22020,1610612752,NYK,New York Knicks,0022000112,2021-01-06,NYK vs. UTA,W,240,112,45,87,0.517,8,22,0.364,14,19,0.737,11,37,48,22,10,5,12,17,12.0
22020,1610612757,POR,Portland Trail Blazers,0022000106,2021-01-05,POR vs. CHI,L,241,108,39,94,0.415,19,51,0.373,11,17,0.647,10,36,46,23,8,3,11,16,1.0
22020,1610612747,LAL,Los Angeles Lakers,0022000103,2021-01-05,LAL @ MEM,W,239,94,38,87,0.437,9,31,0.29,9,11,0.818,9,43,52,24,7,8,17,14,2.0
22020,1610612763,MEM,Memphis Grizzlies,0022000103,2021-01-05,MEM vs. LAL,L,242,92,36,87,0.414,10,26,0.385,10,13,0.769,5,33,38,24,14,4,13,14,-2.0
22020,1610612746,LAC,LA Clippers,0022000105,2021-01-05,LAC vs. SAS,L,241,113,43,86,0.5,15,35,0.429,12,13,0.923,7,38,45,29,6,7,13,16,-3.0
22020,1610612743,DEN,Denver Nuggets,0022000104,2021-01-05,DEN vs. MIN,W,241,123,41,79,0.519,8,25,0.32,33,45,0.733,10,32,42,22,9,2,14,27,7.0
22020,1610612750,MIN,Minnesota Timberwolves,0022000104,2021-01-05,MIN @ DEN,L,239,116,42,91,0.462,11,34,0.324,21,27,0.778,10,32,42,24,8,4,14,31,-7.0
22020,1610612759,SAS,San Antonio Spurs,0022000105,2021-01-05,SAS @ LAC,W,241,116,44,96,0.458,20,40,0.5,8,11,0.727,11,33,44,23,9,3,10,13,3.0
22020,1610612762,UTA,Utah Jazz,0022000102,2021-01-05,UTA @ BKN,L,241,96,33,86,0.384,11,34,0.324,19,27,0.704,9,32,41,17,6,3,15,18,-34.0
22020,1610612741,CHI,Chicago Bulls,0022000106,2021-01-05,CHI @ POR,W,240,111,40,91,0.44,16,41,0.39,15,18,0.833,11,41,52,27,5,5,15,19,3.0
22020,1610612751,BKN,Brooklyn Nets,0022000102,2021-01-05,BKN vs. UTA,W,239,130,52,93,0.559,14,36,0.389,12,16,0.75,8,43,51,31,11,5,12,22,34.0
22020,1610612742,DAL,Dallas Mavericks,0022000098,2021-01-04,DAL @ HOU,W,241,113,39,82,0.476,16,39,0.41,19,20,0.95,10,41,51,24,4,3,15,31,13.0
22020,1610612739,CLE,Cleveland Cavaliers,0022000093,2021-01-04,CLE @ ORL,L,241,83,33,85,0.388,10,28,0.357,7,12,0.583,9,26,35,20,12,4,14,14,-20.0
22020,1610612761,TOR,Toronto Raptors,0022000097,2021-01-04,TOR vs. BOS,L,240,114,36,90,0.4,13,37,0.351,29,38,0.763,8,29,37,20,13,4,10,26,-12.0
22020,1610612749,MIL,Milwaukee Bucks,0022000099,2021-01-04,MIL vs. DET,W,241,125,49,85,0.576,14,34,0.412,13,16,0.813,7,42,49,32,6,4,19,18,10.0
22020,1610612745,HOU,Houston Rockets,0022000098,2021-01-04,HOU vs. DAL,L,240,100,30,77,0.39,11,40,0.275,29,36,0.806,7,28,35,17,5,4,12,19,-13.0
22020,1610612754,IND,Indiana Pacers,0022000100,2021-01-04,IND @ NOP,W,267,118,45,93,0.484,19,45,0.422,9,13,0.692,5,37,42,32,10,8,14,27,2.0
22020,1610612738,BOS,Boston Celtics,0022000097,2021-01-04,BOS @ TOR,W,240,126,41,84,0.488,15,29,0.517,29,34,0.853,12,44,56,19,3,9,19,29,12.0
22020,1610612758,SAC,Sacramento Kings,0022000101,2021-01-04,SAC @ GSW,L,242,106,34,90,0.378,10,35,0.286,28,39,0.718,11,41,52,20,5,6,14,20,-31.0
22020,1610612737,ATL,Atlanta Hawks,0022000095,2021-01-04,ATL vs. NYK,L,240,108,40,87,0.46,10,31,0.323,18,23,0.783,10,30,40,24,4,2,12,21,-5.0
22020,1610612765,DET,Detroit Pistons,0022000099,2021-01-04,DET @ MIL,L,240,115,43,98,0.439,17,40,0.425,12,12,1.0,6,25,31,27,9,5,8,17,-10.0
22020,1610612740,NOP,New Orleans Pelicans,0022000100,2021-01-04,NOP vs. IND,L,265,116,44,101,0.436,9,27,0.333,19,24,0.792,16,41,57,26,5,4,18,20,-2.0
22020,1610612766,CHA,Charlotte Hornets,0022000094,2021-01-04,CHA @ PHI,L,239,101,36,86,0.419,13,39,0.333,16,22,0.727,8,39,47,30,4,4,16,24,-17.0
22020,1610612760,OKC,Oklahoma City Thunder,0022000096,2021-01-04,OKC @ MIA,L,240,90,29,79,0.367,13,48,0.271,19,27,0.704,6,32,38,20,6,4,15,15,-28.0
22020,1610612755,PHI,Philadelphia 76ers,0022000094,2021-01-04,PHI vs. CHA,W,242,118,46,95,0.484,11,32,0.344,15,23,0.652,14,41,55,34,7,5,10,21,17.0
22020,1610612748,MIA,Miami Heat,0022000096,2021-01-04,MIA vs. OKC,W,241,118,46,81,0.568,16,34,0.471,10,18,0.556,4,43,47,34,7,0,14,20,28.0
22020,1610612753,ORL,Orlando Magic,0022000093,2021-01-04,ORL vs. CLE,W,239,103,38,88,0.432,15,34,0.441,12,13,0.923,18,36,54,22,9,7,19,15,20.0
22020,1610612752,NYK,New York Knicks,0022000095,2021-01-04,NYK @ ATL,W,240,113,43,85,0.506,7,21,0.333,20,25,0.8,11,34,45,26,9,6,15,21,5.0
22020,1610612744,GSW,Golden State Warriors,0022000101,2021-01-04,GSW vs. SAC,W,240,137,51,97,0.526,23,43,0.535,12,14,0.857,3,45,48,41,4,6,11,28,31.0
22020,1610612751,BKN,Brooklyn Nets,0022000086,2021-01-03,BKN vs. WAS,L,241,122,40,81,0.494,14,32,0.438,28,31,0.903,7,44,51,25,5,9,20,24,-1.0
22020,1610612746,LAC,LA Clippers,0022000091,2021-01-03,LAC @ PHX,W,241,112,40,83,0.482,17,29,0.586,15,19,0.789,8,29,37,24,5,2,10,22,5.0
22020,1610612764,WAS,Washington Wizards,0022000086,2021-01-03,WAS @ BKN,W,239,123,43,104,0.413,12,33,0.364,25,34,0.735,13,36,49,27,9,3,7,22,1.0
22020,1610612742,DAL,Dallas Mavericks,0022000090,2021-01-03,DAL @ CHI,L,240,108,39,89,0.438,11,42,0.262,19,27,0.704,11,30,41,23,6,4,15,27,-10.0
22020,1610612747,LAL,Los Angeles Lakers,0022000087,2021-01-03,LAL @ MEM,W,239,108,41,89,0.461,12,35,0.343,14,19,0.737,12,37,49,24,9,5,10,15,14.0
22020,1610612765,DET,Detroit Pistons,0022000085,2021-01-03,DET vs. BOS,L,239,120,41,86,0.477,16,36,0.444,22,25,0.88,8,25,33,29,8,7,9,16,-2.0
22020,1610612743,DEN,Denver Nuggets,0022000088,2021-01-03,DEN @ MIN,W,241,124,45,92,0.489,19,45,0.422,15,21,0.714,13,30,43,34,6,4,15,11,15.0
22020,1610612762,UTA,Utah Jazz,0022000089,2021-01-03,UTA @ SAS,W,241,130,49,89,0.551,21,41,0.512,11,19,0.579,9,48,57,29,4,11,19,18,21.0
22020,1610612756,PHX,Phoenix Suns,0022000091,2021-01-03,PHX vs. LAC,L,240,107,37,75,0.493,10,33,0.303,23,28,0.821,7,33,40,23,4,3,13,22,-5.0
22020,1610612759,SAS,San Antonio Spurs,0022000089,2021-01-03,SAS vs. UTA,L,240,109,44,105,0.419,6,19,0.316,15,21,0.714,14,31,45,23,13,4,7,16,-21.0
22020,1610612750,MIN,Minnesota Timberwolves,0022000088,2021-01-03,MIN vs. DEN,L,240,109,44,85,0.518,10,31,0.323,11,16,0.688,9,27,36,30,11,6,14,17,-15.0
22020,1610612744,GSW,Golden State Warriors,0022000092,2021-01-03,GSW vs. POR,W,239,137,49,88,0.557,13,34,0.382,26,34,0.765,11,42,53,23,4,7,15,24,15.0
22020,1610612763,MEM,Memphis Grizzlies,0022000087,2021-01-03,MEM vs. LAL,L,240,94,39,95,0.411,9,33,0.273,7,8,0.875,14,36,50,23,6,3,11,18,-14.0
22020,1610612738,BOS,Boston Celtics,0022000085,2021-01-03,BOS @ DET,W,241,122,49,87,0.563,15,33,0.455,9,13,0.692,12,29,41,35,4,5,17,22,2.0
22020,1610612741,CHI,Chicago Bulls,0022000090,2021-01-03,CHI vs. DAL,W,240,118,39,85,0.459,13,37,0.351,27,30,0.9,11,37,48,16,11,2,16,24,10.0
22020,1610612757,POR,Portland Trail Blazers,0022000092,2021-01-03,POR @ GSW,L,239,122,41,98,0.418,14,43,0.326,26,33,0.788,12,28,40,16,7,2,12,27,-15.0
22020,1610612739,CLE,Cleveland Cavaliers,0022000083,2021-01-02,CLE @ ATL,W,240,96,38,91,0.418,7,29,0.241,13,17,0.765,15,31,46,19,10,2,15,21,5.0
22020,1610612740,NOP,New Orleans Pelicans,0022000084,2021-01-02,NOP vs. TOR,W,240,120,35,83,0.422,14,38,0.368,36,47,0.766,14,36,50,26,6,7,12,18,4.0
22020,1610612758,SAC,Sacramento Kings,0022000079,2021-01-02,SAC @ HOU,L,240,94,35,90,0.389,9,28,0.321,15,21,0.714,14,33,47,11,5,4,14,21,-8.0
22020,1610612753,ORL,Orlando Magic,0022000081,2021-01-02,ORL vs. OKC,L,240,99,40,108,0.37,10,38,0.263,9,12,0.75,15,40,55,21,7,1,6,18,-9.0
22020,1610612737,ATL,Atlanta Hawks,0022000083,2021-01-02,ATL vs. CLE,L,240,91,35,85,0.412,11,32,0.344,10,19,0.526,15,33,48,22,9,5,20,20,-5.0
22020,1610612752,NYK,New York Knicks,0022000080,2021-01-02,NYK @ IND,W,239,106,42,83,0.506,12,27,0.444,10,13,0.769,10,41,51,23,4,3,15,16,4.0
22020,1610612766,CHA,Charlotte Hornets,0022000082,2021-01-02,CHA @ PHI,L,242,112,38,92,0.413,13,35,0.371,23,26,0.885,14,26,40,34,15,5,12,18,-15.0
22020,1610612755,PHI,Philadelphia 76ers,0022000082,2021-01-02,PHI vs. CHA,W,240,127,47,79,0.595,16,35,0.457,17,24,0.708,7,38,45,35,10,7,21,17,15.0
22020,1610612761,TOR,Toronto Raptors,0022000084,2021-01-02,TOR @ NOP,L,240,116,38,91,0.418,14,48,0.292,26,27,0.963,10,30,40,21,6,4,9,29,-4.0
22020,1610612754,IND,Indiana Pacers,0022000080,2021-01-02,IND vs. NYK,L,239,102,34,84,0.405,19,50,0.38,15,18,0.833,5,27,32,22,6,4,8,21,-4.0
22020,1610612745,HOU,Houston Rockets,0022000079,2021-01-02,HOU vs. SAC,W,239,102,36,81,0.444,13,41,0.317,17,23,0.739,6,42,48,15,10,10,13,22,8.0
22020,1610612760,OKC,Oklahoma City Thunder,0022000081,2021-01-02,OKC @ ORL,W,240,108,38,86,0.442,13,41,0.317,19,21,0.905,6,46,52,22,5,5,10,17,9.0
22020,1610612737,ATL,Atlanta Hawks,0022000072,2021-01-01,ATL @ BKN,W,240,114,43,93,0.462,16,39,0.41,12,14,0.857,10,38,48,24,8,3,9,20,18.0
22020,1610612762,UTA,Utah Jazz,0022000077,2021-01-01,UTA vs. LAC,W,241,106,41,89,0.461,15,42,0.357,9,14,0.643,13,33,46,28,3,3,13,20,6.0
22020,1610612748,MIA,Miami Heat,0022000071,2021-01-01,MIA @ DAL,L,240,83,29,78,0.372,7,33,0.212,18,25,0.72,5,36,41,20,10,2,14,24,-10.0
22020,1610612763,MEM,Memphis Grizzlies,0022000069,2021-01-01,MEM @ CHA,W,240,108,43,90,0.478,14,39,0.359,8,10,0.8,10,38,48,34,10,6,15,18,15.0
22020,1610612766,CHA,Charlotte Hornets,0022000069,2021-01-01,CHA vs. MEM,L,241,93,35,86,0.407,9,31,0.29,14,21,0.667,10,32,42,23,9,4,18,15,-15.0
22020,1610612742,DAL,Dallas Mavericks,0022000071,2021-01-01,DAL vs. MIA,W,240,93,32,78,0.41,12,37,0.324,17,23,0.739,4,45,49,18,9,3,16,25,10.0
22020,1610612756,PHX,Phoenix Suns,0022000076,2021-01-01,PHX @ DEN,W,240,106,37,76,0.487,13,35,0.371,19,21,0.905,8,29,37,24,1,4,17,20,3.0
22020,1610612751,BKN,Brooklyn Nets,0022000072,2021-01-01,BKN vs. ATL,L,240,96,35,86,0.407,7,37,0.189,19,23,0.826,10,35,45,19,6,6,15,16,-18.0
22020,1610612741,CHI,Chicago Bulls,0022000073,2021-01-01,CHI @ MIL,L,241,96,38,87,0.437,6,26,0.231,14,20,0.7,6,36,42,18,10,6,20,21,-30.0
22020,1610612759,SAS,San Antonio Spurs,0022000075,2021-01-01,SAS vs. LAL,L,241,103,36,85,0.424,13,34,0.382,18,26,0.692,8,37,45,23,3,8,13,20,-6.0
22020,1610612757,POR,Portland Trail Blazers,0022000078,2021-01-01,POR @ GSW,W,240,123,40,92,0.435,20,43,0.465,23,30,0.767,8,43,51,23,11,3,10,27,25.0
22020,1610612744,GSW,Golden State Warriors,0022000078,2021-01-01,GSW vs. POR,L,239,98,31,79,0.392,7,35,0.2,29,33,0.879,3,41,44,19,4,9,15,28,-25.0
22020,1610612749,MIL,Milwaukee Bucks,0022000073,2021-01-01,MIL vs. CHI,W,240,126,42,85,0.494,22,45,0.489,20,30,0.667,5,39,44,27,16,6,17,19,30.0
22020,1610612764,WAS,Washington Wizards,0022000074,2021-01-01,WAS @ MIN,W,240,130,49,89,0.551,16,33,0.485,16,21,0.762,8,35,43,35,9,3,16,19,21.0
22020,1610612746,LAC,LA Clippers,0022000077,2021-01-01,LAC @ UTA,L,241,100,33,85,0.388,13,33,0.394,21,24,0.875,12,31,43,19,6,8,8,16,-6.0
22020,1610612743,DEN,Denver Nuggets,0022000076,2021-01-01,DEN vs. PHX,L,242,103,39,86,0.453,12,29,0.414,13,16,0.813,8,30,38,28,7,1,11,25,-3.0
22020,1610612750,MIN,Minnesota Timberwolves,0022000074,2021-01-01,MIN vs. WAS,L,238,109,42,88,0.477,13,36,0.361,12,21,0.571,11,32,43,17,9,3,20,22,-21.0
22020,1610612738,BOS,Boston Celtics,0022000070,2021-01-01,BOS @ DET,L,239,93,39,83,0.47,8,31,0.258,7,14,0.5,7,37,44,20,12,11,19,20,-3.0
22020,1610612747,LAL,Los Angeles Lakers,0022000075,2021-01-01,LAL @ SAS,W,239,109,41,101,0.406,14,33,0.424,13,16,0.813,16,42,58,27,8,7,13,20,6.0
22020,1610612765,DET,Detroit Pistons,0022000070,2021-01-01,DET vs. BOS,W,239,96,36,88,0.409,11,34,0.324,13,20,0.65,12,36,48,18,9,2,19,16,3.0
22020,1610612753,ORL,Orlando Magic,0022000064,2020-12-31,ORL vs. PHI,L,241,92,33,95,0.347,7,28,0.25,19,21,0.905,10,38,48,17,2,5,11,15,-24.0
22020,1610612745,HOU,Houston Rockets,0022000065,2020-12-31,HOU vs. SAC,W,240,122,45,86,0.523,13,36,0.361,19,25,0.76,10,35,45,26,10,6,18,14,3.0
22020,1610612739,CLE,Cleveland Cavaliers,0022000062,2020-12-31,CLE @ IND,L,239,99,37,82,0.451,12,23,0.522,13,24,0.542,11,32,43,22,5,6,18,22,-20.0
22020,1610612741,CHI,Chicago Bulls,0022000063,2020-12-31,CHI @ WAS,W,239,133,50,92,0.543,14,36,0.389,19,25,0.76,9,35,44,34,9,3,15,27,3.0
22020,1610612752,NYK,New York Knicks,0022000066,2020-12-31,NYK @ TOR,L,239,83,32,88,0.364,3,36,0.083,16,20,0.8,9,39,48,21,6,3,15,21,-17.0
22020,1610612754,IND,Indiana Pacers,0022000062,2020-12-31,IND vs. CLE,W,239,119,42,87,0.483,16,35,0.457,19,24,0.792,9,35,44,28,12,1,14,22,20.0
22020,1610612740,NOP,New Orleans Pelicans,0022000067,2020-12-31,NOP @ OKC,W,238,113,44,91,0.484,13,36,0.361,12,19,0.632,14,44,58,23,9,4,13,16,33.0
22020,1610612764,WAS,Washington Wizards,0022000063,2020-12-31,WAS vs. CHI,L,239,130,42,84,0.5,14,29,0.483,32,41,0.78,9,28,37,27,8,4,14,27,-3.0
22020,1610612760,OKC,Oklahoma City Thunder,0022000067,2020-12-31,OKC vs. NOP,L,239,80,30,80,0.375,15,48,0.313,5,15,0.333,7,33,40,24,6,3,19,20,-33.0
22020,1610612758,SAC,Sacramento Kings,0022000065,2020-12-31,SAC @ HOU,L,241,119,45,96,0.469,11,33,0.333,18,24,0.75,14,31,45,23,11,5,15,21,-3.0
22020,1610612762,UTA,Utah Jazz,0022000068,2020-12-31,UTA vs. PHX,L,240,95,35,84,0.417,12,34,0.353,13,19,0.684,10,36,46,16,8,3,13,15,-11.0
22020,1610612755,PHI,Philadelphia 76ers,0022000064,2020-12-31,PHI @ ORL,W,241,116,44,91,0.484,15,33,0.455,13,15,0.867,7,47,54,23,7,10,14,23,24.0
22020,1610612761,TOR,Toronto Raptors,0022000066,2020-12-31,TOR vs. NYK,W,241,100,34,83,0.41,17,52,0.327,15,21,0.714,9,44,53,21,7,6,16,22,17.0
22020,1610612756,PHX,Phoenix Suns,0022000068,2020-12-31,PHX @ UTA,W,240,106,41,84,0.488,17,33,0.515,7,10,0.7,5,36,41,26,5,6,15,17,11.0
22020,1610612751,BKN,Brooklyn Nets,0022000057,2020-12-30,BKN vs. ATL,W,239,145,54,100,0.54,19,41,0.463,18,23,0.783,9,31,40,30,6,3,8,24,4.0
22020,1610612737,ATL,Atlanta Hawks,0022000057,2020-12-30,ATL @ BKN,L,240,141,47,99,0.475,18,46,0.391,29,35,0.829,17,37,54,27,5,2,12,19,-4.0
22020,1610612766,CHA,Charlotte Hornets,0022000059,2020-12-30,CHA @ DAL,W,240,118,43,84,0.512,15,34,0.441,17,21,0.81,12,38,50,30,6,6,23,28,19.0
22020,1610612763,MEM,Memphis Grizzlies,0022000056,2020-12-30,MEM @ BOS,L,241,107,40,93,0.43,9,33,0.273,18,25,0.72,14,32,46,26,8,3,22,13,-19.0
22020,1610612747,LAL,Los Angeles Lakers,0022000060,2020-12-30,LAL @ SAS,W,239,121,46,82,0.561,14,26,0.538,15,20,0.75,7,40,47,25,4,3,17,24,14.0
22020,1610612757,POR,Portland Trail Blazers,0022000061,2020-12-30,POR @ LAC,L,239,105,32,76,0.421,12,38,0.316,29,34,0.853,5,36,41,14,5,4,17,17,-23.0
22020,1610612742,DAL,Dallas Mavericks,0022000059,2020-12-30,DAL vs. CHA,L,241,99,34,87,0.391,12,42,0.286,19,33,0.576,13,26,39,24,10,6,14,16,-19.0
22020,1610612746,LAC,LA Clippers,0022000061,2020-12-30,LAC vs. POR,W,239,128,47,95,0.495,18,38,0.474,16,22,0.727,11,36,47,30,13,6,10,25,23.0
22020,1610612738,BOS,Boston Celtics,0022000056,2020-12-30,BOS vs. MEM,W,239,126,49,91,0.538,16,39,0.41,12,14,0.857,10,32,42,27,17,11,16,21,19.0
22020,1610612749,MIL,Milwaukee Bucks,0022000058,2020-12-30,MIL @ MIA,L,240,108,40,102,0.392,16,41,0.39,12,13,0.923,16,31,47,26,14,6,13,25,-11.0
22020,1610612748,MIA,Miami Heat,0022000058,2020-12-30,MIA vs. MIL,W,240,119,40,82,0.488,15,39,0.385,24,29,0.828,10,42,52,25,5,5,22,18,11.0
22020,1610612759,SAS,San Antonio Spurs,0022000060,2020-12-30,SAS vs. LAL,L,239,107,40,87,0.46,10,24,0.417,17,23,0.739,7,32,39,25,8,4,10,18,-14.0
22020,1610612746,LAC,LA Clippers,0022000054,2020-12-29,LAC vs. MIN,W,241,124,47,88,0.534,16,31,0.516,14,16,0.875,7,39,46,32,6,10,13,21,23.0
22020,1610612758,SAC,Sacramento Kings,0022000055,2020-12-29,SAC vs. DEN,W,240,125,46,94,0.489,16,33,0.485,17,22,0.773,12,25,37,33,9,2,10,18,10.0
22020,1610612760,OKC,Oklahoma City Thunder,0022000052,2020-12-29,OKC vs. ORL,L,240,107,43,87,0.494,11,34,0.324,10,19,0.526,10,37,47,20,3,7,20,18,-11.0
22020,1610612740,NOP,New Orleans Pelicans,0022000053,2020-12-29,NOP @ PHX,L,241,86,37,77,0.481,3,24,0.125,9,18,0.5,7,34,41,18,8,3,16,14,-25.0
22020,1610612744,GSW,Golden State Warriors,0022000047,2020-12-29,GSW @ DET,W,241,116,38,76,0.5,14,33,0.424,26,36,0.722,4,36,40,21,8,8,19,28,10.0
22020,1610612765,DET,Detroit Pistons,0022000047,2020-12-29,DET vs. GSW,L,239,106,35,92,0.38,13,35,0.371,23,29,0.793,16,29,45,21,8,6,15,26,-10.0
22020,1610612756,PHX,Phoenix Suns,0022000053,2020-12-29,PHX vs. NOP,W,239,111,37,84,0.44,19,47,0.404,18,19,0.947,12,31,43,24,7,4,10,18,25.0
22020,1610612741,CHI,Chicago Bulls,0022000050,2020-12-29,CHI @ WAS,W,239,115,38,87,0.437,15,36,0.417,24,32,0.75,5,32,37,26,7,1,14,23,8.0
22020,1610612752,NYK,New York Knicks,0022000046,2020-12-29,NYK @ CLE,W,240,95,34,79,0.43,14,25,0.56,13,21,0.619,14,41,55,23,9,6,25,21,9.0
22020,1610612753,ORL,Orlando Magic,0022000052,2020-12-29,ORL @ OKC,W,240,118,49,96,0.51,7,22,0.318,13,16,0.813,12,34,46,26,12,2,11,23,11.0
22020,1610612739,CLE,Cleveland Cavaliers,0022000046,2020-12-29,CLE vs. NYK,L,240,86,32,88,0.364,7,32,0.219,15,22,0.682,14,29,43,22,13,10,13,17,-9.0
22020,1610612749,MIL,Milwaukee Bucks,0022000051,2020-12-29,MIL @ MIA,W,239,144,51,92,0.554,29,51,0.569,13,15,0.867,10,35,45,32,14,2,17,22,47.0
22020,1610612748,MIA,Miami Heat,0022000051,2020-12-29,MIA vs. MIL,L,240,97,37,79,0.468,11,37,0.297,12,18,0.667,3,27,30,23,9,6,21,18,-47.0
22020,1610612755,PHI,Philadelphia 76ers,0022000049,2020-12-29,PHI vs. TOR,W,241,100,32,84,0.381,8,31,0.258,28,33,0.848,9,45,54,21,10,10,18,15,7.0
22020,1610612764,WAS,Washington Wizards,0022000050,2020-12-29,WAS vs. CHI,L,240,107,37,84,0.44,10,37,0.27,23,26,0.885,8,39,47,25,6,6,19,28,-8.0
22020,1610612738,BOS,Boston Celtics,0022000048,2020-12-29,BOS @ IND,W,239,116,40,80,0.5,9,22,0.409,27,37,0.73,12,31,43,21,10,3,14,16,5.0
22020,1610612761,TOR,Toronto Raptors,0022000049,2020-12-29,TOR @ PHI,L,241,93,32,90,0.356,17,45,0.378,12,14,0.857,10,37,47,21,12,7,19,28,-7.0
22020,1610612750,MIN,Minnesota Timberwolves,0022000054,2020-12-29,MIN @ LAC,L,240,101,37,89,0.416,13,38,0.342,14,17,0.824,11,28,39,22,7,6,14,15,-23.0
22020,1610612754,IND,Indiana Pacers,0022000048,2020-12-29,IND vs. BOS,L,241,111,43,84,0.512,12,33,0.364,13,16,0.813,4,32,36,27,9,5,14,25,-5.0
22020,1610612743,DEN,Denver Nuggets,0022000055,2020-12-29,DEN @ SAC,L,240,115,44,81,0.543,11,28,0.393,16,20,0.8,7,32,39,27,7,5,19,18,-10.0
22020,1610612747,LAL,Los Angeles Lakers,0022000045,2020-12-28,LAL vs. POR,L,240,107,41,87,0.471,10,27,0.37,15,18,0.833,6,35,41,20,6,5,14,14,-8.0
22020,1610612737,ATL,Atlanta Hawks,0022000041,2020-12-28,ATL vs. DET,W,240,128,40,82,0.488,20,42,0.476,28,32,0.875,8,37,45,30,5,7,13,22,8.0
22020,1610612765,DET,Detroit Pistons,0022000041,2020-12-28,DET @ ATL,L,240,120,43,98,0.439,13,41,0.317,21,24,0.875,17,31,48,24,7,4,8,25,-8.0
22020,1610612745,HOU,Houston Rockets,0022000044,2020-12-28,HOU @ DEN,L,240,111,39,86,0.453,16,39,0.41,17,23,0.739,5,33,38,25,8,3,15,25,-13.0
22020,1610612743,DEN,Denver Nuggets,0022000044,2020-12-28,DEN vs. HOU,W,242,124,46,87,0.529,14,31,0.452,18,32,0.563,11,41,52,31,8,7,14,18,13.0
22020,1610612762,UTA,Utah Jazz,0022000043,2020-12-28,UTA @ OKC,W,240,110,43,86,0.5,13,36,0.361,11,14,0.786,8,35,43,24,9,6,16,19,1.0
22020,1610612757,POR,Portland Trail Blazers,0022000045,2020-12-28,POR @ LAL,W,241,115,43,92,0.467,16,46,0.348,13,15,0.867,7,38,45,27,9,6,9,16,8.0
22020,1610612760,OKC,Oklahoma City Thunder,0022000043,2020-12-28,OKC vs. UTA,L,239,109,40,86,0.465,15,38,0.395,14,19,0.737,7,30,37,21,9,5,15,16,-1.0
22020,1610612751,BKN,Brooklyn Nets,0022000042,2020-12-28,BKN vs. MEM,L,266,111,41,100,0.41,14,42,0.333,15,17,0.882,13,37,50,28,13,6,17,20,-5.0
22020,1610612763,MEM,Memphis Grizzlies,0022000042,2020-12-28,MEM @ BKN,W,266,116,42,98,0.429,10,29,0.345,22,29,0.759,16,40,56,20,10,4,19,17,5.0
22020,1610612766,CHA,Charlotte Hornets,0022000032,2020-12-27,CHA vs. BKN,W,241,106,43,96,0.448,10,34,0.294,10,17,0.588,13,39,52,35,8,3,12,25,2.0
22020,1610612756,PHX,Phoenix Suns,0022000039,2020-12-27,PHX @ SAC,W,239,116,46,94,0.489,14,35,0.4,10,11,0.909,8,36,44,34,6,3,9,20,16.0
22020,1610612759,SAS,San Antonio Spurs,0022000034,2020-12-27,SAS @ NOP,L,239,95,38,89,0.427,11,36,0.306,8,8,1.0,4,43,47,26,5,10,15,23,-3.0
22020,1610612741,CHI,Chicago Bulls,0022000038,2020-12-27,CHI vs. GSW,L,239,128,44,86,0.512,17,41,0.415,23,31,0.742,7,47,54,27,4,6,24,21,-1.0
22020,1610612752,NYK,New York Knicks,0022000036,2020-12-27,NYK vs. MIL,W,239,130,46,85,0.541,16,27,0.593,22,27,0.815,8,38,46,27,5,4,15,23,20.0
22020,1610612754,IND,Indiana Pacers,0022000037,2020-12-27,IND vs. BOS,W,240,108,45,88,0.511,7,26,0.269,11,15,0.733,8,29,37,23,11,7,16,20,1.0
22020,1610612744,GSW,Golden State Warriors,0022000038,2020-12-27,GSW @ CHI,W,239,129,42,104,0.404,18,47,0.383,27,30,0.9,10,31,41,25,17,4,12,23,1.0
22020,1610612750,MIN,Minnesota Timberwolves,0022000040,2020-12-27,MIN @ LAL,L,240,91,38,103,0.369,6,35,0.171,9,14,0.643,17,31,48,24,11,6,17,24,-36.0
22020,1610612753,ORL,Orlando Magic,0022000033,2020-12-27,ORL @ WAS,W,240,120,37,85,0.435,9,25,0.36,37,38,0.974,11,34,45,19,6,3,10,14,7.0
22020,1610612758,SAC,Sacramento Kings,0022000039,2020-12-27,SAC vs. PHX,L,241,100,36,76,0.474,10,23,0.435,18,25,0.72,3,36,39,21,5,4,15,23,-16.0
22020,1610612738,BOS,Boston Celtics,0022000037,2020-12-27,BOS @ IND,L,241,107,40,79,0.506,9,23,0.391,18,24,0.75,6,34,40,21,13,7,18,17,-1.0
22020,1610612740,NOP,New Orleans Pelicans,0022000034,2020-12-27,NOP vs. SAS,W,239,98,36,94,0.383,5,24,0.208,21,29,0.724,13,43,56,15,11,4,8,16,3.0
22020,1610612739,CLE,Cleveland Cavaliers,0022000035,2020-12-27,CLE vs. PHI,W,240,118,48,91,0.527,9,23,0.391,13,16,0.813,11,34,45,31,13,6,16,22,24.0
22020,1610612747,LAL,Los Angeles Lakers,0022000040,2020-12-27,LAL vs. MIN,W,242,127,50,90,0.556,13,35,0.371,14,18,0.778,5,41,46,32,6,14,17,19,36.0
22020,1610612742,DAL,Dallas Mavericks,0022000031,2020-12-27,DAL @ LAC,W,241,124,43,87,0.494,14,41,0.341,24,27,0.889,11,43,54,25,10,2,6,14,51.0
22020,1610612746,LAC,LA Clippers,0022000031,2020-12-27,LAC vs. DAL,L,241,73,26,76,0.342,4,33,0.121,17,20,0.85,5,31,36,13,2,2,12,19,-51.0
22020,1610612751,BKN,Brooklyn Nets,0022000032,2020-12-27,BKN @ CHA,L,239,104,35,82,0.427,17,47,0.362,17,25,0.68,6,40,46,23,4,5,19,17,-2.0
22020,1610612764,WAS,Washington Wizards,0022000033,2020-12-27,WAS vs. ORL,L,239,113,47,97,0.485,8,32,0.25,11,13,0.846,13,34,47,27,6,4,13,26,-7.0
22020,1610612755,PHI,Philadelphia 76ers,0022000035,2020-12-27,PHI @ CLE,L,238,94,33,79,0.418,12,37,0.324,16,22,0.727,8,31,39,24,9,5,21,19,-24.0
22020,1610612749,MIL,Milwaukee Bucks,0022000036,2020-12-27,MIL @ NYK,L,241,110,41,95,0.432,7,38,0.184,21,29,0.724,17,27,44,24,7,5,11,21,-20.0
22020,1610612754,IND,Indiana Pacers,0022000026,2020-12-26,IND @ CHI,W,239,125,52,93,0.559,9,26,0.346,12,19,0.632,9,40,49,34,15,4,16,26,19.0
22020,1610612759,SAS,San Antonio Spurs,0022000027,2020-12-26,SAS vs. TOR,W,240,119,47,100,0.47,14,34,0.412,11,16,0.688,14,39,53,36,4,3,16,20,5.0
22020,1610612766,CHA,Charlotte Hornets,0022000022,2020-12-26,CHA vs. OKC,L,239,107,37,93,0.398,13,32,0.406,20,32,0.625,13,34,47,27,11,8,13,22,-2.0
22020,1610612764,WAS,Washington Wizards,0022000024,2020-12-26,WAS vs. ORL,L,240,120,46,95,0.484,13,37,0.351,15,28,0.536,7,36,43,28,5,3,14,25,-10.0
22020,1610612763,MEM,Memphis Grizzlies,0022000021,2020-12-26,MEM vs. ATL,L,240,112,37,93,0.398,13,43,0.302,25,29,0.862,9,37,46,20,5,6,10,27,-10.0
22020,1610612753,ORL,Orlando Magic,0022000024,2020-12-26,ORL @ WAS,W,240,130,48,95,0.505,11,31,0.355,23,29,0.793,11,43,54,25,8,0,13,21,10.0
22020,1610612761,TOR,Toronto Raptors,0022000027,2020-12-26,TOR @ SAS,L,240,114,44,96,0.458,15,41,0.366,11,15,0.733,10,36,46,32,8,9,11,23,-5.0
22020,1610612758,SAC,Sacramento Kings,0022000030,2020-12-26,SAC vs. PHX,W,240,106,39,86,0.453,5,23,0.217,23,33,0.697,15,41,56,20,4,9,18,22,3.0
22020,1610612752,NYK,New York Knicks,0022000025,2020-12-26,NYK vs. PHI,L,240,89,32,83,0.386,8,29,0.276,17,23,0.739,13,30,43,19,6,4,16,23,-20.0
22020,1610612757,POR,Portland Trail Blazers,0022000029,2020-12-26,POR vs. HOU,W,264,128,47,102,0.461,19,45,0.422,15,23,0.652,11,34,45,27,10,5,13,20,2.0
22020,1610612750,MIN,Minnesota Timberwolves,0022000028,2020-12-26,MIN @ UTA,W,241,116,45,101,0.446,13,29,0.448,13,18,0.722,12,28,40,21,9,5,9,28,5.0
22020,1610612745,HOU,Houston Rockets,0022000029,2020-12-26,HOU @ POR,L,266,126,45,87,0.517,11,35,0.314,25,32,0.781,10,32,42,27,5,5,16,22,-2.0
22020,1610612737,ATL,Atlanta Hawks,0022000021,2020-12-26,ATL @ MEM,W,239,122,38,89,0.427,13,36,0.361,33,38,0.868,13,41,54,23,4,5,15,20,10.0
22020,1610612762,UTA,Utah Jazz,0022000028,2020-12-26,UTA vs. MIN,L,240,111,36,94,0.383,10,34,0.294,29,37,0.784,19,38,57,15,5,4,18,20,-5.0
22020,1610612756,PHX,Phoenix Suns,0022000030,2020-12-26,PHX @ SAC,L,240,103,41,98,0.418,11,44,0.25,10,13,0.769,10,30,40,25,8,5,11,23,-3.0
22020,1610612741,CHI,Chicago Bulls,0022000026,2020-12-26,CHI vs. IND,L,240,106,34,91,0.374,16,39,0.41,22,25,0.88,13,28,41,23,7,7,20,16,-19.0
22020,1610612755,PHI,Philadelphia 76ers,0022000025,2020-12-26,PHI @ NYK,W,241,109,41,88,0.466,11,31,0.355,16,22,0.727,12,35,47,20,9,6,12,19,20.0
22020,1610612760,OKC,Oklahoma City Thunder,0022000022,2020-12-26,OKC @ CHA,W,240,109,40,88,0.455,10,36,0.278,19,24,0.792,9,45,54,25,10,7,16,21,2.0
22020,1610612765,DET,Detroit Pistons,0022000023,2020-12-26,DET vs. CLE,L,291,119,40,98,0.408,16,45,0.356,23,32,0.719,10,47,57,24,9,5,22,20,-9.0
22020,1610612739,CLE,Cleveland Cavaliers,0022000023,2020-12-26,CLE @ DET,W,291,128,48,99,0.485,13,30,0.433,19,30,0.633,7,44,51,29,13,4,18,24,9.0
22020,1610612743,DEN,Denver Nuggets,0022000009,2020-12-25,DEN vs. LAC,L,238,108,37,81,0.457,11,36,0.306,23,31,0.742,10,22,32,25,7,1,13,20,-13.0
22020,1610612749,MIL,Milwaukee Bucks,0022000006,2020-12-25,MIL vs. GSW,W,241,138,50,90,0.556,20,36,0.556,18,26,0.692,11,49,60,25,6,4,17,17,39.0
22020,1610612746,LAC,LA Clippers,0022000009,2020-12-25,LAC @ DEN,W,239,121,41,74,0.554,19,38,0.5,20,24,0.833,9,29,38,32,9,4,18,32,13.0
22020,1610612744,GSW,Golden State Warriors,0022000006,2020-12-25,GSW @ MIL,L,241,99,34,99,0.343,10,45,0.222,21,25,0.84,10,33,43,14,5,6,11,22,-39.0
22020,1610612751,BKN,Brooklyn Nets,0022000007,2020-12-25,BKN @ BOS,W,241,123,41,76,0.539,15,29,0.517,26,31,0.839,9,34,43,21,5,10,15,22,28.0
22020,1610612742,DAL,Dallas Mavericks,0022000008,2020-12-25,DAL @ LAL,L,239,115,41,83,0.494,13,32,0.406,20,26,0.769,3,24,27,20,13,3,9,22,-23.0
22020,1610612740,NOP,New Orleans Pelicans,0022000005,2020-12-25,NOP @ MIA,L,238,98,31,78,0.397,10,35,0.286,26,33,0.788,11,30,41,18,8,2,19,20,-13.0
22020,1610612747,LAL,Los Angeles Lakers,0022000008,2020-12-25,LAL vs. DAL,W,237,138,51,91,0.56,19,39,0.487,17,24,0.708,17,36,53,33,9,4,16,23,23.0
22020,1610612748,MIA,Miami Heat,0022000005,2020-12-25,MIA vs. NOP,W,237,111,38,75,0.507,16,37,0.432,19,23,0.826,4,31,35,29,11,2,17,25,13.0
22020,1610612738,BOS,Boston Celtics,0022000007,2020-12-25,BOS vs. BKN,L,241,95,37,98,0.378,8,27,0.296,13,19,0.684,20,27,47,23,6,5,15,27,-28.0
22020,1610612763,MEM,Memphis Grizzlies,0022000017,2020-12-23,MEM vs. SAS,L,242,119,49,95,0.516,10,27,0.37,11,18,0.611,5,37,42,27,6,8,11,20,-12.0
22020,1610612765,DET,Detroit Pistons,0022000018,2020-12-23,DET @ MIN,L,240,101,45,93,0.484,8,35,0.229,3,8,0.375,7,37,44,29,5,2,12,20,-10.0
22020,1610612762,UTA,Utah Jazz,0022000020,2020-12-23,UTA @ POR,W,241,120,43,94,0.457,19,50,0.38,15,19,0.789,12,47,59,24,3,3,11,16,20.0
22020,1610612761,TOR,Toronto Raptors,0022000014,2020-12-23,TOR vs. NOP,L,241,99,38,89,0.427,14,46,0.304,9,12,0.75,7,28,35,26,10,5,20,22,-14.0
22020,1610612737,ATL,Atlanta Hawks,0022000015,2020-12-23,ATL @ CHI,W,239,124,43,80,0.538,14,35,0.4,24,29,0.828,8,38,46,24,6,3,21,29,20.0
22020,1610612764,WAS,Washington Wizards,0022000013,2020-12-23,WAS @ PHI,L,241,107,39,85,0.459,13,27,0.481,16,23,0.696,5,35,40,28,7,4,19,26,-6.0
22020,1610612758,SAC,Sacramento Kings,0022000019,2020-12-23,SAC @ DEN,W,265,124,45,102,0.441,10,31,0.323,24,31,0.774,18,36,54,27,5,7,14,29,2.0
22020,1610612759,SAS,San Antonio Spurs,0022000017,2020-12-23,SAS @ MEM,W,240,131,48,95,0.505,10,25,0.4,25,29,0.862,8,40,48,28,8,8,10,18,12.0
22020,1610612766,CHA,Charlotte Hornets,0022000010,2020-12-23,CHA @ CLE,L,240,114,45,90,0.5,16,44,0.364,8,15,0.533,8,24,32,29,10,4,15,17,-7.0
22020,1610612755,PHI,Philadelphia 76ers,0022000013,2020-12-23,PHI vs. WAS,W,239,113,41,87,0.471,8,28,0.286,23,30,0.767,10,37,47,22,11,8,16,25,6.0
22020,1610612738,BOS,Boston Celtics,0022000003,2020-12-23,BOS vs. MIL,W,240,122,48,101,0.475,18,40,0.45,8,11,0.727,10,27,37,23,8,6,6,17,1.0
22020,1610612739,CLE,Cleveland Cavaliers,0022000010,2020-12-23,CLE vs. CHA,W,241,121,46,87,0.529,14,30,0.467,15,20,0.75,10,40,50,34,12,3,18,22,7.0
22020,1610612756,PHX,Phoenix Suns,0022000004,2020-12-23,PHX vs. DAL,W,241,106,38,79,0.481,11,30,0.367,19,27,0.704,6,42,48,21,7,7,18,26,4.0
22020,1610612752,NYK,New York Knicks,0022000011,2020-12-23,NYK @ IND,L,239,107,39,85,0.459,12,28,0.429,17,23,0.739,5,35,40,25,8,8,16,27,-14.0
22020,1610612742,DAL,Dallas Mavericks,0022000004,2020-12-23,DAL @ PHX,L,241,102,36,85,0.424,9,37,0.243,21,26,0.808,6,33,39,17,6,0,11,23,-4.0
22020,1610612748,MIA,Miami Heat,0022000012,2020-12-23,MIA @ ORL,L,241,107,42,83,0.506,7,20,0.35,16,19,0.842,7,36,43,25,11,2,22,21,-6.0
22020,1610612750,MIN,Minnesota Timberwolves,0022000018,2020-12-23,MIN vs. DET,W,241,111,38,88,0.432,11,41,0.268,24,28,0.857,12,36,48,25,6,5,11,16,10.0
22020,1610612749,MIL,Milwaukee Bucks,0022000003,2020-12-23,MIL @ BOS,L,239,121,46,90,0.511,14,35,0.4,15,18,0.833,11,41,52,19,4,6,16,20,-1.0
22020,1610612740,NOP,New Orleans Pelicans,0022000014,2020-12-23,NOP @ TOR,W,241,113,42,80,0.525,19,42,0.452,10,20,0.5,8,37,45,30,13,7,24,17,14.0
22020,1610612754,IND,Indiana Pacers,0022000011,2020-12-23,IND vs. NYK,W,239,121,46,94,0.489,8,34,0.235,21,29,0.724,10,40,50,28,6,9,13,24,14.0
22020,1610612753,ORL,Orlando Magic,0022000012,2020-12-23,ORL vs. MIA,W,241,113,42,88,0.477,10,28,0.357,19,30,0.633,11,30,41,23,15,3,17,19,6.0
22020,1610612743,DEN,Denver Nuggets,0022000019,2020-12-23,DEN vs. SAC,L,265,122,47,98,0.48,8,29,0.276,20,24,0.833,10,36,46,28,6,11,15,25,-2.0
22020,1610612757,POR,Portland Trail Blazers,0022000020,2020-12-23,POR vs. UTA,L,239,100,37,92,0.402,12,33,0.364,14,17,0.824,6,34,40,23,6,3,6,18,-20.0
22020,1610612741,CHI,Chicago Bulls,0022000015,2020-12-23,CHI vs. ATL,L,240,104,36,87,0.414,8,35,0.229,24,28,0.857,8,29,37,20,10,3,15,22,-20.0
22020,1610612751,BKN,Brooklyn Nets,0022000001,2020-12-22,BKN vs. GSW,W,242,125,42,92,0.457,15,35,0.429,26,32,0.813,13,44,57,24,11,7,20,22,26.0
22020,1610612746,LAC,LA Clippers,0022000002,2020-12-22,LAC @ LAL,W,241,116,44,93,0.473,14,40,0.35,14,19,0.737,11,29,40,22,10,3,16,29,7.0
22020,1610612744,GSW,Golden State Warriors,0022000001,2020-12-22,GSW @ BKN,L,240,99,37,99,0.374,10,33,0.303,15,23,0.652,13,34,47,26,6,6,18,24,-26.0
22020,1610612747,LAL,Los Angeles Lakers,0022000002,2020-12-22,LAL vs. LAC,L,240,109,38,81,0.469,9,29,0.31,24,31,0.774,8,37,45,22,4,2,19,20,-7.0
